OM,w,wa,Ode,Ok
0.31076598425758817,-0.8203589841326194,0.4633641817108396,0.6892340157424118,0.0
0.40009266739024696,-0.39158173413465514,-1.5966527726033504,0.599907332609753,0.0
0.31555955223053805,-0.9629660928989314,-0.19382054683956995,0.6844404477694619,0.0
0.3220112575849138,-0.9760137411869493,0.15853957596525126,0.6779887424150862,0.0
0.2732383748702591,-1.1185840954884307,1.0610072868582765,0.7267616251297409,0.0
0.38463633578690143,-0.5524677532415145,-0.9652858931141335,0.6153636642130986,0.0
0.31076598425758817,-0.8203589841326194,0.4633641817108396,0.6892340157424118,0.0
0.40009266739024696,-0.39158173413465514,-1.5966527726033504,0.599907332609753,0.0
0.3195860669607675,-0.9357496874365233,-0.2606408055086922,0.6804139330392325,0.0
0.3220112575849138,-0.9760137411869493,0.15853957596525126,0.6779887424150862,0.0
0.2732383748702591,-1.1185840954884307,1.0610072868582765,0.7267616251297409,0.0
0.4070044227408318,-0.40118788646362125,-1.3666878000679432,0.5929955772591682,0.0
0.32651105661577096,-0.7447810203036649,0.10025749435527209,0.673488943384229,0.0
0.4021415706787796,-0.3506991293641842,-1.796079301840583,0.5978584293212204,0.0
0.35257486416377665,-0.7340237376927747,-0.6780263725892588,0.6474251358362233,0.0
0.3220112575849138,-0.9760137411869493,0.15853957596525126,0.6779887424150862,0.0
0.2819437959638711,-1.072463160071535,0.8988708222794259,0.7180562040361289,0.0
0.3963443057732389,-0.4663743255578896,-1.2318123470987739,0.603655694226761,0.0
0.31161888102714913,-0.8542761943686301,0.3671145937797382,0.6883811189728508,0.0
0.37870229493696694,-0.4531306203865567,-1.7074968684974818,0.6212977050630331,0.0
0.31152057258843935,-1.051517502051732,0.24801600911004762,0.6884794274115607,0.0
0.32389562553110723,-0.9980874535661711,0.12072030760428218,0.6761043744688928,0.0
0.2819437959638711,-1.072463160071535,0.8988708222794259,0.7180562040361289,0.0
0.4326828747233991,-0.21723121228697928,-1.9115019394486965,0.5673171252766009,0.0
0.31161888102714913,-0.8542761943686301,0.3671145937797382,0.6883811189728508,0.0
0.362633199630547,-0.5962578802341878,-1.2397606791781925,0.637366800369453,0.0
0.2982449841890928,-1.1697630257872436,0.6344393273164517,0.7017550158109072,0.0
0.32389562553110723,-0.9980874535661711,0.12072030760428218,0.6761043744688928,0.0
0.2835077731235453,-1.063233023930506,0.8574184051187224,0.7164922268764546,0.0
0.4310988459577594,-0.22621834434147448,-1.8819693767358152,0.5689011540422406,0.0
0.31353904944988176,-0.8400031067615923,0.333623708279709,0.6864609505501182,0.0
0.36244114367437635,-0.5973913383612364,-1.234670333987318,0.6375588563256236,0.0
0.2982449841890928,-1.1697630257872436,0.6344393273164517,0.7017550158109072,0.0
0.37409673946491084,-0.636636660017631,-0.8170990285825206,0.6259032605350892,0.0
0.2835077731235453,-1.063233023930506,0.8574184051187224,0.7164922268764546,0.0
0.4310988459577594,-0.22621834434147448,-1.8819693767358152,0.5689011540422406,0.0
0.31353904944988176,-0.8400031067615923,0.333623708279709,0.6864609505501182,0.0
0.36244114367437635,-0.5973913383612364,-1.234670333987318,0.6375588563256236,0.0
0.2982449841890928,-1.1697630257872436,0.6344393273164517,0.7017550158109072,0.0
0.3416484265299761,-0.8702663056687008,-0.21092412702259278,0.6583515734700238,0.0
0.2793409270019476,-1.0878245320245739,0.9678585369381076,0.7206590729980524,0.0
0.3667156964726917,-0.6834754948874058,-0.6624766529139665,0.6332843035273084,0.0
0.31353904944988176,-0.8400031067615923,0.333623708279709,0.6864609505501182,0.0
0.36244114367437635,-0.5973913383612364,-1.234670333987318,0.6375588563256236,0.0
0.3287351717659457,-0.953217914177936,0.0569192433298934,0.6712648282340543,0.0
0.33958410666997724,-0.8973575804836931,-0.10928567294469582,0.6604158933300228,0.0
0.29196283891491953,-1.053427956442115,0.7350825206851346,0.7080371610850804,0.0
0.3667156964726917,-0.6834754948874058,-0.6624766529139665,0.6332843035273084,0.0
0.30318107582238174,-0.9424608094643846,0.5263498491692201,0.6968189241776183,0.0
0.3628007700153046,-0.5935948417103277,-1.2484509671324917,0.6371992299846954,0.0
0.3368941311300321,-0.8670855640817112,-0.2557264476188037,0.6631058688699679,0.0
0.3355352301659106,-0.929288750044284,-0.02665909327718441,0.6644647698340894,0.0
0.29196283891491953,-1.053427956442115,0.7350825206851346,0.7080371610850804,0.0
0.3667125128834082,-0.6834113813739872,-0.6629028096973971,0.6332874871165918,0.0
0.30318107582238174,-0.9424608094643846,0.5263498491692201,0.6968189241776183,0.0
0.3658656794864122,-0.5612392625490095,-1.365896182450946,0.6341343205135879,0.0
0.32471414648027713,-0.894317427920648,0.026825139678409327,0.6752858535197228,0.0
0.3435422770642903,-0.9260289121760109,-0.16351844340504118,0.6564577229357097,0.0
0.29196283891491953,-1.053427956442115,0.7350825206851346,0.7080371610850804,0.0
0.3574635636702721,-0.7211239708404994,-0.48977061007662004,0.6425364363297279,0.0
0.3144902126929405,-0.8305945096475397,0.31592584306175164,0.6855097873070595,0.0
0.3616578661638554,-0.6413101661575608,-0.9271289794819461,0.6383421338361446,0.0
0.336406457257589,-0.9140103298510373,-0.09137864682859989,0.663593542742411,0.0
0.34976575400951143,-0.9365108710875115,-0.22643488089759128,0.6502342459904886,0.0
0.2812049942909679,-1.1598410528490515,0.9352488807498665,0.7187950057090321,0.0
0.3553764470113492,-0.7608399239985341,-0.27213777598758826,0.6446235529886508,0.0
0.3291602907680039,-0.8746420631012727,0.0903736936580547,0.6708397092319961,0.0
0.3616578661638554,-0.6413101661575608,-0.9271289794819461,0.6383421338361446,0.0
0.332691210256334,-0.907752884574706,-0.0538192394778049,0.667308789743666,0.0
0.34976575400951143,-0.9365108710875115,-0.22643488089759128,0.6502342459904886,0.0
0.300021634325916,-1.0985476299582047,0.616422408185962,0.699978365674084,0.0
0.35378333766957315,-0.7635578725668402,-0.24922420469192352,0.6462166623304268,0.0
0.3091137474063197,-0.9755037997240572,0.34655471161206053,0.6908862525936803,0.0
0.3962352647630555,-0.38480386184791815,-1.7930480987764703,0.6037647352369445,0.0
0.31183074854042403,-1.0794283961965023,0.5171408183316633,0.688169251459576,0.0
0.3474321669263964,-0.9441123100092494,-0.186894913254675,0.6525678330736036,0.0
0.3257269957604043,-0.907856961208568,-0.027314970455776022,0.6742730042395957,0.0
0.3608765468118387,-0.7150655911860015,-0.3149382153531185,0.6391234531881613,0.0
0.3091137474063197,-0.9755037997240572,0.34655471161206053,0.6908862525936803,0.0
0.3962352647630555,-0.38480386184791815,-1.7930480987764703,0.6037647352369445,0.0
0.3325230308605772,-0.925704768608317,0.16608904866925167,0.6674769691394228,0.0
0.3474321669263964,-0.9441123100092494,-0.186894913254675,0.6525678330736036,0.0
0.33224726067358734,-0.9187481205959992,-0.07525301682832393,0.6677527393264127,0.0
0.3681143333512814,-0.6474623510913198,-0.6175013295706286,0.6318856666487186,0.0
0.25831527601553717,-1.2579417429489919,1.176590082325389,0.7416847239844628,0.0
0.3962352647630555,-0.38480386184791815,-1.7930480987764703,0.6037647352369445,0.0
0.3325230308605772,-0.925704768608317,0.16608904866925167,0.6674769691394228,0.0
0.3474321669263964,-0.9441123100092494,-0.186894913254675,0.6525678330736036,0.0
0.33224726067358734,-0.9187481205959992,-0.07525301682832393,0.6677527393264127,0.0
0.3681143333512814,-0.6474623510913198,-0.6175013295706286,0.6318856666487186,0.0
0.25831527601553717,-1.2579417429489919,1.176590082325389,0.7416847239844628,0.0
0.3962352647630555,-0.38480386184791815,-1.7930480987764703,0.6037647352369445,0.0
0.3325230308605772,-0.925704768608317,0.16608904866925167,0.6674769691394228,0.0
0.3295433969756012,-1.0071084768668106,0.08680257740049613,0.6704566030243988,0.0
0.34491633686840506,-0.8229237382911119,-0.2667876104757155,0.6550836631315949,0.0
0.3681143333512814,-0.6474623510913198,-0.6175013295706286,0.6318856666487186,0.0
0.25831527601553717,-1.2579417429489919,1.176590082325389,0.7416847239844628,0.0
0.3962352647630555,-0.38480386184791815,-1.7930480987764703,0.6037647352369445,0.0
0.3325230308605772,-0.925704768608317,0.16608904866925167,0.6674769691394228,0.0
0.33004909491187245,-0.9932927904904698,0.10025893024203378,0.6699509050881276,0.0
0.34491633686840506,-0.8229237382911119,-0.2667876104757155,0.6550836631315949,0.0
0.35880909659963844,-0.7178438493328143,-0.4768221898597356,0.6411909034003616,0.0
0.2619742542923052,-1.2423758591438983,1.13132086379198,0.7380257457076949,0.0
0.40159013391769,-0.3355733564077191,-1.9462283089735513,0.5984098660823101,0.0
0.32842677666811537,-0.9596761097562297,0.3091640948854483,0.6715732233318846,0.0
0.31041770819002734,-1.1737758355284602,0.6618300644143416,0.6895822918099727,0.0
0.34491633686840506,-0.8229237382911119,-0.2667876104757155,0.6550836631315949,0.0
0.35528601146460126,-0.751586200275272,-0.4061300550673369,0.6447139885353987,0.0
0.21385855188818392,-1.3105117589532904,1.5976352523576902,0.7861414481118161,0.0
0.40159013391769,-0.3355733564077191,-1.9462283089735513,0.5984098660823101,0.0
0.3143316093751603,-1.0688773624476775,0.6845355745143359,0.6856683906248398,0.0
0.2910266223260872,-1.2012352514281557,0.8497591997374065,0.7089733776739128,0.0
0.35786205426031925,-0.691265400809371,-0.6152542726244572,0.6421379457396807,0.0
0.3485097494584162,-0.8040847825383376,-0.2256699411326809,0.6514902505415838,0.0
0.21385855188818392,-1.3105117589532904,1.5976352523576902,0.7861414481118161,0.0
0.3890656854354988,-0.4006160394980509,-1.7098006598695679,0.6109343145645012,0.0
0.3342689604781876,-0.8959275504311102,0.08921966145801452,0.6657310395218123,0.0
0.2606957981970478,-1.4153826490922423,1.38321303143343,0.7393042018029522,0.0
0.3698018507204111,-0.5876916841898441,-0.9717685755835372,0.630198149279589,0.0
0.3457583222669699,-0.8372759927465494,-0.1110551006486793,0.6542416777330301,0.0
0.27913810501768904,-1.0762989225385,0.7519738659835709,0.7208618949823109,0.0
0.386178836687878,-0.42649581697411737,-1.6166767156492847,0.613821163312122,0.0
0.3321293774372398,-0.9110338376310847,0.12685031621930976,0.6678706225627602,0.0
0.2597146247043541,-1.4223101150003041,1.4004697586825556,0.740285375295646,0.0
0.36159081842458823,-0.6729264625235717,-0.6778289338281459,0.6384091815754118,0.0
0.3470824507622399,-0.8235308514885946,-0.15845643114104402,0.6529175492377601,0.0
0.27913810501768904,-1.0762989225385,0.7519738659835709,0.7208618949823109,0.0
0.389467622193684,-0.3881314299121118,-1.7603641226139237,0.610532377806316,0.0
0.3169310463171445,-0.9999720330432083,0.4168366168903786,0.6830689536828555,0.0
0.28439502499084734,-1.2557361534175637,0.9569124953307051,0.7156049750091527,0.0
0.3634968811526693,-0.6575216629698588,-0.7298891547533313,0.6365031188473307,0.0
0.3572370825660815,-0.7641075753030863,-0.3522082377179721,0.6427629174339184,0.0
0.2805996446667131,-1.1261864286789598,0.8089513231137648,0.7194003553332868,0.0
0.389467622193684,-0.3881314299121118,-1.7603641226139237,0.610532377806316,0.0
0.3169310463171445,-0.9999720330432083,0.4168366168903786,0.6830689536828555,0.0
0.2842830720339386,-1.2519148039051107,0.952548060327435,0.7157169279660613,0.0
0.3620015231488894,-0.6829832005725495,-0.6396676924567921,0.6379984768511107,0.0
0.35667027545854246,-0.7737586290611816,-0.31801029585189033,0.6433297245414575,0.0
0.28109082872271784,-1.1244800673507884,0.8036501103041118,0.7189091712772822,0.0
0.389467622193684,-0.3881314299121118,-1.7603641226139237,0.610532377806316,0.0
0.3169310463171445,-0.9999720330432083,0.4168366168903786,0.6830689536828555,0.0
0.28578892107706605,-1.3120284786450658,1.0227863892098636,0.7142110789229339,0.0
0.40982782666694806,-0.33287463366668624,-1.6194838463616354,0.5901721733330519,0.0
0.34986696771617665,-0.8053289299773745,-0.21704368052088374,0.6501330322838234,0.0
0.28109082872271784,-1.1244800673507884,0.8036501103041118,0.7189091712772822,0.0
0.389467622193684,-0.3881314299121118,-1.7603641226139237,0.610532377806316,0.0
0.3030245451015817,-1.0998354595300661,0.721670572285362,0.6969754548984183,0.0
0.3065150823452593,-1.148135583792098,0.6217610877502143,0.6934849176547406,0.0
0.37290292326346225,-0.5980345987369586,-0.8100808065470146,0.6270970767365378,0.0
0.34986696771617665,-0.8053289299773745,-0.21704368052088374,0.6501330322838234,0.0
0.28109082872271784,-1.1244800673507884,0.8036501103041118,0.7189091712772822,0.0
0.389467622193684,-0.3881314299121118,-1.7603641226139237,0.610532377806316,0.0
0.30108747311347195,-1.0730313284755502,0.777115293349452,0.698912526886528,0.0
0.306873478112545,-1.1530948662424545,0.6115027424384857,0.6931265218874549,0.0
0.3785617182699866,-0.5471126335466636,-0.9557606990329868,0.6214382817300135,0.0
0.37690497838830783,-0.5866237450103771,-0.7381050605778138,0.6230950216116922,0.0
0.28109082872271784,-1.1244800673507884,0.8036501103041118,0.7189091712772822,0.0
0.35032105150880105,-0.7506958170705843,-0.6361869194856812,0.6496789484911989,0.0
0.30108747311347195,-1.0730313284755502,0.777115293349452,0.698912526886528,0.0
0.32374930270462243,-0.9967957857872871,0.12687747492481083,0.6762506972953776,0.0
0.3790134232285896,-0.5438563530110944,-0.9608722306438279,0.6209865767714104,0.0
0.38348774943153313,-0.5459958539596947,-0.7633422571365296,0.6165122505684668,0.0
0.3150789543397112,-0.9229503607619839,0.1911989463949112,0.6849210456602888,0.0
0.35032105150880105,-0.7506958170705843,-0.6361869194856812,0.6496789484911989,0.0
0.3016859304171119,-1.0691131887158547,0.7599359401704039,0.6983140695828881,0.0
0.3034273975459694,-1.1633521718877409,0.5268683938670923,0.6965726024540306,0.0
0.3930412148426955,-0.46067975304389297,-1.2136469025380427,0.6069587851573045,0.0
0.38348774943153313,-0.5459958539596947,-0.7633422571365296,0.6165122505684668,0.0
0.3089682962947515,-0.974327669163873,0.4722013165915588,0.6910317037052485,0.0
0.35032105150880105,-0.7506958170705843,-0.6361869194856812,0.6496789484911989,0.0
0.3011492166028491,-1.0400690779931843,0.8317665074458152,0.6988507833971509,0.0
0.30346469899371065,-1.1653707287974415,0.52187619116941,0.6965353010062894,0.0
0.39598936446203353,-0.4343516490927922,-1.3526085684666689,0.6040106355379664,0.0
0.38348774943153313,-0.5459958539596947,-0.7633422571365296,0.6165122505684668,0.0
0.3089682962947515,-0.974327669163873,0.4722013165915588,0.6910317037052485,0.0
0.35032105150880105,-0.7506958170705843,-0.6361869194856812,0.6496789484911989,0.0
0.3011492166028491,-1.0400690779931843,0.8317665074458152,0.6988507833971509,0.0
0.304046154096309,-1.1968360012226067,0.4440577174224834,0.695953845903691,0.0
0.39598936446203353,-0.4343516490927922,-1.3526085684666689,0.6040106355379664,0.0
0.38348774943153313,-0.5459958539596947,-0.7633422571365296,0.6165122505684668,0.0
0.3089682962947515,-0.974327669163873,0.4722013165915588,0.6910317037052485,0.0
0.334288292452669,-0.8373994861085814,-0.20645687035850463,0.665711707547331,0.0
0.3011492166028491,-1.0400690779931843,0.8317665074458152,0.6988507833971509,0.0
0.304046154096309,-1.1968360012226067,0.4440577174224834,0.695953845903691,0.0
0.39145048172624874,-0.474885608328019,-1.1386673552113695,0.6085495182737513,0.0
0.38348774943153313,-0.5459958539596947,-0.7633422571365296,0.6165122505684668,0.0
0.3089682962947515,-0.974327669163873,0.4722013165915588,0.6910317037052485,0.0
0.3538618781404423,-0.7315473561403164,-0.7310925808904791,0.6461381218595577,0.0
0.28919274188892435,-1.1118140290755012,1.063394117927654,0.7108072581110756,0.0
0.2852817536689384,-1.352708245235899,0.8219556212224655,0.7147182463310616,0.0
0.3980261781276872,-0.4161621238507205,-1.4486142183525739,0.6019738218723127,0.0
0.37681077697533244,-0.5878147850248291,-0.7560739409442216,0.6231892230246676,0.0
0.3089682962947515,-0.974327669163873,0.4722013165915588,0.6910317037052485,0.0
0.3326188875851649,-0.8464274722846188,-0.16171139434816634,0.6673811124148351,0.0
0.3318270735563994,-0.859798811478544,0.20585139816610876,0.6681729264436006,0.0
0.30815963376164834,-1.1626661214749838,0.36121599013829186,0.6918403662383517,0.0
0.3980261781276872,-0.4161621238507205,-1.4486142183525739,0.6019738218723127,0.0
0.40524533166398935,-0.42581714532077275,-1.2708761656382586,0.5947546683360107,0.0
0.2949719821948761,-1.0444531114530915,0.635286029132742,0.7050280178051239,0.0
0.3455226970171418,-0.7716960769491635,-0.3587808092000858,0.6544773029828582,0.0
0.3318270735563994,-0.859798811478544,0.20585139816610876,0.6681729264436006,0.0
0.30848236030843357,-1.0875027302541753,0.40550876949168746,0.6915176396915664,0.0
0.3980261781276872,-0.4161621238507205,-1.4486142183525739,0.6019738218723127,0.0
0.40524533166398935,-0.42581714532077275,-1.2708761656382586,0.5947546683360107,0.0
0.2949719821948761,-1.0444531114530915,0.635286029132742,0.7050280178051239,0.0
0.36968523615710647,-0.6080763916326779,-0.8603312178147836,0.6303147638428935,0.0
0.3318721589736462,-0.8593568954841333,0.2054869905411108,0.6681278410263538,0.0
0.3093564694771959,-1.0800500579585381,0.3874724181059581,0.690643530522804,0.0
0.3980261781276872,-0.4161621238507205,-1.4486142183525739,0.6019738218723127,0.0
0.40762858666367285,-0.41172951913212363,-1.3188127203907523,0.5923714133363271,0.0
0.3574453089967452,-0.69785181573354,-0.3974355220800465,0.6425546910032548,0.0
0.378825622402683,-0.5481460282013122,-1.0485011260412194,0.621174377597317,0.0
0.3224355337904114,-0.9518523376113679,0.2817595057137391,0.6775644662095885,0.0
0.3093564694771959,-1.0800500579585381,0.3874724181059581,0.690643530522804,0.0
0.41127210464441327,-0.33540562308360766,-1.7164654135079307,0.5887278953555868,0.0
0.42827434285262733,-0.30489315376136794,-1.56828192100051,0.5717256571473727,0.0
0.3586053397113001,-0.6892978587498856,-0.4423151099369515,0.6413946602887,0.0
0.3690971134705571,-0.611932509459667,-0.8482237434717345,0.6309028865294428,0.0
0.3045019099182395,-1.0819631365481241,0.629674569221472,0.6954980900817604,0.0
0.3093564694771959,-1.0800500579585381,0.3874724181059581,0.690643530522804,0.0
0.41127210464441327,-0.33540562308360766,-1.7164654135079307,0.5887278953555868,0.0
0.42827434285262733,-0.30489315376136794,-1.56828192100051,0.5717256571473727,0.0
0.3586053397113001,-0.6892978587498856,-0.4423151099369515,0.6413946602887,0.0
0.3690971134705571,-0.611932509459667,-0.8482237434717345,0.6309028865294428,0.0
0.3045019099182395,-1.0819631365481241,0.629674569221472,0.6954980900817604,0.0
0.25698600202002586,-1.4904161538197527,1.4707212967763312,0.7430139979799741,0.0
0.41127210464441327,-0.33540562308360766,-1.7164654135079307,0.5887278953555868,0.0
0.4331733014702344,-0.29610140983329836,-1.525584907306417,0.5668266985297656,0.0
0.32082974147161947,-0.8884883788228374,0.10646165270141084,0.6791702585283805,0.0
0.3937536365586829,-0.4706588934388944,-1.3359076909872065,0.6062463634413171,0.0
0.3067574459370276,-1.0681874292287858,0.5918941013139767,0.6932425540629724,0.0
0.33277228664761327,-0.9766862913090844,0.18187178536081205,0.6672277133523867,0.0
0.37952293375368834,-0.5947709317425257,-0.9486848800860488,0.6204770662463117,0.0
0.40526108867573424,-0.4853089598768236,-1.0508995206365679,0.5947389113242658,0.0
0.3212343475340115,-0.8914764696825634,0.10901650147025699,0.6787656524659885,0.0
0.3937536365586829,-0.4706588934388944,-1.3359076909872065,0.6062463634413171,0.0
0.3067574459370276,-1.0681874292287858,0.5918941013139767,0.6932425540629724,0.0
0.33277228664761327,-0.9766862913090844,0.18187178536081205,0.6672277133523867,0.0
0.37952293375368834,-0.5947709317425257,-0.9486848800860488,0.6204770662463117,0.0
0.3752765379293641,-0.6284921986572372,-0.6398797278345427,0.6247234620706359,0.0
0.3212343475340115,-0.8914764696825634,0.10901650147025699,0.6787656524659885,0.0
0.40884882376829346,-0.34539800113030983,-1.711615433957637,0.5911511762317065,0.0
0.3017957207207303,-1.1004687021765758,0.6969429343400078,0.6982042792792698,0.0
0.33277228664761327,-0.9766862913090844,0.18187178536081205,0.6672277133523867,0.0
0.40370193635456614,-0.4374609340021155,-1.460598760083429,0.5962980636454338,0.0
0.38798346311963683,-0.5666567801871414,-0.8159674898485663,0.6120165368803632,0.0
0.3212343475340115,-0.8914764696825634,0.10901650147025699,0.6787656524659885,0.0
0.40884882376829346,-0.34539800113030983,-1.711615433957637,0.5911511762317065,0.0
0.31569362090276953,-1.0147646538318278,0.45314143993501554,0.6843063790972305,0.0
0.33277228664761327,-0.9766862913090844,0.18187178536081205,0.6672277133523867,0.0
0.40112244916716994,-0.4836005008291588,-1.3347956791078488,0.5988775508328301,0.0
0.3861429704165765,-0.5803253228895724,-0.7827040091150881,0.6138570295834235,0.0
0.31304126994020476,-0.9333069725127621,0.25708943078680235,0.6869587300597952,0.0
0.40884882376829346,-0.34539800113030983,-1.711615433957637,0.5911511762317065,0.0
0.31569362090276953,-1.0147646538318278,0.45314143993501554,0.6843063790972305,0.0
0.3564624988763311,-0.7801032955805076,-0.4077596013420557,0.6435375011236689,0.0
0.4044600401033974,-0.4620491575019241,-1.4578077133991991,0.5955399598966026,0.0
0.3861429704165765,-0.5803253228895724,-0.7827040091150881,0.6138570295834235,0.0
0.31304126994020476,-0.9333069725127621,0.25708943078680235,0.6869587300597952,0.0
0.41280591316510656,-0.24022101150190112,-1.9404578460100623,0.5871940868348935,0.0
0.31569362090276953,-1.0147646538318278,0.45314143993501554,0.6843063790972305,0.0
0.3631284641816122,-0.7247886611448398,-0.5736704141587303,0.6368715358183878,0.0
0.40323912175305754,-0.4945004124000947,-1.3872007919493425,0.5967608782469425,0.0
0.37606874877993207,-0.6435617735479003,-0.6912029904273336,0.6239312512200679,0.0
0.28848447847698117,-1.0003493529175933,0.5819865574025977,0.7115155215230189,0.0
0.41280591316510656,-0.24022101150190112,-1.9404578460100623,0.5871940868348935,0.0
0.311111039976259,-1.0444996401612727,0.5586559559815694,0.688888960023741,0.0
0.339292507278107,-0.8616385934274544,-0.09022595827641222,0.660707492721893,0.0
0.40323912175305754,-0.4945004124000947,-1.3872007919493425,0.5967608782469425,0.0
0.37606874877993207,-0.6435617735479003,-0.6912029904273336,0.6239312512200679,0.0
0.33856169472620246,-0.7796044134488538,-0.2773374569772733,0.6614383052737975,0.0
0.41280591316510656,-0.24022101150190112,-1.9404578460100623,0.5871940868348935,0.0
0.34415100111554275,-0.7831950748198586,-0.2532888383948131,0.6558489988844572,0.0
0.3501938376624289,-0.7969955694101334,-0.26836948010806283,0.649806162337571,0.0
0.4037487163206984,-0.4922540730383448,-1.395945424386417,0.5962512836793016,0.0
0.37606874877993207,-0.6435617735479003,-0.6912029904273336,0.6239312512200679,0.0
0.3467590299015273,-0.7498716832854395,-0.3677896287299465,0.6532409700984727,0.0
0.41280591316510656,-0.24022101150190112,-1.9404578460100623,0.5871940868348935,0.0
0.3435173713278719,-0.7827880207341411,-0.256015101731395,0.6564826286721281,0.0
0.3410173899099948,-0.8514103345389299,-0.11841303783072565,0.6589826100900051,0.0
0.37600894555939485,-0.6260605671224102,-0.8709462592826795,0.6239910544406051,0.0
0.37606874877993207,-0.6435617735479003,-0.6912029904273336,0.6239312512200679,0.0
0.3736820260215885,-0.5421204256786898,-1.0088636388842531,0.6263179739784115,0.0
0.4030345190393506,-0.3156219590466794,-1.7077873516467346,0.5969654809606494,0.0
0.3417678097002869,-0.8005533589436948,-0.195689062164059,0.658232190299713,0.0
0.3384868070984259,-0.8961626990116098,-0.008502260514854088,0.6615131929015741,0.0
0.36329808477305,-0.7720682710064333,-0.47735717843592296,0.63670191522695,0.0
0.3954476159587134,-0.5133098609329827,-1.0432328796744184,0.6045523840412865,0.0
0.4009146104992975,-0.3215981162443232,-1.7027501856416944,0.5990853895007024,0.0
0.4007479258395768,-0.3443816795201529,-1.6323426666063585,0.5992520741604233,0.0
0.3343662375961049,-0.8604893439103527,-0.007096924970801277,0.665633762403895,0.0
0.36366925442628917,-0.7269029637279045,-0.46595800661258546,0.6363307455737108,0.0
0.36901881940392295,-0.7434558270566543,-0.5854610254437453,0.630981180596077,0.0
0.4055215140075884,-0.4455997891187556,-1.226231874492592,0.5944784859924116,0.0
0.4010003162873857,-0.30988328148217814,-1.738952268763019,0.5989996837126144,0.0
0.4006069433599379,-0.36365209859181885,-1.5727917359120986,0.599393056640062,0.0
0.3343662375961049,-0.8604893439103527,-0.007096924970801277,0.665633762403895,0.0
0.3537667243054621,-0.8290621942058141,-0.15445387801751753,0.6462332756945379,0.0
0.35970705041456874,-0.8696953023140936,-0.24960920374286322,0.6402929495854313,0.0
0.4055215140075884,-0.4455997891187556,-1.226231874492592,0.5944784859924116,0.0
0.4010003162873857,-0.30988328148217814,-1.738952268763019,0.5989996837126144,0.0
0.3961053638966384,-0.41934891169744837,-1.4271578262838807,0.6038946361033616,0.0
0.2994058525043374,-1.1102894352598578,0.797026471949358,0.7005941474956626,0.0
0.35025848988566977,-0.8050651162962232,-0.0982570997927594,0.6497415101143302,0.0
0.35970705041456874,-0.8696953023140936,-0.24960920374286322,0.6402929495854313,0.0
0.42961951020733685,-0.22252935974306987,-1.739926624198248,0.5703804897926632,0.0
0.4010003162873857,-0.30988328148217814,-1.738952268763019,0.5989996837126144,0.0
0.38811159453863575,-0.46629416546828617,-1.3525564442367695,0.6118884054613642,0.0
0.3426833588027721,-0.801061576403306,-0.1983989297898736,0.6573166411972279,0.0
0.35025848988566977,-0.8050651162962232,-0.0982570997927594,0.6497415101143302,0.0
0.3899510825374778,-0.5897322225713978,-0.8943184311279091,0.6100489174625222,0.0
0.42961951020733685,-0.22252935974306987,-1.739926624198248,0.5703804897926632,0.0
0.38091328461983204,-0.5059095955206234,-1.089454642189739,0.619086715380168,0.0
0.4055599794460462,-0.36382450182336123,-1.5153924694317742,0.5944400205539537,0.0
0.3064039608502043,-1.0533445023305474,0.5614977096415648,0.6935960391497957,0.0
0.35025848988566977,-0.8050651162962232,-0.0982570997927594,0.6497415101143302,0.0
0.3899510825374778,-0.5897322225713978,-0.8943184311279091,0.6100489174625222,0.0
0.42066957332021837,-0.2750899278032595,-1.656401864962477,0.5793304266797816,0.0
0.39507576937528943,-0.4018549869152348,-1.4032621810568202,0.6049242306247106,0.0
0.4021105033808262,-0.38408234540200636,-1.483200437077698,0.5978894966191738,0.0
0.335462668471848,-0.8398443644410147,-0.0823752885547604,0.664537331528152,0.0
0.34643427104130803,-0.8361136742419175,0.003886019669959939,0.653565728958692,0.0
0.3899510825374778,-0.5897322225713978,-0.8943184311279091,0.6100489174625222,0.0
0.42215833834602845,-0.25984085689660474,-1.6933360741027133,0.5778416616539716,0.0
0.3777287262989707,-0.5567248904613369,-0.9014301798061747,0.6222712737010293,0.0
0.38609813599998904,-0.48331502371084234,-1.3153634100026477,0.6139018640000109,0.0
0.335462668471848,-0.8398443644410147,-0.0823752885547604,0.664537331528152,0.0
0.34643427104130803,-0.8361136742419175,0.003886019669959939,0.653565728958692,0.0
0.40380500733754643,-0.44782972086750644,-1.238015218134587,0.5961949926624536,0.0
0.42215833834602845,-0.25984085689660474,-1.6933360741027133,0.5778416616539716,0.0
0.4146778035218841,-0.28673987701371006,-1.7137636909803353,0.5853221964781159,0.0
0.38609813599998904,-0.48331502371084234,-1.3153634100026477,0.6139018640000109,0.0
0.3391538913215997,-0.8385892324927811,-0.05335403026977061,0.6608461086784003,0.0
0.34153548711170617,-0.8733942392876045,0.11368366543667796,0.6584645128882938,0.0
0.40380500733754643,-0.44782972086750644,-1.238015218134587,0.5961949926624536,0.0
0.42215833834602845,-0.25984085689660474,-1.6933360741027133,0.5778416616539716,0.0
0.4146778035218841,-0.28673987701371006,-1.7137636909803353,0.5853221964781159,0.0
0.37575446896117387,-0.504044160461526,-1.3605472218396166,0.6242455310388262,0.0
0.3391538913215997,-0.8385892324927811,-0.05335403026977061,0.6608461086784003,0.0
0.3404945821110243,-0.8581822936786989,0.04067783737571832,0.6595054178889757,0.0
0.40380500733754643,-0.44782972086750644,-1.238015218134587,0.5961949926624536,0.0
0.4104372717592315,-0.332479262098076,-1.570479227061407,0.5895627282407685,0.0
0.4146778035218841,-0.28673987701371006,-1.7137636909803353,0.5853221964781159,0.0
0.3671701213417046,-0.5381738315489056,-1.3344669008754906,0.6328298786582953,0.0
0.3391538913215997,-0.8385892324927811,-0.05335403026977061,0.6608461086784003,0.0
0.3240666587687356,-0.9816578012271366,0.41910144218826817,0.6759333412312645,0.0
0.4089072823080119,-0.3722351208808538,-1.4612696123202056,0.5910927176919881,0.0
0.4104372717592315,-0.332479262098076,-1.570479227061407,0.5895627282407685,0.0
0.4146778035218841,-0.28673987701371006,-1.7137636909803353,0.5853221964781159,0.0
0.3671701213417046,-0.5381738315489056,-1.3344669008754906,0.6328298786582953,0.0
0.29638982545939824,-1.1510640698811905,0.8868232727883552,0.7036101745406018,0.0
0.31002386679846416,-1.0893552359381458,0.7496499795379328,0.6899761332015358,0.0
0.40990418331480777,-0.3574651735002735,-1.5048898663487622,0.5900958166851922,0.0
0.4104372717592315,-0.332479262098076,-1.570479227061407,0.5895627282407685,0.0
0.4146778035218841,-0.28673987701371006,-1.7137636909803353,0.5853221964781159,0.0
0.38043914059023615,-0.48206339993272107,-1.387383602561372,0.6195608594097639,0.0
0.29370254645288374,-1.1632269238617252,0.9138602240516677,0.7062974535471163,0.0
0.34983686244505396,-0.7840201210709976,-0.18749467847229706,0.650163137554946,0.0
0.41198726228885346,-0.32660256364582485,-1.5960367639745001,0.5880127377111466,0.0
0.41757309069010895,-0.29689686809805693,-1.6140331810096635,0.582426909309891,0.0
0.41866316574055773,-0.2640292702729269,-1.7515567715239517,0.5813368342594423,0.0
0.3805386094046349,-0.481282247193087,-1.390022650097793,0.6194613905953651,0.0
0.2942600495668331,-1.1594071637036603,0.9026920426144691,0.705739950433167,0.0
0.3564411823348489,-0.7333700572056666,-0.34295153380295473,0.6435588176651511,0.0
0.40691357643781717,-0.3535846612630781,-1.5796903673576377,0.5930864235621829,0.0
0.41757309069010895,-0.29689686809805693,-1.6140331810096635,0.582426909309891,0.0
0.4074523190080691,-0.3447181198745146,-1.5123635940504723,0.5925476809919309,0.0
0.3830173326610632,-0.4987430921476896,-1.192700619561358,0.6169826673389368,0.0
0.30790735680773385,-1.0620146256688703,0.6034811405455733,0.6920926431922662,0.0
0.3372286194711024,-0.8797498531691555,0.09748959702414295,0.6627713805288976,0.0
0.40206394526797795,-0.39007627468358325,-1.4608585325942327,0.597936054732022,0.0
0.38585613240449207,-0.5187404202272274,-0.966714225877841,0.614143867595508,0.0
0.38889230105003836,-0.4799743138725529,-1.1325096696678765,0.6111076989499616,0.0
0.3830173326610632,-0.4987430921476896,-1.192700619561358,0.6169826673389368,0.0
0.30790735680773385,-1.0620146256688703,0.6034811405455733,0.6920926431922662,0.0
0.3372286194711024,-0.8797498531691555,0.09748959702414295,0.6627713805288976,0.0
0.3617600762293104,-0.6777004945394673,-0.5772148365114822,0.6382399237706896,0.0
0.38342476370687456,-0.5356861629566202,-0.917736883593266,0.6165752362931254,0.0
0.38889230105003836,-0.4799743138725529,-1.1325096696678765,0.6111076989499616,0.0
0.38505344846505934,-0.48160174578336223,-1.2516546211761126,0.6149465515349406,0.0
0.30790735680773385,-1.0620146256688703,0.6034811405455733,0.6920926431922662,0.0
0.3466593085565707,-0.8070357546256377,-0.12734331313265201,0.6533406914434293,0.0
0.3622457199954068,-0.6736120296358524,-0.5912762387728117,0.6377542800045932,0.0
0.3833015148928805,-0.5245108003785607,-1.0009140363847562,0.6166984851071196,0.0
0.3886007723564365,-0.4800979036922664,-1.1415577305906555,0.6113992276435636,0.0
0.38505344846505934,-0.48160174578336223,-1.2516546211761126,0.6149465515349406,0.0
0.30790735680773385,-1.0620146256688703,0.6034811405455733,0.6920926431922662,0.0
0.3494098814658212,-0.786106880053022,-0.19093504262444194,0.6505901185341788,0.0
0.36063414895845686,-0.6874074957493509,-0.5433074764324183,0.6393658510415432,0.0
0.3830813273497939,-0.5299037213531481,-0.9694003110962723,0.6169186726502061,0.0
0.4179706112770053,-0.2665297163852671,-1.7446223418254023,0.5820293887229947,0.0
0.38505344846505934,-0.48160174578336223,-1.2516546211761126,0.6149465515349406,0.0
0.29647532848875763,-1.1290424116776654,0.7851640051006173,0.7035246715112424,0.0
0.3307521319700031,-0.9280721039858288,0.24042184119906107,0.6692478680299969,0.0
0.3451656493760682,-0.7959443918348094,-0.24968407663798053,0.6548343506239318,0.0
0.3830813273497939,-0.5299037213531481,-0.9694003110962723,0.6169186726502061,0.0
0.39364423189013853,-0.4434234597744072,-1.245117439283512,0.6063557681098615,0.0
0.4023065089429601,-0.3360891448941871,-1.7528036225179628,0.59769349105704,0.0
0.29647532848875763,-1.1290424116776654,0.7851640051006173,0.7035246715112424,0.0
0.344304673666264,-0.8252775945763896,-0.06802648618652585,0.655695326333736,0.0
0.31884821123206275,-0.9873164853004982,0.2907041647116846,0.6811517887679372,0.0
0.3758279607526481,-0.580082376649654,-0.8224532361705882,0.6241720392473519,0.0
0.39364423189013853,-0.4434234597744072,-1.245117439283512,0.6063557681098615,0.0
0.4023065089429601,-0.3360891448941871,-1.7528036225179628,0.59769349105704,0.0
0.2496041074969552,-1.4267221691371978,1.621263264181235,0.7503958925030448,0.0
0.344304673666264,-0.8252775945763896,-0.06802648618652585,0.655695326333736,0.0
0.28621820945615606,-1.2245915466296255,0.9607112215701068,0.7137817905438439,0.0
0.3758279607526481,-0.580082376649654,-0.8224532361705882,0.6241720392473519,0.0
0.4192528758593483,-0.24523022622447987,-1.8560613597876991,0.5807471241406517,0.0
0.4023065089429601,-0.3360891448941871,-1.7528036225179628,0.59769349105704,0.0
0.31743534912783095,-0.9422570166739659,0.12248430521799514,0.682564650872169,0.0
0.3478206898223024,-0.795623455457777,-0.17015607574876257,0.6521793101776976,0.0
0.29005478025008813,-1.1982171362245513,0.8927638073512031,0.7099452197499119,0.0
0.3738738446934817,-0.5951506839332596,-0.7759409924901526,0.6261261553065183,0.0
0.4192528758593483,-0.24523022622447987,-1.8560613597876991,0.5807471241406517,0.0
0.4023065089429601,-0.3360891448941871,-1.7528036225179628,0.59769349105704,0.0
0.3327330575904686,-0.8481735116020426,-0.12103473514711294,0.6672669424095314,0.0
0.3478206898223024,-0.795623455457777,-0.17015607574876257,0.6521793101776976,0.0
0.29005478025008813,-1.1982171362245513,0.8927638073512031,0.7099452197499119,0.0
0.38710665377135844,-0.4745811919065729,-1.230581351376241,0.6128933462286416,0.0
0.42311620673228345,-0.21766684213437354,-1.9312315063848802,0.5768837932677165,0.0
0.4023065089429601,-0.3360891448941871,-1.7528036225179628,0.59769349105704,0.0
0.3357853899266065,-0.8231385396894517,-0.1935411779193289,0.6642146100733934,0.0
0.3478206898223024,-0.795623455457777,-0.17015607574876257,0.6521793101776976,0.0
0.29005478025008813,-1.1982171362245513,0.8927638073512031,0.7099452197499119,0.0
0.38917825789780935,-0.4598010909786311,-1.27088925949966,0.6108217421021906,0.0
0.42311620673228345,-0.21766684213437354,-1.9312315063848802,0.5768837932677165,0.0
0.4023065089429601,-0.3360891448941871,-1.7528036225179628,0.59769349105704,0.0
0.3088869885055363,-1.0061816485931028,0.34920811182096423,0.6911130114944637,0.0
0.3610842548461511,-0.6879236564850792,-0.5231663429369412,0.638915745153849,0.0
0.2678218922431984,-1.3638400706295406,1.3780601010508482,0.7321781077568016,0.0
0.42391557935251684,-0.2234142806801408,-1.971810338484458,0.5760844206474831,0.0
0.42311620673228345,-0.21766684213437354,-1.9312315063848802,0.5768837932677165,0.0
0.4023065089429601,-0.3360891448941871,-1.7528036225179628,0.59769349105704,0.0
0.3088869885055363,-1.0061816485931028,0.34920811182096423,0.6911130114944637,0.0
0.32679334452822284,-0.9478789497973901,0.2552040738157584,0.6732066554717772,0.0
0.30840794427262447,-1.0536755806766926,0.43319814508833,0.6915920557273756,0.0
0.42391557935251684,-0.2234142806801408,-1.971810338484458,0.5760844206474831,0.0
0.4231998508858309,-0.21826823830439265,-1.9354775638266788,0.5768001491141691,0.0
0.4023065089429601,-0.3360891448941871,-1.7528036225179628,0.59769349105704,0.0
0.3088869885055363,-1.0061816485931028,0.34920811182096423,0.6911130114944637,0.0
0.32954073491849645,-0.9320694138090391,0.22860583857793534,0.6704592650815036,0.0
0.30840794427262447,-1.0536755806766926,0.43319814508833,0.6915920557273756,0.0
0.42391557935251684,-0.2234142806801408,-1.971810338484458,0.5760844206474831,0.0
0.4231998508858309,-0.21826823830439265,-1.9354775638266788,0.5768001491141691,0.0
0.4115312573406676,-0.28406930899371224,-1.8334571221829832,0.5884687426593325,0.0
0.3088415341930013,-1.0063447531754475,0.34947353066124676,0.6911584658069987,0.0
0.32954073491849645,-0.9320694138090391,0.22860583857793534,0.6704592650815036,0.0
0.30840794427262447,-1.0536755806766926,0.43319814508833,0.6915920557273756,0.0
0.42391557935251684,-0.2234142806801408,-1.971810338484458,0.5760844206474831,0.0
0.40513162097057726,-0.34278168055581093,-1.5744629659010085,0.5948683790294227,0.0
0.37495147473349616,-0.5413558019436787,-1.0558610173347116,0.6250485252665039,0.0
0.3088415341930013,-1.0063447531754475,0.34947353066124676,0.6911584658069987,0.0
0.32954073491849645,-0.9320694138090391,0.22860583857793534,0.6704592650815036,0.0
0.30840794427262447,-1.0536755806766926,0.43319814508833,0.6915920557273756,0.0
0.42391557935251684,-0.2234142806801408,-1.971810338484458,0.5760844206474831,0.0
0.40514092954270703,-0.3313505707525782,-1.5959631210585374,0.5948590704572929,0.0
0.37495147473349616,-0.5413558019436787,-1.0558610173347116,0.6250485252665039,0.0
0.31687390232930834,-0.9775220523788272,0.3025705699395236,0.6831260976706917,0.0
0.3251983786915439,-0.9646759102600667,0.3298509420338054,0.6748016213084561,0.0
0.30840794427262447,-1.0536755806766926,0.43319814508833,0.6915920557273756,0.0
0.4051138577232062,-0.36459529797534496,-1.5334349146321524,0.5948861422767938,0.0
0.40514092954270703,-0.3313505707525782,-1.5959631210585374,0.5948590704572929,0.0
0.3687039341494727,-0.5779682414373135,-0.9569410378936349,0.6312960658505273,0.0
0.31687390232930834,-0.9775220523788272,0.3025705699395236,0.6831260976706917,0.0
0.3400856925172322,-0.8323470992848361,-0.11048077725854821,0.6599143074827678,0.0
0.3084626487953218,-1.0532670908033581,0.43205061202884054,0.6915373512046782,0.0
0.4051138577232062,-0.36459529797534496,-1.5334349146321524,0.5948861422767938,0.0
0.40514092954270703,-0.3313505707525782,-1.5959631210585374,0.5948590704572929,0.0
0.3687039341494727,-0.5779682414373135,-0.9569410378936349,0.6312960658505273,0.0
0.31840346108151124,-0.9657307991798691,0.2654010576778538,0.6815965389184888,0.0
0.34167605764366815,-0.822563568222688,-0.13805124959281023,0.6583239423563318,0.0
0.30068997976589135,-1.114592818242154,0.6112661170769251,0.6993100202341087,0.0
0.4051040084028405,-0.3766904572562425,-1.5106857847864412,0.5948959915971594,0.0
0.3920479307098608,-0.42953052846602224,-1.3192854086922858,0.6079520692901392,0.0
0.3633812138225248,-0.6139941781143516,-0.8635926211341677,0.6366187861774752,0.0
0.32985211119748997,-0.8695176866112282,0.04186012962152197,0.6701478888025101,0.0
0.3229924797138648,-0.9671729567512746,0.29114697062337,0.6770075202861352,0.0
0.30068997976589135,-1.114592818242154,0.6112661170769251,0.6993100202341087,0.0
0.38526040206954926,-0.489553501678372,-1.2029244727831987,0.6147395979304507,0.0
0.3525650533480812,-0.7255992350529274,-0.48494391629945666,0.6474349466519188,0.0
0.368733769784866,-0.5643153873429714,-1.0289219465192494,0.631266230215134,0.0
0.33936709684649174,-0.7895548633908115,-0.14392498048957525,0.6606329031535083,0.0
0.3364518243759215,-0.8639344894966648,-0.031799768978417964,0.6635481756240784,0.0
0.27771103008538367,-1.2756545639672967,1.0244712746423232,0.7222889699146163,0.0
0.40907447076675985,-0.31762662124800106,-1.7258746465532862,0.5909255292332402,0.0
0.3683652502021277,-0.5899514231933591,-0.9292848204907923,0.6316347497978723,0.0
0.368733769784866,-0.5643153873429714,-1.0289219465192494,0.631266230215134,0.0
0.3421771286002512,-0.7680021978497482,-0.22860837590664695,0.6578228713997488,0.0
0.3327090303912795,-0.9266481532672644,0.09685960723542786,0.6672909696087205,0.0
0.2840004298924269,-1.2265031486728968,0.8825879280017372,0.7159995701075731,0.0
0.3466703843821208,-0.771098892023841,-0.42441574512401004,0.6533296156178792,0.0
0.3683652502021277,-0.5899514231933591,-0.9292848204907923,0.6316347497978723,0.0
0.4041931317205792,-0.28720185059103787,-1.8288540696996978,0.5958068682794209,0.0
0.3421771286002512,-0.7680021978497482,-0.22860837590664695,0.6578228713997488,0.0
0.32630971284349747,-1.033874105510342,0.3168375721649376,0.6736902871565025,0.0
0.2840004298924269,-1.2265031486728968,0.8825879280017372,0.7159995701075731,0.0
0.34807701609217906,-0.7720683245318251,-0.48571402591977514,0.6519229839078209,0.0
0.37153397563471113,-0.5684075329318882,-1.0140656728069368,0.6284660243652889,0.0
0.3980705780423845,-0.3346690491603243,-1.6708692002211238,0.6019294219576155,0.0
0.3421771286002512,-0.7680021978497482,-0.22860837590664695,0.6578228713997488,0.0
0.3212581422406529,-1.1185174232030044,0.4904864359092642,0.6787418577593471,0.0
0.27188158934223633,-1.317615141981448,1.1451757435898107,0.7281184106577636,0.0
0.34587212257748245,-0.7912119120791565,-0.43605033793888126,0.6541278774225175,0.0
0.36974515319739587,-0.5839386589056013,-0.9737736955355208,0.6302548468026041,0.0
0.3911403994840824,-0.3883976367787727,-1.4920445769440924,0.6088596005159176,0.0
0.3421771286002512,-0.7680021978497482,-0.22860837590664695,0.6578228713997488,0.0
0.3212581422406529,-1.1185174232030044,0.4904864359092642,0.6787418577593471,0.0
0.27188158934223633,-1.317615141981448,1.1451757435898107,0.7281184106577636,0.0
0.34587212257748245,-0.7912119120791565,-0.43605033793888126,0.6541278774225175,0.0
0.36974515319739587,-0.5839386589056013,-0.9737736955355208,0.6302548468026041,0.0
0.3970076029348685,-0.33477455880996826,-1.6341696388899551,0.6029923970651315,0.0
0.3421771286002512,-0.7680021978497482,-0.22860837590664695,0.6578228713997488,0.0
0.32854623139675876,-0.9963993545244549,0.23995674913967285,0.6714537686032412,0.0
0.28472221313924145,-1.2175660772984478,0.8612256189364129,0.7152777868607585,0.0
0.3558607831048262,-0.704487180924921,-0.6610379468508407,0.6441392168951738,0.0
0.36974515319739587,-0.5839386589056013,-0.9737736955355208,0.6302548468026041,0.0
0.38009927463570164,-0.4981801261463221,-1.1713050550962016,0.6199007253642983,0.0
0.3223308455987934,-0.9092116428547827,0.26474516643351365,0.6776691544012066,0.0
0.3306871961849576,-0.9855945450932878,0.20960547540610142,0.6693128038150424,0.0
0.2888606605754873,-1.1966805699159766,0.8025571384168599,0.7111393394245127,0.0
0.34705216243063536,-0.7809664303415583,-0.4626299122726877,0.6529478375693647,0.0
0.36974515319739587,-0.5839386589056013,-0.9737736955355208,0.6302548468026041,0.0
0.38112757903583944,-0.4896631431158277,-1.1909225926547227,0.6188724209641605,0.0
0.3220678182663302,-0.9114707335947446,0.2689715920794743,0.6779321817336699,0.0
0.33742656898391377,-0.9013251900725455,-0.067232546634716,0.6625734310160862,0.0
0.2888606605754873,-1.1966805699159766,0.8025571384168599,0.7111393394245127,0.0
0.35438846439827476,-0.7426456735329963,-0.6774544247998093,0.6456115356017252,0.0
0.36748713687823,-0.6009386511285721,-0.9237537435897325,0.63251286312177,0.0
0.36179034296872314,-0.6715189138238691,-0.6462131276725511,0.6382096570312769,0.0
0.3220678182663302,-0.9114707335947446,0.2689715920794743,0.6779321817336699,0.0
0.32367996525037573,-1.029925466233413,0.4273158598817304,0.6763200347496243,0.0
0.3171008531606927,-0.9802833104528004,0.19241156880670895,0.6828991468393073,0.0
0.35214260081562665,-0.7569587844272342,-0.6250616784697393,0.6478573991843734,0.0
0.3933389542230944,-0.4241896614699603,-1.6026304520622803,0.6066610457769056,0.0
0.3424023535800619,-0.8054725765564967,-0.28238604469951056,0.6575976464199381,0.0
0.30397535462287545,-1.0351689876384222,0.744085275677729,0.6960246453771246,0.0
0.3190620280439884,-1.0742131075913974,0.5980594784190362,0.6809379719560116,0.0
0.31666617555256954,-0.9594645757752043,0.10250318552467647,0.6833338244474305,0.0
0.35214260081562665,-0.7569587844272342,-0.6250616784697393,0.6478573991843734,0.0
0.3933389542230944,-0.4241896614699603,-1.6026304520622803,0.6066610457769056,0.0
0.3311526627714053,-0.896029123949001,-0.018457912090415085,0.6688473372285947,0.0
0.29132467725079764,-1.0024291946426673,0.8665327627781615,0.7086753227492024,0.0
0.3190620280439884,-1.0742131075913974,0.5980594784190362,0.6809379719560116,0.0
0.31761669712508706,-1.0049894798737085,0.29910833900553585,0.6823833028749129,0.0
0.3436995551730635,-0.7910362036462312,-0.4179911438398406,0.6563004448269365,0.0
0.3860227143826955,-0.48821664371528695,-1.3858636016553598,0.6139772856173045,0.0
0.337320151347089,-0.8795527390182196,-0.1555014960300133,0.6626798486529111,0.0
0.29132467725079764,-1.0024291946426673,0.8665327627781615,0.7086753227492024,0.0
0.32252915340459815,-1.0831859841621996,0.5645007388051497,0.6774708465954018,0.0
0.31761669712508706,-1.0049894798737085,0.29910833900553585,0.6823833028749129,0.0
0.36662118061810595,-0.6030139841714597,-1.0481784385903319,0.6333788193818941,0.0
0.37894262318108357,-0.5301089832588555,-1.2626340786217118,0.6210573768189165,0.0
0.3417956864052072,-0.817936360516663,-0.37336341829227604,0.6582043135947928,0.0
0.29984092303842724,-0.9569804036477089,0.6535613676202838,0.7001590769615728,0.0
0.32252915340459815,-1.0831859841621996,0.5645007388051497,0.6774708465954018,0.0
0.31761669712508706,-1.0049894798737085,0.29910833900553585,0.6823833028749129,0.0
0.3707936692107123,-0.5783256992488961,-1.120800918229175,0.6292063307892877,0.0
0.37892934245290644,-0.5364549327664302,-1.2382445565183944,0.6210706575470936,0.0
0.3602363918800926,-0.7568212440994619,-0.8247357060184382,0.6397636081199074,0.0
0.29984092303842724,-0.9569804036477089,0.6535613676202838,0.7001590769615728,0.0
0.34118263446367075,-0.8880653742313048,-0.08684201297132299,0.6588173655363292,0.0
0.31761669712508706,-1.0049894798737085,0.29910833900553585,0.6823833028749129,0.0
0.3790218399068755,-0.4922567408723568,-1.408112403219738,0.6209781600931246,0.0
0.3983252923945606,-0.3557817327734547,-1.8298867761180713,0.6016747076054394,0.0
0.35873222174596886,-0.7618062775073999,-0.7879182038088048,0.6412677782540311,0.0
0.29984092303842724,-0.9569804036477089,0.6535613676202838,0.7001590769615728,0.0
0.341843235036981,-0.8774127152189757,-0.12252817173563291,0.658156764963019,0.0
0.3026757634667385,-1.0933596059242086,0.694121940578418,0.6973242365332615,0.0
0.35145195648090455,-0.7224651762338736,-0.6415988065848024,0.6485480435190955,0.0
0.3983252923945606,-0.3557817327734547,-1.8298867761180713,0.6016747076054394,0.0
0.36999123244791204,-0.6847374668181551,-1.2314991966277113,0.630008767552088,0.0
0.29910363978387283,-0.9215109990548551,0.6430124030512344,0.7008963602161271,0.0
0.341843235036981,-0.8774127152189757,-0.12252817173563291,0.658156764963019,0.0
0.3035531626377677,-1.1355697415734667,0.7066756676716692,0.6964468373622323,0.0
0.35145195648090455,-0.7224651762338736,-0.6415988065848024,0.6485480435190955,0.0
0.40436072746332796,-0.2857109071641396,-1.957349250213603,0.595639272536672,0.0
0.38542359873962667,-0.5055691658017613,-1.5574156494232463,0.6145764012603734,0.0
0.29910363978387283,-0.9215109990548551,0.6430124030512344,0.7008963602161271,0.0
0.36795760374867553,-0.6302511835704615,-0.8889567712162108,0.6320423962513244,0.0
0.3090785816254096,-1.0983165935422925,0.5870180553507066,0.6909214183745904,0.0
0.34740492308769994,-0.7307009509278937,-0.51282643265733,0.6525950769123001,0.0
0.40436072746332796,-0.2857109071641396,-1.957349250213603,0.595639272536672,0.0
0.3785269778717296,-0.5856382764162964,-1.4117657751879884,0.6214730221282704,0.0
0.29910363978387283,-0.9215109990548551,0.6430124030512344,0.7008963602161271,0.0
0.34303965564152933,-0.8205169405306825,-0.27024272993542486,0.6569603443584706,0.0
0.3083497608976368,-1.085398264383516,0.591109291358953,0.6916502391023631,0.0
0.34740492308769994,-0.7307009509278937,-0.51282643265733,0.6525950769123001,0.0
0.40436072746332796,-0.2857109071641396,-1.957349250213603,0.595639272536672,0.0
0.3767473450305561,-0.5974170683363358,-1.3545202076833487,0.6232526549694439,0.0
0.29910363978387283,-0.9215109990548551,0.6430124030512344,0.7008963602161271,0.0
0.3233428024169123,-0.8657933523417536,0.13917655763367254,0.6766571975830877,0.0
0.3083497608976368,-1.085398264383516,0.591109291358953,0.6916502391023631,0.0
0.35402187004146873,-0.6790034014539021,-0.6806465690255314,0.6459781299585312,0.0
0.40436072746332796,-0.2857109071641396,-1.957349250213603,0.595639272536672,0.0
0.3804553349807822,-0.5787831373022205,-1.4582307222466868,0.6195446650192178,0.0
0.29910363978387283,-0.9215109990548551,0.6430124030512344,0.7008963602161271,0.0
0.3233428024169123,-0.8657933523417536,0.13917655763367254,0.6766571975830877,0.0
0.3106447315551261,-1.0517835486016367,0.5219323760729504,0.6893552684448738,0.0
0.3836102050788506,-0.41572352261221723,-1.5045441114908278,0.6163897949211494,0.0
0.40436072746332796,-0.2857109071641396,-1.957349250213603,0.595639272536672,0.0
0.3804553349807822,-0.5787831373022205,-1.4582307222466868,0.6195446650192178,0.0
0.29910363978387283,-0.9215109990548551,0.6430124030512344,0.7008963602161271,0.0
0.3233428024169123,-0.8657933523417536,0.13917655763367254,0.6766571975830877,0.0
0.3106447315551261,-1.0517835486016367,0.5219323760729504,0.6893552684448738,0.0
0.3836102050788506,-0.41572352261221723,-1.5045441114908278,0.6163897949211494,0.0
0.40436072746332796,-0.2857109071641396,-1.957349250213603,0.595639272536672,0.0
0.3804553349807822,-0.5787831373022205,-1.4582307222466868,0.6195446650192178,0.0
0.29910363978387283,-0.9215109990548551,0.6430124030512344,0.7008963602161271,0.0
0.3233428024169123,-0.8657933523417536,0.13917655763367254,0.6766571975830877,0.0
0.30267753176041085,-1.1684800979901118,0.7620863420799192,0.6973224682395891,0.0
0.3827216627029647,-0.46164787859010564,-1.4915003386459456,0.6172783372970353,0.0
0.40436072746332796,-0.2857109071641396,-1.957349250213603,0.595639272536672,0.0
0.3804553349807822,-0.5787831373022205,-1.4582307222466868,0.6195446650192178,0.0
0.29910363978387283,-0.9215109990548551,0.6430124030512344,0.7008963602161271,0.0
0.32436553647085703,-0.8508132416237323,0.10834845672573257,0.6756344635291429,0.0
0.3037412185961069,-1.1604154205607882,0.7317213544535135,0.6962587814038931,0.0
0.39186965767712306,-0.3872698706587518,-1.6884396957268533,0.608130342322877,0.0
0.40436072746332796,-0.2857109071641396,-1.957349250213603,0.595639272536672,0.0
0.3874853665644861,-0.49259726791389924,-1.6050101159831058,0.6125146334355138,0.0
0.29910363978387283,-0.9215109990548551,0.6430124030512344,0.7008963602161271,0.0
0.34652459204858743,-0.7887990723969095,-0.36064436075102335,0.6534754079514126,0.0
0.3037412185961069,-1.1604154205607882,0.7317213544535135,0.6962587814038931,0.0
0.39186965767712306,-0.3872698706587518,-1.6884396957268533,0.608130342322877,0.0
0.40436072746332796,-0.2857109071641396,-1.957349250213603,0.595639272536672,0.0
0.3874853665644861,-0.49259726791389924,-1.6050101159831058,0.6125146334355138,0.0
0.29910363978387283,-0.9215109990548551,0.6430124030512344,0.7008963602161271,0.0
0.34652459204858743,-0.7887990723969095,-0.36064436075102335,0.6534754079514126,0.0
0.3037412185961069,-1.1604154205607882,0.7317213544535135,0.6962587814038931,0.0
0.39186965767712306,-0.3872698706587518,-1.6884396957268533,0.608130342322877,0.0
0.40436072746332796,-0.2857109071641396,-1.957349250213603,0.595639272536672,0.0
0.38796855652779283,-0.4866735182733095,-1.6150985955339068,0.6120314434722072,0.0
0.29910363978387283,-0.9215109990548551,0.6430124030512344,0.7008963602161271,0.0
0.34404592098893594,-0.8103288072718431,-0.2973577363841924,0.6559540790110641,0.0
0.31881108609159614,-1.039870221781431,0.31183077556847794,0.6811889139084039,0.0
0.39532063374176596,-0.367395638814885,-1.7751717294118952,0.604679366258234,0.0
0.40436072746332796,-0.2857109071641396,-1.957349250213603,0.595639272536672,0.0
0.38796855652779283,-0.4866735182733095,-1.6150985955339068,0.6120314434722072,0.0
0.29910363978387283,-0.9215109990548551,0.6430124030512344,0.7008963602161271,0.0
0.3420456501916413,-0.8285236950165468,-0.24906964591466652,0.6579543498083587,0.0
0.31881108609159614,-1.039870221781431,0.31183077556847794,0.6811889139084039,0.0
0.39532063374176596,-0.367395638814885,-1.7751717294118952,0.604679366258234,0.0
0.40436072746332796,-0.2857109071641396,-1.957349250213603,0.595639272536672,0.0
0.3879455411207459,-0.48704691328366295,-1.614597492481496,0.612054458879254,0.0
0.3098067933010108,-0.8568591438710924,0.3785924899739257,0.6901932066989892,0.0
0.3420456501916413,-0.8285236950165468,-0.24906964591466652,0.6579543498083587,0.0
0.3142960906403565,-1.075986068474873,0.4376317525347164,0.6857039093596435,0.0
0.39532063374176596,-0.367395638814885,-1.7751717294118952,0.604679366258234,0.0
0.40436072746332796,-0.2857109071641396,-1.957349250213603,0.595639272536672,0.0
0.3879455411207459,-0.48704691328366295,-1.614597492481496,0.612054458879254,0.0
0.31004669811915736,-0.855410011002367,0.37266567494136815,0.6899533018808426,0.0
0.3576211355869692,-0.6896261180452796,-0.6345066681755984,0.6423788644130308,0.0
0.28923292789623734,-1.2991060345085408,1.119201414320116,0.7107670721037627,0.0
0.39705731431647595,-0.3392202578688926,-1.8129836149577245,0.602942685683524,0.0
0.40436072746332796,-0.2857109071641396,-1.957349250213603,0.595639272536672,0.0
0.3825954891464359,-0.5738445401196853,-1.4981134620485341,0.6174045108535642,0.0
0.3075374516684923,-0.8662240962227727,0.4286503063008382,0.6924625483315077,0.0
0.36668074745283974,-0.6113345692661534,-0.8909154186972776,0.6333192525471603,0.0
0.28923292789623734,-1.2991060345085408,1.119201414320116,0.7107670721037627,0.0
0.4010107085824894,-0.3038056185777771,-1.932987272261513,0.5989892914175106,0.0
0.40436072746332796,-0.2857109071641396,-1.957349250213603,0.595639272536672,0.0
0.3908745568420698,-0.4524411259673452,-1.6936229278093762,0.6091254431579303,0.0
0.3075374516684923,-0.8662240962227727,0.4286503063008382,0.6924625483315077,0.0
0.36668074745283974,-0.6113345692661534,-0.8909154186972776,0.6333192525471603,0.0
0.2881509039008075,-1.3246947168605687,1.1600215349768508,0.7118490960991926,0.0
0.40154196966322603,-0.2960152596413831,-1.945532956617872,0.5984580303367739,0.0
0.40436072746332796,-0.2857109071641396,-1.957349250213603,0.595639272536672,0.0
0.3908745568420698,-0.4524411259673452,-1.6936229278093762,0.6091254431579303,0.0
0.3075374516684923,-0.8662240962227727,0.4286503063008382,0.6924625483315077,0.0
0.3893099722135581,-0.4056066521228472,-1.4643478554939346,0.6106900277864419,0.0
0.3179232385108416,-1.054601224036654,0.34461683927377473,0.6820767614891584,0.0
0.3908063564203743,-0.39340833668248454,-1.6515059827801153,0.6091936435796257,0.0
0.40436072746332796,-0.2857109071641396,-1.957349250213603,0.595639272536672,0.0
0.3908041364013485,-0.4503331516021505,-1.6833034785800796,0.6091958635986515,0.0
0.31243053501839974,-0.9549747129647768,0.38905939570478454,0.6875694649816002,0.0
0.3884540999177224,-0.3799868627403581,-1.3389278692914712,0.6115459000822776,0.0
0.31979894139093196,-1.0886226734027111,0.329440154202219,0.6802010586090681,0.0
0.3908168408710417,-0.40248344724085194,-1.6579806206407262,0.6091831591289583,0.0
0.40436072746332796,-0.2857109071641396,-1.957349250213603,0.595639272536672,0.0
0.3908041364013485,-0.4503331516021505,-1.6833034785800796,0.6091958635986515,0.0
0.31298584146454883,-0.9513991376808217,0.3743759252179881,0.6870141585354512,0.0
0.36287790481234766,-0.5734269028126009,-0.7575904972848486,0.6371220951876524,0.0
0.3455858372820597,-0.8394826548808976,-0.3922006291483662,0.6544141627179403,0.0
0.3908168408710417,-0.40248344724085194,-1.6579806206407262,0.6091831591289583,0.0
0.40436072746332796,-0.2857109071641396,-1.957349250213603,0.595639272536672,0.0
0.3908009361189035,-0.4623865920497612,-1.6896823593737962,0.6091990638810965,0.0
0.28109464905023146,-1.1930003956890014,1.0979330716709643,0.7189053509497685,0.0
0.36287790481234766,-0.5734269028126009,-0.7575904972848486,0.6371220951876524,0.0
0.3339713621797774,-0.8793553962852544,-0.11909064611275555,0.6660286378202226,0.0
0.3898383930245225,-0.4084700480057968,-1.6264481107636888,0.6101616069754775,0.0
0.40436072746332796,-0.2857109071641396,-1.957349250213603,0.595639272536672,0.0
0.3908009361189035,-0.4623865920497612,-1.6896823593737962,0.6091990638810965,0.0
0.3234890132851618,-0.8871467980705352,0.035817643768916385,0.6765109867148382,0.0
0.3595100649858435,-0.594032919324659,-0.6490548783744315,0.6404899350141565,0.0
0.2993198614019248,-1.1715965948481775,0.7858531503442441,0.7006801385980752,0.0
0.3898383930245225,-0.4084700480057968,-1.6264481107636888,0.6101616069754775,0.0
0.40436072746332796,-0.2857109071641396,-1.957349250213603,0.595639272536672,0.0
0.3908009361189035,-0.4623865920497612,-1.6896823593737962,0.6091990638810965,0.0
0.33371646186091086,-0.8133610013543443,-0.2204128981064526,0.6662835381390891,0.0
0.3660535444760049,-0.5539968566356149,-0.8599320675754054,0.6339464555239951,0.0
0.2993198614019248,-1.1715965948481775,0.7858531503442441,0.7006801385980752,0.0
0.3870002074690475,-0.43239768694804004,-1.5508110177618244,0.6129997925309525,0.0
0.40436072746332796,-0.2857109071641396,-1.957349250213603,0.595639272536672,0.0
0.37971111659149376,-0.5034390518715987,-1.3178540422064713,0.6202888834085063,0.0
0.3332630095369271,-0.818083641389576,-0.20714723603150453,0.6667369904630729,0.0
0.3635041616526261,-0.5634342001080281,-0.7744543262389212,0.6364958383473739,0.0
0.2993198614019248,-1.1715965948481775,0.7858531503442441,0.7006801385980752,0.0
0.3871333303408652,-0.43344806689820087,-1.5556750723975763,0.6128666696591347,0.0
0.4034524088750717,-0.2925123076096271,-1.93498930577304,0.5965475911249283,0.0
0.3772919711777549,-0.5249316673502078,-1.254970357330301,0.6227080288222451,0.0
0.3332630095369271,-0.818083641389576,-0.20714723603150453,0.6667369904630729,0.0
0.3582267768992991,-0.5992244828919554,-0.621141226602979,0.641773223100701,0.0
0.2993198614019248,-1.1715965948481775,0.7858531503442441,0.7006801385980752,0.0
0.3806578760733652,-0.4796829887457501,-1.3935759758538475,0.6193421239266348,0.0
0.4034524088750717,-0.2925123076096271,-1.93498930577304,0.5965475911249283,0.0
0.38030070839303476,-0.49997858042241905,-1.333720331584066,0.6196992916069652,0.0
0.3332630095369271,-0.818083641389576,-0.20714723603150453,0.6667369904630729,0.0
0.35173262271751454,-0.6284226432980629,-0.4115003397596688,0.6482673772824854,0.0
0.2993198614019248,-1.1715965948481775,0.7858531503442441,0.7006801385980752,0.0
0.3806578760733652,-0.4796829887457501,-1.3935759758538475,0.6193421239266348,0.0
0.4034524088750717,-0.2925123076096271,-1.93498930577304,0.5965475911249283,0.0
0.3620809012803177,-0.663249329194253,-0.8605367422799381,0.6379190987196823,0.0
0.2913654552010577,-1.1318084163849629,0.8242386667319521,0.7086345447989423,0.0
0.3535457656034167,-0.6096323341950863,-0.45292103403334205,0.6464542343965833,0.0
0.2993198614019248,-1.1715965948481775,0.7858531503442441,0.7006801385980752,0.0
0.3806421284598725,-0.480577826523441,-1.3909369253371682,0.6193578715401276,0.0
0.4034524088750717,-0.2925123076096271,-1.93498930577304,0.5965475911249283,0.0
0.36913916356797255,-0.7075887314142071,-1.1976208485301716,0.6308608364320274,0.0
0.3245056605779637,-0.9122220990857507,0.03468269043174477,0.6754943394220363,0.0
0.35432307461174906,-0.6145153231469028,-0.49004327484497145,0.6456769253882509,0.0
0.29116730348493225,-1.255555240913523,1.0290044848389925,0.7088326965150678,0.0
0.3806421284598725,-0.480577826523441,-1.3909369253371682,0.6193578715401276,0.0
0.3966096546934436,-0.34622600524110336,-1.764266868444234,0.6033903453065563,0.0
0.37167175715079503,-0.6576080206704985,-1.2401830105622038,0.628328242849205,0.0
0.34398925121618773,-0.807044930843489,-0.49194476534093323,0.6560107487838123,0.0
0.3588232670820864,-0.5695839354038081,-0.569237528084141,0.6411767329179137,0.0
0.29116730348493225,-1.255555240913523,1.0290044848389925,0.7088326965150678,0.0
0.38101938214244624,-0.4774035890994443,-1.3997573333197193,0.6189806178575538,0.0
0.38998411708749176,-0.4289544409288466,-1.6250274917834169,0.6100158829125082,0.0
0.37167175715079503,-0.6576080206704985,-1.2401830105622038,0.628328242849205,0.0
0.30575469968132457,-1.1418809221106452,0.432538169136663,0.6942453003186755,0.0
0.3588232670820864,-0.5695839354038081,-0.569237528084141,0.6411767329179137,0.0
0.31864055074372477,-0.9770009452283778,0.38000185941079623,0.6813594492562752,0.0
0.34479238951668556,-0.7972350778646621,-0.5178223608312613,0.6552076104833144,0.0
0.3891332602765428,-0.43957849246254194,-1.607146260247169,0.6108667397234572,0.0
0.37513023513732846,-0.6144244345673294,-1.312864858840822,0.6248697648626715,0.0
0.29976163415829055,-1.2185647592981683,0.4569722204849861,0.7002383658417095,0.0
0.358251651503321,-0.5788584044416721,-0.5671428828668633,0.641748348496679,0.0
0.31864055074372477,-0.9770009452283778,0.38000185941079623,0.6813594492562752,0.0
0.34479238951668556,-0.7972350778646621,-0.5178223608312613,0.6552076104833144,0.0
0.40055459664978826,-0.36553276518743183,-1.9340532275194038,0.5994454033502117,0.0
0.37513023513732846,-0.6144244345673294,-1.312864858840822,0.6248697648626715,0.0
0.29976163415829055,-1.2185647592981683,0.4569722204849861,0.7002383658417095,0.0
0.3519973502912187,-0.6803345102371051,-0.5442244345109968,0.6480026497087813,0.0
0.31864055074372477,-0.9770009452283778,0.38000185941079623,0.6813594492562752,0.0
0.3394905213101088,-0.8832579476943005,-0.4983940364571629,0.6605094786898912,0.0
0.3937116614611724,-0.43252164755202394,-1.7668611529138591,0.6062883385388276,0.0
0.37513023513732846,-0.6144244345673294,-1.312864858840822,0.6248697648626715,0.0
0.29976163415829055,-1.2185647592981683,0.4569722204849861,0.7002383658417095,0.0
0.3153043917693692,-0.9182188269962439,0.5060190220010194,0.6846956082306308,0.0
0.31864055074372477,-0.9770009452283778,0.38000185941079623,0.6813594492562752,0.0
0.34367354764907593,-0.877211412687236,-0.6721087381689863,0.656326452350924,0.0
0.3917566886258076,-0.45165984507756846,-1.7190956904138046,0.6082433113741924,0.0
0.36129663252799304,-0.7498484232990918,-0.9748711973823216,0.638703367472007,0.0
0.3273357246407638,-0.9975361112691016,-0.1905341300460417,0.6726642753592362,0.0
0.3153043917693692,-0.9182188269962439,0.5060190220010194,0.6846956082306308,0.0
0.31864055074372477,-0.9770009452283778,0.38000185941079623,0.6813594492562752,0.0
0.3670137236083175,-0.6706432005035264,-1.1803296903786094,0.6329862763916825,0.0
0.3924806045723783,-0.44525295152562905,-1.7348586072113636,0.6075193954276217,0.0
0.3361602758405744,-0.9959206707769364,-0.3607195933183074,0.6638397241594256,0.0
0.3308377419594166,-0.9686842370659188,-0.2778944124293554,0.6691622580405834,0.0
0.3153043917693692,-0.9182188269962439,0.5060190220010194,0.6846956082306308,0.0
0.31896659332723554,-0.9827457175368808,0.36768621091399384,0.6810334066727645,0.0
0.3670137236083175,-0.6706432005035264,-1.1803296903786094,0.6329862763916825,0.0
0.3924806045723783,-0.44525295152562905,-1.7348586072113636,0.6075193954276217,0.0
0.33881750529751764,-0.9679063988486583,-0.4313078824946531,0.6611824947024824,0.0
0.3308377419594166,-0.9686842370659188,-0.2778944124293554,0.6691622580405834,0.0
0.3159312270688416,-0.9292634765374957,0.48234149150619077,0.6840687729311584,0.0
0.32050042989530675,-1.0097714567735883,0.309748404690955,0.6794995701046933,0.0
0.3670137236083175,-0.6706432005035264,-1.1803296903786094,0.6329862763916825,0.0
0.38435124895643263,-0.5142821769752254,-1.5427166534307744,0.6156487510435673,0.0
0.33881750529751764,-0.9679063988486583,-0.4313078824946531,0.6611824947024824,0.0
0.32990136379793095,-0.9724060145465465,-0.2246643370197311,0.6700986362020691,0.0
0.3159312270688416,-0.9292634765374957,0.48234149150619077,0.6840687729311584,0.0
0.32050042989530675,-1.0097714567735883,0.309748404690955,0.6794995701046933,0.0
0.3658703330144898,-0.678979657188638,-1.1437005647681242,0.6341296669855102,0.0
0.38435124895643263,-0.5142821769752254,-1.5427166534307744,0.6156487510435673,0.0
0.34770812676463775,-0.879334695296144,-0.6483143019897836,0.6522918732353622,0.0
0.31342538493215516,-1.0585216713813441,0.16732425082095614,0.6865746150678449,0.0
0.32713998002446976,-0.8730876710890426,0.11737893642807529,0.6728600199755302,0.0
0.3157564685180257,-1.028627053101165,0.5794272932420899,0.6842435314819744,0.0
0.37899531073059284,-0.6132001545433532,-1.5710563483753504,0.6210046892694072,0.0
0.3786882032705133,-0.5467539929490577,-1.3831586305143413,0.6213117967294868,0.0
0.33657746567782365,-0.9902225131805048,-0.37663195469874355,0.6634225343221763,0.0
0.3001002295479029,-1.097831179050977,0.48039766484376867,0.6998997704520971,0.0
0.3310187420492802,-0.8200899429302412,-0.04005716042321317,0.6689812579507197,0.0
0.3226825458437049,-0.9339921255224042,0.29830291034096845,0.6773174541562951,0.0
0.37899531073059284,-0.6132001545433532,-1.5710563483753504,0.6210046892694072,0.0
0.3560538554156188,-0.7032539430978326,-0.7036061144121324,0.6439461445843813,0.0
0.33657746567782365,-0.9902225131805048,-0.37663195469874355,0.6634225343221763,0.0
0.30884739465306815,-1.0720268455273771,0.2748837504820886,0.6911526053469319,0.0
0.3310187420492802,-0.8200899429302412,-0.04005716042321317,0.6689812579507197,0.0
0.3182550619286663,-0.964604936478131,0.4312295514686444,0.6817449380713336,0.0
0.37899531073059284,-0.6132001545433532,-1.5710563483753504,0.6210046892694072,0.0
0.36777667173030365,-0.6788060790263306,-1.0435229405681439,0.6322233282696963,0.0
0.33657746567782365,-0.9902225131805048,-0.37663195469874355,0.6634225343221763,0.0
0.30884739465306815,-1.0720268455273771,0.2748837504820886,0.6911526053469319,0.0
0.32904194007579646,-0.7595871327351769,0.07963609328206123,0.6709580599242035,0.0
0.31875003368567684,-0.9652969841550799,0.40940552474140723,0.6812499663143232,0.0
0.37899531073059284,-0.6132001545433532,-1.5710563483753504,0.6210046892694072,0.0
0.36777667173030365,-0.6788060790263306,-1.0435229405681439,0.6322233282696963,0.0
0.33657746567782365,-0.9902225131805048,-0.37663195469874355,0.6634225343221763,0.0
0.30884739465306815,-1.0720268455273771,0.2748837504820886,0.6911526053469319,0.0
0.32904194007579646,-0.7595871327351769,0.07963609328206123,0.6709580599242035,0.0
0.31188271455655014,-1.0054322679798147,0.635157058685238,0.6881172854434499,0.0
0.3501463663880399,-0.7818046051973855,-0.6226959597676776,0.64985363361196,0.0
0.36777667173030365,-0.6788060790263306,-1.0435229405681439,0.6322233282696963,0.0
0.3368518865725937,-0.9900534944890119,-0.38787547948697765,0.6631481134274063,0.0
0.3071439478605024,-1.077013089959286,0.31519782180244715,0.6928560521394975,0.0
0.34235069535256946,-0.7318318023407351,-0.3062668955842587,0.6576493046474305,0.0
0.31188271455655014,-1.0054322679798147,0.635157058685238,0.6881172854434499,0.0
0.3397707461246728,-0.8424437652972403,-0.2816149431393312,0.6602292538753272,0.0
0.36777667173030365,-0.6788060790263306,-1.0435229405681439,0.6322233282696963,0.0
0.3368518865725937,-0.9900534944890119,-0.38787547948697765,0.6631481134274063,0.0
0.3183577194949812,-0.9963920367405055,0.11007435242578839,0.6816422805050188,0.0
0.34229377669200534,-0.731950505870608,-0.3046164721767214,0.6577062233079947,0.0
0.31188271455655014,-1.0054322679798147,0.635157058685238,0.6881172854434499,0.0
0.3397707461246728,-0.8424437652972403,-0.2816149431393312,0.6602292538753272,0.0
0.36777667173030365,-0.6788060790263306,-1.0435229405681439,0.6322233282696963,0.0
0.3368518865725937,-0.9900534944890119,-0.38787547948697765,0.6631481134274063,0.0
0.2892444535488187,-1.183485530824965,0.7896716175758258,0.7107555464511812,0.0
0.36563208243695644,-0.5220728978033977,-1.0258251526423088,0.6343679175630436,0.0
0.31188271455655014,-1.0054322679798147,0.635157058685238,0.6881172854434499,0.0
0.33991453250169074,-0.8351723403470521,-0.27638042696313236,0.6600854674983092,0.0
0.3510035897405761,-0.7854281159369849,-0.6522070403756883,0.6489964102594239,0.0
0.3432857559956744,-0.9252987930692353,-0.5242822525868688,0.6567142440043257,0.0
0.2916211652635358,-1.1629064504680362,0.7331845593359734,0.7083788347364641,0.0
0.3578505777245067,-0.6624854265668003,-0.8511763820476359,0.6421494222754933,0.0
0.31188271455655014,-1.0054322679798147,0.635157058685238,0.6881172854434499,0.0
0.3383055543413607,-0.792157840016001,-0.1580647400778351,0.6616944456586393,0.0
0.34142868600311344,-0.8392745232001932,-0.3371223888797801,0.6585713139968865,0.0
0.3482598694184984,-0.9049181693655095,-0.6606846070230041,0.6517401305815016,0.0
0.2986748409109037,-1.1080847885090812,0.6990581367158222,0.7013251590890963,0.0
0.36788206753496555,-0.5544918986854916,-1.165191812302315,0.6321179324650344,0.0
0.3162958242477378,-0.9806142532775726,0.4899333397646387,0.6837041757522622,0.0
0.3252800100549078,-0.8785764505749578,0.3038511252016549,0.6747199899450922,0.0
0.34142868600311344,-0.8392745232001932,-0.3371223888797801,0.6585713139968865,0.0
0.3482598694184984,-0.9049181693655095,-0.6606846070230041,0.6517401305815016,0.0
0.3008449625079641,-1.0907258515195795,0.640601104494906,0.6991550374920359,0.0
0.36788206753496555,-0.5544918986854916,-1.165191812302315,0.6321179324650344,0.0
0.3162958242477378,-0.9806142532775726,0.4899333397646387,0.6837041757522622,0.0
0.32914913975854326,-0.8346328476927353,0.2237129536258498,0.6708508602414567,0.0
0.3446873998142441,-0.8405063188856102,-0.48595540273820653,0.6553126001857559,0.0
0.34088233555913394,-0.8777851216125628,-0.3192704870536261,0.6591176644408661,0.0
0.2959228374535995,-1.1188176252972348,0.7670779235337806,0.7040771625464005,0.0
0.3638853595753107,-0.5864618130585233,-1.0575316303606161,0.6361146404246893,0.0
0.3162958242477378,-0.9806142532775726,0.4899333397646387,0.6837041757522622,0.0
0.32914913975854326,-0.8346328476927353,0.2237129536258498,0.6708508602414567,0.0
0.3472623869719899,-0.8102732837121367,-0.5783104887678854,0.65273761302801,0.0
0.3328731967438051,-0.9792173862013114,-0.06222445803801091,0.6671268032561949,0.0
0.2959228374535995,-1.1188176252972348,0.7670779235337806,0.7040771625464005,0.0
0.3638853595753107,-0.5864618130585233,-1.0575316303606161,0.6361146404246893,0.0
0.30584949855091154,-1.0791314756571482,0.7835612914298591,0.6941505014490885,0.0
0.3399804992760267,-0.7572487882836152,-0.1758014665439317,0.6600195007239733,0.0
0.3301644793318121,-1.0404792730598773,-0.08539751744191282,0.6698355206681879,0.0
0.32400436940360444,-1.0120078948101665,0.21535145793359822,0.6759956305963956,0.0
0.3255868500455365,-0.8633362563501407,-0.03745681340063278,0.6744131499544634,0.0
0.37480398744528254,-0.4394535601176659,-1.3723030877489786,0.6251960125547175,0.0
0.32476231476145545,-0.9036808118276369,0.1922514661808148,0.6752376852385445,0.0
0.3399804992760267,-0.7572487882836152,-0.1758014665439317,0.6600195007239733,0.0
0.33118768518701963,-1.0452084225832543,-0.13535248839831993,0.6688123148129803,0.0
0.32400436940360444,-1.0120078948101665,0.21535145793359822,0.6759956305963956,0.0
0.3255868500455365,-0.8633362563501407,-0.03745681340063278,0.6744131499544634,0.0
0.3619604124947935,-0.5566625775492,-0.93101018292459,0.6380395875052065,0.0
0.3009295345330737,-1.1260150121431252,0.9119239670169621,0.6990704654669263,0.0
0.32864819218054225,-0.8606661456015294,0.21356572567523813,0.6713518078194578,0.0
0.33681062673236645,-0.9559389632540976,-0.2807389100073143,0.6631893732676335,0.0
0.3158583680974047,-1.0522552955790627,0.46125920118261454,0.6841416319025952,0.0
0.33032645164112207,-0.9024407351404701,-0.1401905228664879,0.6696735483588779,0.0
0.3613257841625214,-0.562281298002885,-0.9056619975102854,0.6386742158374785,0.0
0.3009295345330737,-1.1260150121431252,0.9119239670169621,0.6990704654669263,0.0
0.3412589047781989,-0.7399446324377914,-0.10415511000778932,0.6587410952218011,0.0
0.33331454507933067,-1.019093233246704,-0.1976928066351339,0.6666854549206693,0.0
0.316533268340763,-1.0452668175962598,0.43320306203315695,0.683466731659237,0.0
0.33032645164112207,-0.9024407351404701,-0.1401905228664879,0.6696735483588779,0.0
0.3545760556888399,-0.6350189138389613,-0.7027398230264142,0.6454239443111601,0.0
0.3009295345330737,-1.1260150121431252,0.9119239670169621,0.6990704654669263,0.0
0.33411491101195234,-0.808333609731101,0.07583437527696513,0.6658850889880477,0.0
0.33331454507933067,-1.019093233246704,-0.1976928066351339,0.6666854549206693,0.0
0.310455140510097,-1.0547468109210645,0.6617116431944408,0.689544859489903,0.0
0.33032645164112207,-0.9024407351404701,-0.1401905228664879,0.6696735483588779,0.0
0.35945042753250817,-0.5812649064098281,-0.8158169051915104,0.6405495724674919,0.0
0.2955484800181164,-1.1775274892082928,1.047497046183468,0.7044515199818836,0.0
0.33411491101195234,-0.808333609731101,0.07583437527696513,0.6658850889880477,0.0
0.33744185978893193,-0.9499524534444043,-0.29530545426244104,0.6625581402110681,0.0
0.30359455731313606,-1.1253872929471582,0.8374259219768665,0.696405442686864,0.0
0.3274595818410714,-0.8832977840230432,-0.07769315052771733,0.6725404181589286,0.0
0.35228897428812966,-0.6454491870333392,-0.5637786666900622,0.6477110257118703,0.0
0.2955484800181164,-1.1775274892082928,1.047497046183468,0.7044515199818836,0.0
0.3362127174526328,-0.7895320910046977,0.0020047457333897123,0.6637872825473672,0.0
0.33744185978893193,-0.9499524534444043,-0.29530545426244104,0.6625581402110681,0.0
0.292766676339997,-1.2376663790859292,1.0488495646586191,0.707233323660003,0.0
0.3274595818410714,-0.8832977840230432,-0.07769315052771733,0.6725404181589286,0.0
0.35043336132739344,-0.6632246900066028,-0.5274512943735538,0.6495666386726066,0.0
0.30299778025650864,-1.1370610771536358,0.808725692776126,0.6970022197434913,0.0
0.3431466076963321,-0.715254591732911,0.0651382889402756,0.6568533923036679,0.0
0.33744185978893193,-0.9499524534444043,-0.29530545426244104,0.6625581402110681,0.0
0.292766676339997,-1.2376663790859292,1.0488495646586191,0.707233323660003,0.0
0.3274955904094126,-0.8835382240540318,-0.07847813242782592,0.6725044095905874,0.0
0.3291710594837218,-0.8750272686958873,0.05374709891897089,0.6708289405162782,0.0
0.30299778025650864,-1.1370610771536358,0.808725692776126,0.6970022197434913,0.0
0.3431466076963321,-0.715254591732911,0.0651382889402756,0.6568533923036679,0.0
0.33744185978893193,-0.9499524534444043,-0.29530545426244104,0.6625581402110681,0.0
0.2973146262275918,-1.1915524038288232,0.9448253029865294,0.7026853737724081,0.0
0.3247087792055502,-0.8649298482400716,-0.017726026614520884,0.6752912207944498,0.0
0.3223444661009494,-0.9425964762529928,0.2512058878521374,0.6776555338990506,0.0
0.3023322004723309,-1.1406766685434118,0.8300594262521427,0.6976677995276691,0.0
0.3389886925968713,-0.7627891296214644,0.061749255446213944,0.6610113074031287,0.0
0.33744185978893193,-0.9499524534444043,-0.29530545426244104,0.6625581402110681,0.0
0.2979444951621089,-1.185165842591469,0.9304184488032745,0.7020555048378911,0.0
0.3134522589519793,-0.7897666800478423,0.2276645863508432,0.6865477410480207,0.0
0.30696167698524063,-1.1087765324644154,0.4263039270182558,0.6930383230147594,0.0
0.3019486556300702,-1.1433195446064819,0.8635099338492163,0.6980513443699299,0.0
0.3389886925968713,-0.7627891296214644,0.061749255446213944,0.6610113074031287,0.0
0.3425179287311543,-0.9217370723200028,-0.461535609663554,0.6574820712688457,0.0
0.2979444951621089,-1.185165842591469,0.9304184488032745,0.7020555048378911,0.0
0.3093112526547753,-0.9170367707804961,0.4565528324383863,0.6906887473452247,0.0
0.2919566155631266,-1.1869638936214932,0.7815443518748705,0.7080433844368734,0.0
0.30179285997394995,-1.1481077834709241,0.8721213176332713,0.6982071400260501,0.0
0.34046036707474725,-0.7476444546764835,0.030602385450458236,0.6595396329252528,0.0
0.3425179287311543,-0.9217370723200028,-0.461535609663554,0.6574820712688457,0.0
0.2997038821353899,-1.1846375307730324,0.9741613368264945,0.7002961178646101,0.0
0.31601870088522055,-0.8805609283027919,0.3648314263853562,0.6839812991147795,0.0
0.2919566155631266,-1.1869638936214932,0.7815443518748705,0.7080433844368734,0.0
0.29690350702380164,-1.2400623479693103,1.0464744080286763,0.7030964929761984,0.0
0.34046036707474725,-0.7476444546764835,0.030602385450458236,0.6595396329252528,0.0
0.3425179287311543,-0.9217370723200028,-0.461535609663554,0.6574820712688457,0.0
0.30208981991440925,-1.1401682746522968,0.8850507389399511,0.6979101800855907,0.0
0.31601870088522055,-0.8805609283027919,0.3648314263853562,0.6839812991147795,0.0
0.2919566155631266,-1.1869638936214932,0.7815443518748705,0.7080433844368734,0.0
0.29690350702380164,-1.2400623479693103,1.0464744080286763,0.7030964929761984,0.0
0.3212403688544489,-0.9217282847208993,0.32816912633990475,0.678759631145551,0.0
0.3357715607936977,-0.9217342860805476,-0.21114793636347534,0.6642284392063023,0.0
0.30208981991440925,-1.1401682746522968,0.8850507389399511,0.6979101800855907,0.0
0.317277095676257,-0.8904820468385886,0.3559960029772629,0.682722904323743,0.0
0.2919566155631266,-1.1869638936214932,0.7815443518748705,0.7080433844368734,0.0
0.29353989852075824,-1.3048491360979726,1.1511665153873756,0.7064601014792418,0.0
0.3212403688544489,-0.9217282847208993,0.32816912633990475,0.678759631145551,0.0
0.33999047612278377,-0.927368185869258,-0.3462313861282389,0.6600095238772162,0.0
0.31013770029174453,-0.9851572736932137,0.634560958184666,0.6898622997082555,0.0
0.3182780650142961,-0.8983736366036772,0.3489680114573597,0.6817219349857039,0.0
0.2919566155631266,-1.1869638936214932,0.7815443518748705,0.7080433844368734,0.0
0.29353989852075824,-1.3048491360979726,1.1511665153873756,0.7064601014792418,0.0
0.3200665237965924,-0.912473751847268,0.33641091037742266,0.6799334762034076,0.0
0.33999047612278377,-0.927368185869258,-0.3462313861282389,0.6600095238772162,0.0
0.31013770029174453,-0.9851572736932137,0.634560958184666,0.6898622997082555,0.0
0.31583960276343837,-0.8951173370839469,0.4270439782102573,0.6841603972365616,0.0
0.30980921711188464,-1.0904807319461456,0.3623873103141496,0.6901907828881153,0.0
0.2925140036187019,-1.3200239237767473,1.1826765025383992,0.707485996381298,0.0
0.3200665237965924,-0.912473751847268,0.33641091037742266,0.6799334762034076,0.0
0.3367178008135882,-0.9229978860896251,-0.24144514695479968,0.6632821991864117,0.0
0.32031094309918634,-0.9613664478333372,0.2992792010272243,0.6796890569008136,0.0
0.3140650864201067,-0.8878308887643352,0.46509291710790346,0.6859349135798933,0.0
0.31238101746285346,-1.061621182716758,0.22437524488544314,0.6876189825371466,0.0
0.29758411498596654,-1.227665150831662,1.018430301302642,0.7024158850140334,0.0
0.3216108483673178,-0.9188149958800901,0.3032977122654555,0.6783891516326822,0.0
0.33005604025070895,-0.9580420430077197,-0.1320635362511935,0.6699439597492911,0.0
0.32025762696895105,-0.9631117125150478,0.29911438019467435,0.679742373031049,0.0
0.32156181012060236,-0.7332499784787215,0.21339552784661397,0.6784381898793976,0.0
0.31415919249856206,-1.0416673282263937,0.12895197096005517,0.6858408075014379,0.0
0.29758411498596654,-1.227665150831662,1.018430301302642,0.7024158850140334,0.0
0.32261988177915146,-0.885785022238565,0.3064170258066899,0.6773801182208485,0.0
0.32898552812445137,-0.9297119145229921,-0.08852596879919777,0.6710144718755486,0.0
0.32025762696895105,-0.9631117125150478,0.29911438019467435,0.679742373031049,0.0
0.32156181012060236,-0.7332499784787215,0.21339552784661397,0.6784381898793976,0.0
0.3169869835484984,-1.0052417721087736,0.20785480089217215,0.6830130164515016,0.0
0.29758411498596654,-1.227665150831662,1.018430301302642,0.7024158850140334,0.0
0.3227426050388506,-0.9034772055961915,0.31720637202867585,0.6772573949611493,0.0
0.32898552812445137,-0.9297119145229921,-0.08852596879919777,0.6710144718755486,0.0
0.32216583162346263,-0.9385316022808138,0.3523583238495601,0.6778341683765374,0.0
0.32156181012060236,-0.7332499784787215,0.21339552784661397,0.6784381898793976,0.0
0.3169869835484984,-1.0052417721087736,0.20785480089217215,0.6830130164515016,0.0
0.2982114681985853,-1.2202861356378023,1.0014313910535044,0.7017885318014148,0.0
0.323282395915256,-0.9812952099708326,0.3646626624440757,0.676717604084744,0.0
0.32957831137314497,-0.9418578390470568,-0.11569381739060258,0.670421688626855,0.0
0.3225017713643743,-1.0527034574009257,0.42964551555469677,0.6774982286356257,0.0
0.3217006857901417,-0.7804480050632836,0.24534563433220619,0.6782993142098583,0.0
0.3133095042561489,-1.0192302102371873,0.11625513590759917,0.6866904957438511,0.0
0.3048801739236846,-1.157319014088595,0.7652388021239416,0.6951198260763154,0.0
0.3204499008846569,-1.0083890332416894,0.4263198865303558,0.6795500991153431,0.0
0.32957831137314497,-0.9418578390470568,-0.11569381739060258,0.670421688626855,0.0
0.3221299961768298,-0.9263526340824477,0.34411392553504005,0.6778700038231702,0.0
0.32189364685132804,-0.7452830918217391,0.21742637851258095,0.678106353148672,0.0
0.31389816883237714,-1.0208289267859492,0.1444117554587821,0.6861018311676228,0.0
0.31109758740490717,-1.074070997750481,0.6134512969219896,0.6889024125950929,0.0
0.3202864370646574,-1.038178416721821,0.44997122934408224,0.6797135629353426,0.0
0.32957831137314497,-0.9418578390470568,-0.11569381739060258,0.670421688626855,0.0
0.3198966291745309,-0.9217034198347784,0.48198664082503306,0.6801033708254691,0.0
0.3217376196446123,-0.7737172388654352,0.24000172854608853,0.6782623803553878,0.0
0.3139221295021719,-1.020373408632091,0.14039883818972804,0.6860778704978281,0.0
0.31109758740490717,-1.074070997750481,0.6134512969219896,0.6889024125950929,0.0
0.3201705423818798,-1.0592988771917988,0.46673986274975054,0.6798294576181202,0.0
0.3321808913950298,-0.9381394200032409,-0.21794272881458499,0.6678191086049702,0.0
0.3176438082878496,-0.958909181629293,0.35318319641735574,0.6823561917121503,0.0
0.3184868764047563,-0.8654813359343696,0.35409806138377303,0.6815131235952436,0.0
0.3146826717623425,-1.0078129097775843,0.18388230520955048,0.6853173282376575,0.0
0.31109758740490717,-1.074070997750481,0.6134512969219896,0.6889024125950929,0.0
0.3231771657594223,-1.054403647013722,0.41812218208732266,0.6768228342405778,0.0
0.3321808913950298,-0.9381394200032409,-0.21794272881458499,0.6678191086049702,0.0
0.32146509931268163,-0.8916846222665105,0.20125429357511126,0.6785349006873184,0.0
0.31674198832824946,-0.8501292943646878,0.44364651905899233,0.6832580116717506,0.0
0.3146826717623425,-1.0078129097775843,0.18388230520955048,0.6853173282376575,0.0
0.31109758740490717,-1.074070997750481,0.6134512969219896,0.6889024125950929,0.0
0.3231771657594223,-1.054403647013722,0.41812218208732266,0.6768228342405778,0.0
0.3321808913950298,-0.9381394200032409,-0.21794272881458499,0.6678191086049702,0.0
0.32146509931268163,-0.8916846222665105,0.20125429357511126,0.6785349006873184,0.0
0.31674198832824946,-0.8501292943646878,0.44364651905899233,0.6832580116717506,0.0
0.31347848884904767,-1.0012081879758084,0.15067636528593986,0.6865215111509524,0.0
0.31065556340114336,-1.0916083076766627,0.6267490390187336,0.6893444365988566,0.0
0.3228465777694393,-1.0229837477302666,0.3762465180372525,0.6771534222305606,0.0
0.3321808913950298,-0.9381394200032409,-0.21794272881458499,0.6678191086049702,0.0
0.32146509931268163,-0.8916846222665105,0.20125429357511126,0.6785349006873184,0.0
0.31674198832824946,-0.8501292943646878,0.44364651905899233,0.6832580116717506,0.0
0.3144972303828327,-0.9540470516616129,0.2421306050399482,0.6855027696171673,0.0
0.31065556340114336,-1.0916083076766627,0.6267490390187336,0.6893444365988566,0.0
0.32347032571320267,-1.0173141851804688,0.33654093969520604,0.6765296742867973,0.0
0.33284028619523254,-0.9409980096284101,-0.24373796025431838,0.6671597138047675,0.0
0.31710207069134083,-0.9723793688927141,0.37299577885192575,0.6828979293086592,0.0
0.31674198832824946,-0.8501292943646878,0.44364651905899233,0.6832580116717506,0.0
0.3144972303828327,-0.9540470516616129,0.2421306050399482,0.6855027696171673,0.0
0.31065556340114336,-1.0916083076766627,0.6267490390187336,0.6893444365988566,0.0
0.32347032571320267,-1.0173141851804688,0.33654093969520604,0.6765296742867973,0.0
0.33284028619523254,-0.9409980096284101,-0.24373796025431838,0.6671597138047675,0.0
0.3173738464518355,-0.9742920694298021,0.38664958404637373,0.6826261535481646,0.0
0.31674198832824946,-0.8501292943646878,0.44364651905899233,0.6832580116717506,0.0
0.3154054454122484,-0.960438877670647,0.2877586296428106,0.6845945545877516,0.0
0.31137355802981037,-1.0658985719285472,0.5548651482496152,0.6886264419701896,0.0
0.3278398995071749,-0.999764615850302,0.257678241389542,0.672160100492825,0.0
0.33305782677153656,-0.9422002639259542,-0.2530144545453084,0.6669421732284635,0.0
0.3192575407899819,-0.9875491132725811,0.4812849389143886,0.6807424592100181,0.0
0.316700424140922,-0.8517998524559031,0.4445076109761828,0.6832995758590781,0.0
0.3154054454122484,-0.960438877670647,0.2877586296428106,0.6845945545877516,0.0
0.31137355802981037,-1.0658985719285472,0.5548651482496152,0.6886264419701896,0.0
0.32962814946190316,-0.9925824470530925,0.225403648185647,0.6703718505380969,0.0
0.33305782677153656,-0.9422002639259542,-0.2530144545453084,0.6669421732284635,0.0
0.31900287766844576,-0.9740298510525676,0.4776222866306353,0.6809971223315543,0.0
0.3168407751590395,-0.8592506455088245,0.44652618741526223,0.6831592248409605,0.0
0.320958546382283,-0.9729889866861239,0.26341280153534413,0.679041453617717,0.0
0.3071418567827296,-1.116854751393081,0.597708904878429,0.6928581432172705,0.0
0.32962814946190316,-0.9925824470530925,0.225403648185647,0.6703718505380969,0.0
0.34021565824734135,-0.8277586959042781,-0.5528293935350619,0.6597843417526587,0.0
0.32051165460969044,-1.0541260619886252,0.4993220336383272,0.6794883453903096,0.0
0.3168407751590395,-0.8592506455088245,0.44652618741526223,0.6831592248409605,0.0
0.32468841507498136,-1.076012941859258,0.097549073761383,0.6753115849250186,0.0
0.3077590865984989,-1.1126950785284662,0.5774475825110033,0.6922409134015011,0.0
0.3503336060387505,-0.8788607530382135,-0.10790877772145335,0.6496663939612495,0.0
0.34717341145702507,-0.7666765504389905,-0.795128190308831,0.6528265885429749,0.0
0.32051165460969044,-1.0541260619886252,0.4993220336383272,0.6794883453903096,0.0
0.3172882145373037,-0.8830037914132034,0.4529614138852547,0.6827117854626963,0.0
0.3138154690596466,-1.1611918272264963,0.17380547273951902,0.6861845309403534,0.0
0.3077590865984989,-1.1126950785284662,0.5774475825110033,0.6922409134015011,0.0
0.3484159564025691,-0.890130889291486,-0.06886183784388672,0.6515840435974309,0.0
0.34082316286840997,-0.8417792066449034,-0.6106752779278202,0.65917683713159,0.0
0.33019896817217465,-0.9971931678261784,0.30207017745323067,0.6698010318278254,0.0
0.3172882145373037,-0.8830037914132034,0.4529614138852547,0.6827117854626963,0.0
0.32122889449905745,-1.15110138833184,-0.058828245233429666,0.6787711055009426,0.0
0.2939641291202677,-1.1882115543786007,0.7967416652709935,0.7060358708797323,0.0
0.3422408337431209,-0.9264224372570642,0.05687523042485734,0.6577591662568791,0.0
0.34082316286840997,-0.8417792066449034,-0.6106752779278202,0.65917683713159,0.0
0.33019896817217465,-0.9971931678261784,0.30207017745323067,0.6698010318278254,0.0
0.3172028165024784,-0.8781176164587683,0.4629314543282922,0.6827971834975216,0.0
0.3218127863084012,-1.1418838618117975,-0.07527279709558976,0.6781872136915987,0.0
0.29399803482201686,-1.1877678806740328,0.7962419196019854,0.7060019651779832,0.0
0.34360678467813854,-0.918394665727543,0.02906190987400431,0.6563932153218615,0.0
0.3416897077930649,-0.8280996161865397,-0.635080386419402,0.658310292206935,0.0
0.33019896817217465,-0.9971931678261784,0.30207017745323067,0.6698010318278254,0.0
0.31723910679382494,-0.8801940191889881,0.4586946393576097,0.6827608932061751,0.0
0.3212714680468176,-1.1109115363064355,-0.012075031812319559,0.6787285319531824,0.0
0.2943329194370273,-1.1852423377274166,0.7861913638225989,0.7056670805629728,0.0
0.3832905184097302,-0.7029138288315855,-0.5846315881186339,0.6167094815902698,0.0
0.3416897077930649,-0.8280996161865397,-0.635080386419402,0.658310292206935,0.0
0.32107842218360283,-1.045013074469986,0.4251796277562074,0.6789215778163972,0.0
0.31723910679382494,-0.8801940191889881,0.4586946393576097,0.6827608932061751,0.0
0.32138389992565497,-1.1093542485121959,-0.015505575454412668,0.678616100074345,0.0
0.2943329194370273,-1.1852423377274166,0.7861913638225989,0.7056670805629728,0.0
0.3832905184097302,-0.7029138288315855,-0.5846315881186339,0.6167094815902698,0.0
0.3416897077930649,-0.8280996161865397,-0.635080386419402,0.658310292206935,0.0
0.32107842218360283,-1.045013074469986,0.4251796277562074,0.6789215778163972,0.0
0.31723910679382494,-0.8801940191889881,0.4586946393576097,0.6827608932061751,0.0
0.32138389992565497,-1.1093542485121959,-0.015505575454412668,0.678616100074345,0.0
0.2943329194370273,-1.1852423377274166,0.7861913638225989,0.7056670805629728,0.0
0.3832905184097302,-0.7029138288315855,-0.5846315881186339,0.6167094815902698,0.0
0.33721439694123406,-0.8900869016170726,-0.49852881983618424,0.662785603058766,0.0
0.3240157194943511,-1.0168112312147362,0.2570332108348855,0.6759842805056488,0.0
0.31723910679382494,-0.8801940191889881,0.4586946393576097,0.6827608932061751,0.0
0.32138389992565497,-1.1093542485121959,-0.015505575454412668,0.678616100074345,0.0
0.30006320164114425,-1.1551979127130698,0.7088438132358559,0.6999367983588558,0.0
0.3723684889026812,-0.7472819257706017,-0.5642215157026534,0.6276315110973187,0.0
0.34077968248248314,-0.8407043269080225,-0.607313514819973,0.6592203175175169,0.0
0.3240157194943511,-1.0168112312147362,0.2570332108348855,0.6759842805056488,0.0
0.31723910679382494,-0.8801940191889881,0.4586946393576097,0.6827608932061751,0.0
0.32138389992565497,-1.1093542485121959,-0.015505575454412668,0.678616100074345,0.0
0.30006320164114425,-1.1551979127130698,0.7088438132358559,0.6999367983588558,0.0
0.3723684889026812,-0.7472819257706017,-0.5642215157026534,0.6276315110973187,0.0
0.34077968248248314,-0.8407043269080225,-0.607313514819973,0.6592203175175169,0.0
0.32247426965628545,-0.9857354432568792,0.30290435473489136,0.6775257303437145,0.0
0.31723910679382494,-0.8801940191889881,0.4586946393576097,0.6827608932061751,0.0
0.322224502943777,-1.0977111021602992,-0.04115422038645933,0.677775497056223,0.0
0.2861020723722752,-1.2607657259338065,0.961726596494455,0.7138979276277249,0.0
0.3816107226790476,-0.6816472483539084,-0.6636900237037304,0.6183892773209524,0.0
0.34077968248248314,-0.8407043269080225,-0.607313514819973,0.6592203175175169,0.0
0.32247426965628545,-0.9857354432568792,0.30290435473489136,0.6775257303437145,0.0
0.324836105651073,-0.8674499320817167,0.11467320011107218,0.675163894348927,0.0
0.31788567395355055,-1.1126698855370607,0.11138643359673761,0.6821143260464495,0.0
0.30082644702597217,-1.1714842063502302,0.7111394171418965,0.6991735529740278,0.0
0.3816107226790476,-0.6816472483539084,-0.6636900237037304,0.6183892773209524,0.0
0.34077968248248314,-0.8407043269080225,-0.607313514819973,0.6592203175175169,0.0
0.3196353364246658,-1.0971614064786428,0.3625790012899075,0.6803646635753342,0.0
0.3312840307801681,-0.6399590410333446,0.11772233796661005,0.6687159692198319,0.0
0.31788567395355055,-1.1126698855370607,0.11138643359673761,0.6821143260464495,0.0
0.30082644702597217,-1.1714842063502302,0.7111394171418965,0.6991735529740278,0.0
0.36643442955344924,-0.7736689839974662,-0.4054118572746743,0.6335655704465508,0.0
0.34077968248248314,-0.8407043269080225,-0.607313514819973,0.6592203175175169,0.0
0.3232835940489425,-1.0827454186155876,0.2949706397488261,0.6767164059510575,0.0
0.3312840307801681,-0.6399590410333446,0.11772233796661005,0.6687159692198319,0.0
0.2839529143042254,-1.3496118209318293,0.4725984147202713,0.7160470856957746,0.0
0.30082644702597217,-1.1714842063502302,0.7111394171418965,0.6991735529740278,0.0
0.36643442955344924,-0.7736689839974662,-0.4054118572746743,0.6335655704465508,0.0
0.34077968248248314,-0.8407043269080225,-0.607313514819973,0.6592203175175169,0.0
0.340216992404312,-0.9678489782942828,0.21849492429991027,0.659783007595688,0.0
0.3312840307801681,-0.6399590410333446,0.11772233796661005,0.6687159692198319,0.0
0.2988516757468841,-1.2485207924782897,0.40531165888317483,0.7011483242531159,0.0
0.28168540477174514,-1.247119498931265,1.0658551851253728,0.7183145952282548,0.0
0.36290519473202876,-0.7984661910231172,-0.36307511450213054,0.6370948052679712,0.0
0.3531783704260255,-0.7201073921018897,-0.9067606984577463,0.6468216295739745,0.0
0.340216992404312,-0.9678489782942828,0.21849492429991027,0.659783007595688,0.0
0.3312840307801681,-0.6399590410333446,0.11772233796661005,0.6687159692198319,0.0
0.2988516757468841,-1.2485207924782897,0.40531165888317483,0.7011483242531159,0.0
0.2915095796899859,-1.1928513387120339,0.8930147823567942,0.7084904203100141,0.0
0.36046668599214504,-0.7788216893846664,-0.49937674867540316,0.639533314007855,0.0
0.3531783704260255,-0.7201073921018897,-0.9067606984577463,0.6468216295739745,0.0
0.340216992404312,-0.9678489782942828,0.21849492429991027,0.659783007595688,0.0
0.32649635207734656,-0.7065110764730927,0.21104483576926536,0.6735036479226535,0.0
0.28917509361342836,-1.3141783065979082,0.44901366873529436,0.7108249063865717,0.0
0.2915095796899859,-1.1928513387120339,0.8930147823567942,0.7084904203100141,0.0
0.36046668599214504,-0.7788216893846664,-0.49937674867540316,0.639533314007855,0.0
0.35429144621330566,-0.6965731325205697,-1.0204277994807305,0.6457085537866943,0.0
0.340216992404312,-0.9678489782942828,0.21849492429991027,0.659783007595688,0.0
0.31137785730064327,-0.952671421079309,0.30744379728052657,0.6886221426993567,0.0
0.2941785240415088,-1.2327121172331172,0.41711065825808485,0.7058214759584912,0.0
0.302747893174851,-1.1253746819802242,0.66608918529297,0.6972521068251489,0.0
0.34640958821121576,-0.8632227841651827,-0.21553386502405414,0.6535904117887843,0.0
0.3505752290104268,-0.7751467762136265,-0.6409283610326346,0.6494247709895732,0.0
0.34434511155278047,-0.8882821951953999,-0.1448883152147512,0.6556548884472195,0.0
0.3215181155832212,-0.7875670565177121,0.24278720399302797,0.6784818844167788,0.0
0.2941785240415088,-1.2327121172331172,0.41711065825808485,0.7058214759584912,0.0
0.302747893174851,-1.1253746819802242,0.66608918529297,0.6972521068251489,0.0
0.34640958821121576,-0.8632227841651827,-0.21553386502405414,0.6535904117887843,0.0
0.3505752290104268,-0.7751467762136265,-0.6409283610326346,0.6494247709895732,0.0
0.3740545679274001,-0.6843052804691582,-0.4777131058429905,0.6259454320725999,0.0
0.3215181155832212,-0.7875670565177121,0.24278720399302797,0.6784818844167788,0.0
0.2941785240415088,-1.2327121172331172,0.41711065825808485,0.7058214759584912,0.0
0.2961261385431116,-1.163116827578859,0.7951866160738873,0.7038738614568885,0.0
0.34640958821121576,-0.8632227841651827,-0.21553386502405414,0.6535904117887843,0.0
0.35139550748322707,-0.75374007215393,-0.7506889998510466,0.6486044925167729,0.0
0.3740545679274001,-0.6843052804691582,-0.4777131058429905,0.6259454320725999,0.0
0.33080568569409247,-0.7835971431121752,-0.039676169005319006,0.6691943143059076,0.0
0.2945352075126401,-1.21996653053316,0.48635097500150193,0.7054647924873598,0.0
0.2961261385431116,-1.163116827578859,0.7951866160738873,0.7038738614568885,0.0
0.34749430003966697,-0.855549391780086,-0.22867234896110938,0.652505699960333,0.0
0.37986856388114126,-0.5428419260607719,-1.5470759396781006,0.6201314361188588,0.0
0.3845928639333756,-0.6149188744217335,-0.6168703425719599,0.6154071360666244,0.0
0.3445411393686017,-0.7672453368506413,-0.2583839924942201,0.6554588606313982,0.0
0.29494992248106006,-1.2051472691611647,0.5668565158962093,0.7050500775189399,0.0
0.2961261385431116,-1.163116827578859,0.7951866160738873,0.7038738614568885,0.0
0.366635258233811,-0.7409426926304743,-0.6101857431624694,0.633364741766189,0.0
0.39128487684180524,-0.45380275930431,-1.8312693051470652,0.6087151231581948,0.0
0.3845928639333756,-0.6149188744217335,-0.6168703425719599,0.6154071360666244,0.0
0.3370237498962586,-0.833625627201952,-0.13328816506184704,0.6629762501037414,0.0
0.31167984807172555,-1.057418150914741,0.288456162642461,0.6883201519282744,0.0
0.3037594561787652,-1.1158157764186223,0.673347820329731,0.6962405438212348,0.0
0.371735163212121,-0.7249801771774524,-0.692320442448119,0.6282648367878789,0.0
0.354984271019282,-0.7283447746170676,-0.7900184272809756,0.645015728980718,0.0
0.3678413321164957,-0.691936771473708,-0.4465761843432424,0.6321586678835043,0.0
0.33530511556047204,-0.8415273285980129,-0.11581672479506322,0.664694884439528,0.0
0.3159641212170057,-1.0258298934048091,0.08026179358130991,0.6840358787829943,0.0
0.30345949951110907,-1.1180273787461215,0.687924222685673,0.6965405004888909,0.0
0.37950068122698144,-0.7006743907284656,-0.8173852210391918,0.6204993187730186,0.0
0.34855186021530066,-0.746559764108055,-0.9618431994674435,0.6514481397846994,0.0
0.3596683580188928,-0.6858118724620105,-0.18664635263869744,0.6403316419811071,0.0
0.33530511556047204,-0.8415273285980129,-0.11581672479506322,0.664694884439528,0.0
0.31352041244274065,-1.0438475359367294,0.19901388738461956,0.6864795875572594,0.0
0.30345949951110907,-1.1180273787461215,0.687924222685673,0.6965405004888909,0.0
0.37950068122698144,-0.7006743907284656,-0.8173852210391918,0.6204993187730186,0.0
0.34855186021530066,-0.746559764108055,-0.9618431994674435,0.6514481397846994,0.0
0.3596683580188928,-0.6858118724620105,-0.18664635263869744,0.6403316419811071,0.0
0.33738232170146254,-0.8342201938909967,-0.15707047992058043,0.6626176782985375,0.0
0.31938929017627005,-0.989341741045874,0.11419738290121192,0.68061070982373,0.0
0.2982496663674485,-1.1632618349818722,0.8194134744750435,0.7017503336325515,0.0
0.3723184454523617,-0.7113229246449688,-0.8509093174887802,0.6276815545476383,0.0
0.34503908953537554,-0.7758040114106763,-0.8322289781181166,0.6549609104646245,0.0
0.3598696483432624,-0.6842950144765716,-0.1881497869621531,0.6401303516567376,0.0
0.3368609690979869,-0.8386039167631195,-0.14406107773381327,0.6631390309020131,0.0
0.31938929017627005,-0.989341741045874,0.11419738290121192,0.68061070982373,0.0
0.2992391860097695,-1.1549415928663833,0.7947218187456164,0.7007608139902305,0.0
0.36813890639330327,-0.7022486176863496,-0.6283955018708397,0.6318610936066967,0.0
0.34503908953537554,-0.7758040114106763,-0.8322289781181166,0.6549609104646245,0.0
0.3598696483432624,-0.6842950144765716,-0.1881497869621531,0.6401303516567376,0.0
0.339530716579548,-0.8155705306439031,-0.183524078282386,0.660469283420452,0.0
0.3187745910193461,-0.9929617880243384,0.12356096882514855,0.681225408980654,0.0
0.2992391860097695,-1.1549415928663833,0.7947218187456164,0.7007608139902305,0.0
0.37057607048358976,-0.6878958267288785,-0.6655203215701656,0.6294239295164102,0.0
0.34503908953537554,-0.7758040114106763,-0.8322289781181166,0.6549609104646245,0.0
0.332219283976356,-0.898932160222486,0.26008624782548706,0.667780716023644,0.0
0.339530716579548,-0.8155705306439031,-0.183524078282386,0.660469283420452,0.0
0.2884474422435835,-1.1715624938403673,0.5855281932652855,0.7115525577564166,0.0
0.27387514608951724,-1.351831046503535,1.205894580492527,0.7261248539104828,0.0
0.3861575517433485,-0.6021676160290927,-1.0415247455129273,0.6138424482566516,0.0
0.3433273640965482,-0.7922443219588041,-0.6863809189679025,0.6566726359034518,0.0
0.33661417370722224,-0.8567213299331862,-0.11438159782689017,0.6633858262927778,0.0
0.37040965789335195,-0.5633580089256706,-0.8369915130239567,0.629590342106648,0.0
0.2884474422435835,-1.1715624938403673,0.5855281932652855,0.7115525577564166,0.0
0.27387514608951724,-1.351831046503535,1.205894580492527,0.7261248539104828,0.0
0.3861575517433485,-0.6021676160290927,-1.0415247455129273,0.6138424482566516,0.0
0.3420396436223341,-0.8026196750140763,-0.6512960509329857,0.6579603563776659,0.0
0.3716420734101639,-0.5802960464612449,-0.8515065312280716,0.628357926589836,0.0
0.3795850030468758,-0.4837109853528375,-1.0331773509535362,0.6204149969531242,0.0
0.2516095150822254,-1.4261782934799885,1.4392920772199171,0.7483904849177746,0.0
0.27387514608951724,-1.351831046503535,1.205894580492527,0.7261248539104828,0.0
0.3861575517433485,-0.6021676160290927,-1.0415247455129273,0.6138424482566516,0.0
0.3420396436223341,-0.8026196750140763,-0.6512960509329857,0.6579603563776659,0.0
0.33912469852235255,-0.8369093360776865,-0.1672129252215937,0.6608753014776474,0.0
0.3822316054553182,-0.4642202509376927,-1.084309357929838,0.6177683945446818,0.0
0.2516095150822254,-1.4261782934799885,1.4392920772199171,0.7483904849177746,0.0
0.27387514608951724,-1.351831046503535,1.205894580492527,0.7261248539104828,0.0
0.3861575517433485,-0.6021676160290927,-1.0415247455129273,0.6138424482566516,0.0
0.3270799751944492,-0.9231519214426622,-0.24370915366107138,0.6729200248055508,0.0
0.33912469852235255,-0.8369093360776865,-0.1672129252215937,0.6608753014776474,0.0
0.3822316054553182,-0.4642202509376927,-1.084309357929838,0.6177683945446818,0.0
0.2516095150822254,-1.4261782934799885,1.4392920772199171,0.7483904849177746,0.0
0.27387514608951724,-1.351831046503535,1.205894580492527,0.7261248539104828,0.0
0.3630127957095314,-0.7176834622813871,-0.611277962842893,0.6369872042904686,0.0
0.3390198019848615,-0.8548784661972323,-0.3658456253401309,0.6609801980151385,0.0
0.3118440587723174,-1.0727693732240553,0.4131807791019908,0.6881559412276825,0.0
0.3822316054553182,-0.4642202509376927,-1.084309357929838,0.6177683945446818,0.0
0.2934375176385324,-1.1181386399451858,0.631180623950081,0.7065624823614676,0.0
0.306497452271493,-1.1197477826386752,0.5408517019011061,0.6935025477285071,0.0
0.3630127957095314,-0.7176834622813871,-0.611277962842893,0.6369872042904686,0.0
0.3276833328940214,-0.9203521664591018,-0.11788180738055709,0.6723166671059786,0.0
0.33578258953324297,-0.8658041844955131,-0.09610979002330844,0.6642174104667571,0.0
0.39501603425810566,-0.3536900038485761,-1.3562971873392047,0.6049839657418943,0.0
0.2940106997401343,-1.1147230454731574,0.6213360345019223,0.7059893002598657,0.0
0.306497452271493,-1.1197477826386752,0.5408517019011061,0.6935025477285071,0.0
0.3630127957095314,-0.7176834622813871,-0.611277962842893,0.6369872042904686,0.0
0.3363114834812203,-0.8185497034388909,-0.43788440493473235,0.6636885165187797,0.0
0.3208304994872722,-0.9549037498231088,0.16069723078753173,0.6791695005127278,0.0
0.39501603425810566,-0.3536900038485761,-1.3562971873392047,0.6049839657418943,0.0
0.3019021300783548,-1.117898599982624,0.5704712077631481,0.6980978699216451,0.0
0.31064242107169654,-1.121415740638803,0.5141349837874264,0.6893575789283035,0.0
0.37926264427641915,-0.6241814749680172,-0.9015559684148222,0.6207373557235809,0.0
0.3363114834812203,-0.8185497034388909,-0.43788440493473235,0.6636885165187797,0.0
0.33026328481954814,-0.8736767091517211,-0.04351000312998465,0.6697367151804519,0.0
0.39501603425810566,-0.3536900038485761,-1.3562971873392047,0.6049839657418943,0.0
0.30683367103744236,-1.0754324074481894,0.463709916932073,0.6931663289625576,0.0
0.31248542049931505,-1.1436664150039135,0.5385349492659277,0.687514579500685,0.0
0.39138756941857444,-0.5693121727980484,-1.032448426119263,0.6086124305814256,0.0
0.33671758648957195,-0.8159261039551259,-0.3711155455377252,0.663282413510428,0.0
0.33772734794780673,-0.8094026121659283,-0.20509702451507272,0.6622726520521933,0.0
0.40122077848174387,-0.2942986901204089,-1.4987527952512745,0.5987792215182561,0.0
0.2890253042716635,-1.1820292047431447,0.7788241461144825,0.7109746957283365,0.0
0.33017533739147564,-0.9743399502698896,0.13238962337381777,0.6698246626085244,0.0
0.39138756941857444,-0.5693121727980484,-1.032448426119263,0.6086124305814256,0.0
0.338818190686224,-0.7650621295959996,-0.532782436387136,0.661181809313776,0.0
0.3570423387124295,-0.7229820851542929,-0.5029020697251109,0.6429576612875705,0.0
0.4139151802071275,-0.1711191650403655,-1.7849043486867266,0.5860848197928725,0.0
0.33847917969192776,-0.8860096537670272,-0.09624879224645966,0.6615208203080722,0.0
0.3154765556938213,-1.1118563907235959,0.479954050071171,0.6845234443061787,0.0
0.39138756941857444,-0.5693121727980484,-1.032448426119263,0.6086124305814256,0.0
0.300542207779413,-1.067787324094297,0.10540821836717007,0.699457792220587,0.0
0.3540609251447432,-0.736321741118872,-0.4569336292979539,0.6459390748552568,0.0
0.4070113209861561,-0.2324949028625003,-1.6319522460105924,0.5929886790138439,0.0
0.35640210080510537,-0.8001307161194469,-0.19151951394459854,0.6435978991948946,0.0
0.2778325748549361,-1.3809019895334238,1.2299486429615905,0.7221674251450638,0.0
0.3626195543717651,-0.7271643778441377,-0.6721231824407033,0.6373804456282349,0.0
0.300542207779413,-1.067787324094297,0.10540821836717007,0.699457792220587,0.0
0.3540609251447432,-0.736321741118872,-0.4569336292979539,0.6459390748552568,0.0
0.4070113209861561,-0.2324949028625003,-1.6319522460105924,0.5929886790138439,0.0
0.355610352377335,-0.7785515341342182,-0.28127835267546575,0.6443896476226649,0.0
0.2778325748549361,-1.3809019895334238,1.2299486429615905,0.7221674251450638,0.0
0.37110945177182303,-0.6617042649656107,-0.8625816082182278,0.628890548228177,0.0
0.3280350386061105,-0.90193477926228,-0.37361568537587486,0.6719649613938895,0.0
0.39826796624072625,-0.4625275739591229,-0.9214340955559011,0.6017320337592738,0.0
0.39661163566815116,-0.38296832787642765,-1.5042617533576816,0.6033883643318488,0.0
0.355610352377335,-0.7785515341342182,-0.28127835267546575,0.6443896476226649,0.0
0.2778325748549361,-1.3809019895334238,1.2299486429615905,0.7221674251450638,0.0
0.38413329660971635,-0.5635178694435136,-1.3510489192055744,0.6158667033902836,0.0
0.3280350386061105,-0.90193477926228,-0.37361568537587486,0.6719649613938895,0.0
0.38374149807058006,-0.5701452202060174,-0.703437794762586,0.61625850192942,0.0
0.40898601275398744,-0.2790038129909964,-1.7891112061520098,0.5910139872460125,0.0
0.355610352377335,-0.7785515341342182,-0.28127835267546575,0.6443896476226649,0.0
0.300443356559831,-1.165179050338234,0.5077163007900046,0.699556643440169,0.0
0.38413329660971635,-0.5635178694435136,-1.3510489192055744,0.6158667033902836,0.0
0.33178850993446307,-0.8851402115982648,-0.36104699681251173,0.6682114900655369,0.0
0.38374149807058006,-0.5701452202060174,-0.703437794762586,0.61625850192942,0.0
0.40898601275398744,-0.2790038129909964,-1.7891112061520098,0.5910139872460125,0.0
0.392347644463785,-0.5210851308805011,-0.8066926263635669,0.607652355536215,0.0
0.300443356559831,-1.165179050338234,0.5077163007900046,0.699556643440169,0.0
0.38413329660971635,-0.5635178694435136,-1.3510489192055744,0.6158667033902836,0.0
0.360680726539924,-0.6270160068730454,-1.161824618577811,0.639319273460076,0.0
0.38374312589445186,-0.5701176852391906,-0.7061284552492956,0.6162568741055481,0.0
0.40530641231157877,-0.3055132475257033,-1.741328361124936,0.5946935876884212,0.0
0.38076849947477637,-0.6022353911135612,-0.6410884756816738,0.6192315005252236,0.0
0.300443356559831,-1.165179050338234,0.5077163007900046,0.699556643440169,0.0
0.38400144491364124,-0.5657481672910937,-1.133108787669754,0.6159985550863587,0.0
0.35950101332960194,-0.6284713210020028,-1.1924063714111923,0.6404989866703981,0.0
0.38374312589445186,-0.5701176852391906,-0.7061284552492956,0.6162568741055481,0.0
0.40530641231157877,-0.3055132475257033,-1.741328361124936,0.5946935876884212,0.0
0.38076849947477637,-0.6022353911135612,-0.6410884756816738,0.6192315005252236,0.0
0.300443356559831,-1.165179050338234,0.5077163007900046,0.699556643440169,0.0
0.4051971949507427,-0.413693621622364,-1.5493284393488969,0.5948028050492573,0.0
0.35950101332960194,-0.6284713210020028,-1.1924063714111923,0.6404989866703981,0.0
0.38374312589445186,-0.5701176852391906,-0.7061284552492956,0.6162568741055481,0.0
0.4053105810245803,-0.3013841152288315,-1.7486567983264372,0.5946894189754197,0.0
0.39178166451385943,-0.5172352884183444,-1.0505494157797155,0.6082183354861406,0.0
0.31513335177170543,-1.0609698639259157,0.25709948482316514,0.6848666482282946,0.0
0.4051971949507427,-0.413693621622364,-1.5493284393488969,0.5948028050492573,0.0
0.3611476395111709,-0.62279720487155,-1.1851702913257207,0.6388523604888291,0.0
0.38374312589445186,-0.5701176852391906,-0.7061284552492956,0.6162568741055481,0.0
0.4053105810245803,-0.3013841152288315,-1.7486567983264372,0.5946894189754197,0.0
0.43569156212019045,-0.20648657161373474,-1.8368599887453056,0.5643084378798096,0.0
0.3319167145140478,-0.9408973192615082,0.021474107411585508,0.6680832854859522,0.0
0.4004357319236252,-0.4362963237505302,-1.5099653733534961,0.5995642680763749,0.0
0.3678033143745651,-0.6025242912114801,-1.1020802816383284,0.6321966856254349,0.0
0.38699114648701793,-0.544078938677943,-0.8625377575777827,0.6130088535129821,0.0
0.40365499104233954,-0.32331727684581135,-1.668575188605995,0.5963450089576605,0.0
0.43569156212019045,-0.20648657161373474,-1.8368599887453056,0.5643084378798096,0.0
0.3319167145140478,-0.9408973192615082,0.021474107411585508,0.6680832854859522,0.0
0.3879258079867077,-0.5284243242821434,-1.2303613722650968,0.6120741920132923,0.0
0.3678033143745651,-0.6025242912114801,-1.1020802816383284,0.6321966856254349,0.0
0.39102562657280193,-0.4906303767083775,-1.0576873194381213,0.6089743734271981,0.0
0.39928763342625506,-0.3573295461171722,-1.59956625858175,0.6007123665737449,0.0
0.4200656893908176,-0.3103284442775942,-1.6612598822777835,0.5799343106091823,0.0
0.28940401100481294,-1.264741294087906,0.7976357415939521,0.7105959889951871,0.0
0.39419944230442194,-0.4822228134918275,-1.3705807105635373,0.6058005576955781,0.0
0.3521282155700456,-0.6780528669402037,-1.132045603901388,0.6478717844299544,0.0
0.4233210052271192,-0.2446177045275597,-1.6473095218329448,0.5766789947728808,0.0
0.35759234527448097,-0.7016465013667459,-0.6899491022417077,0.6424076547255191,0.0
0.4200656893908176,-0.3103284442775942,-1.6612598822777835,0.5799343106091823,0.0
0.28940401100481294,-1.264741294087906,0.7976357415939521,0.7105959889951871,0.0
0.39448833395353805,-0.4803029815335921,-1.3738272111092003,0.6055116660464619,0.0
0.3521282155700456,-0.6780528669402037,-1.132045603901388,0.6478717844299544,0.0
0.4236659757444796,-0.23765424260017234,-1.645831182002949,0.5763340242555204,0.0
0.3576507477775762,-0.7018986782699598,-0.6852238223338003,0.6423492522224238,0.0
0.4204397735836991,-0.3027773032273409,-1.6596567784347653,0.5795602264163009,0.0
0.2612847050637241,-1.4701376065295595,1.3268072567538236,0.7387152949362759,0.0
0.39770004390648306,-0.46098301031348,-1.4338635649244997,0.6022999560935169,0.0
0.3521282155700456,-0.6780528669402037,-1.132045603901388,0.6478717844299544,0.0
0.42570478658693267,-0.19649947439795967,-1.6370940432547225,0.5742952134130673,0.0
0.36525217869496657,-0.656172436265763,-0.8273170383293902,0.6347478213050335,0.0
0.4180558765891051,-0.35089786752276375,-1.6698727525553403,0.5819441234108949,0.0
0.2894116618300164,-1.2248924249915851,0.5654975306010608,0.7105883381699836,0.0
0.4036662397410618,-0.4250934893086588,-1.5453894029684017,0.5963337602589383,0.0
0.3521282155700456,-0.6780528669402037,-1.132045603901388,0.6478717844299544,0.0
0.42899617335965945,-0.13006061853410636,-1.622989104086952,0.5710038266403406,0.0
0.408908393238582,-0.32879911565313136,-1.6290654197252736,0.591091606761418,0.0
0.41701868771624373,-0.3718342225566446,-1.6743175312967575,0.5829813122837563,0.0
0.2894116618300164,-1.2248924249915851,0.5654975306010608,0.7105883381699836,0.0
0.4036662397410618,-0.4250934893086588,-1.5453894029684017,0.5963337602589383,0.0
0.3521282155700456,-0.6780528669402037,-1.132045603901388,0.6478717844299544,0.0
0.42696565434939565,-0.15014956285941877,-1.6236033120453033,0.5730343456506044,0.0
0.40846558615938017,-0.3264494784058562,-1.626594738123283,0.5915344138406198,0.0
0.41701868771624373,-0.3718342225566446,-1.6743175312967575,0.5829813122837563,0.0
0.2894116618300164,-1.2248924249915851,0.5654975306010608,0.7105883381699836,0.0
0.4045289949383366,-0.4216521945529143,-1.5537199662476557,0.5954710050616634,0.0
0.35143130391981636,-0.6814629043073471,-1.126437485486647,0.6485686960801836,0.0
0.42696565434939565,-0.15014956285941877,-1.6236033120453033,0.5730343456506044,0.0
0.40846558615938017,-0.3264494784058562,-1.626594738123283,0.5915344138406198,0.0
0.4277281376216215,-0.32911715297225064,-1.7777254857252658,0.5722718623783785,0.0
0.2903571483418654,-1.217505108482333,0.5504506004328371,0.7096428516581346,0.0
0.4045289949383366,-0.4216521945529143,-1.5537199662476557,0.5954710050616634,0.0
0.345267815849447,-0.7116212818075496,-1.076839274673116,0.654732184150553,0.0
0.4270916721705568,-0.1797280553798443,-1.649075530554534,0.5729083278294431,0.0
0.39489902130661986,-0.4108954024531337,-1.5076239097367305,0.6051009786933801,0.0
0.4277281376216215,-0.32911715297225064,-1.7777254857252658,0.5722718623783785,0.0
0.2903571483418654,-1.217505108482333,0.5504506004328371,0.7096428516581346,0.0
0.4045289949383366,-0.4216521945529143,-1.5537199662476557,0.5954710050616634,0.0
0.345267815849447,-0.7116212818075496,-1.076839274673116,0.654732184150553,0.0
0.4270916721705568,-0.1797280553798443,-1.649075530554534,0.5729083278294431,0.0
0.398403441318674,-0.40216579391656143,-1.5364565276817055,0.601596558681326,0.0
0.4277281376216215,-0.32911715297225064,-1.7777254857252658,0.5722718623783785,0.0
0.2903571483418654,-1.217505108482333,0.5504506004328371,0.7096428516581346,0.0
0.4031770099709509,-0.4282675514020717,-1.542840406708717,0.5968229900290491,0.0
0.36449373864299206,-0.622439058270784,-1.2402534342489044,0.6355062613570079,0.0
0.4270916721705568,-0.1797280553798443,-1.649075530554534,0.5729083278294431,0.0
0.3671482250235386,-0.6380240166151461,-0.9327640558716788,0.6328517749764614,0.0
0.41971736392302217,-0.3809233960914543,-1.6419581606554765,0.5802826360769778,0.0
0.2903571483418654,-1.217505108482333,0.5504506004328371,0.7096428516581346,0.0
0.390593986146037,-0.5590399776975727,-1.486943355634476,0.609406013853963,0.0
0.35372330591509166,-0.648601091111463,-1.138455273038963,0.6462766940849083,0.0
0.41069555633073446,-0.35012905596845645,-1.576239737086266,0.5893044436692656,0.0
0.37027318430754985,-0.6355619587898481,-0.8848846851630652,0.6297268156924501,0.0
0.41971736392302217,-0.3809233960914543,-1.6419581606554765,0.5802826360769778,0.0
0.34560489749217094,-0.8602139863064602,-0.3858933034743781,0.6543951025078291,0.0
0.37605747003825774,-0.6563529253118456,-1.1311808297065125,0.6239425299617423,0.0
0.35372330591509166,-0.648601091111463,-1.138455273038963,0.6462766940849083,0.0
0.4078797489199646,-0.3638401488431039,-1.537508123057143,0.5921202510800354,0.0
0.39118203250424477,-0.44514682475240075,-1.3078299480129916,0.6088179674957552,0.0
0.41971736392302217,-0.3809233960914543,-1.6419581606554765,0.5802826360769778,0.0
0.34297489057722513,-0.9287672480619609,-0.14209635698273637,0.6570251094227748,0.0
0.3802957481645533,-0.6296156420717224,-1.1807644680653784,0.6197042518354468,0.0
0.34757009992484333,-0.6529974268965659,-1.128658010527859,0.6524299000751567,0.0
0.39593542496730394,-0.39012749358184473,-1.4159713279091384,0.6040645750326961,0.0
0.3890510534026693,-0.466525088925953,-1.2562991203972258,0.6109489465973307,0.0
0.43021855090886474,-0.3146763961468385,-1.7648116030981393,0.5697814490911353,0.0
0.34331792883305656,-0.9253258429119163,-0.15039162614506352,0.6566820711669434,0.0
0.3802957481645533,-0.6296156420717224,-1.1807644680653784,0.6197042518354468,0.0
0.34757009992484333,-0.6529974268965659,-1.128658010527859,0.6524299000751567,0.0
0.4062044283974984,-0.3059248556806318,-1.5031245110013767,0.5937955716025016,0.0
0.3890510534026693,-0.466525088925953,-1.2562991203972258,0.6109489465973307,0.0
0.41540970704459346,-0.3472680426381053,-1.6141275266913029,0.5845902929554065,0.0
0.34331792883305656,-0.9253258429119163,-0.15039162614506352,0.6566820711669434,0.0
0.3654334195443719,-0.6402344621252705,-1.1571003594285192,0.6345665804556281,0.0
0.3547193022376527,-0.6106793498675637,-1.1743161913408857,0.6452806977623473,0.0
0.4062044283974984,-0.3059248556806318,-1.5031245110013767,0.5937955716025016,0.0
0.39439043896450454,-0.442838538521812,-1.1584439194257423,0.6056095610354955,0.0
0.3824112930619309,-0.4959803541734137,-1.377986358567403,0.6175887069380691,0.0
0.34331792883305656,-0.9253258429119163,-0.15039162614506352,0.6566820711669434,0.0
0.3654334195443719,-0.6402344621252705,-1.1571003594285192,0.6345665804556281,0.0
0.3547193022376527,-0.6106793498675637,-1.1743161913408857,0.6452806977623473,0.0
0.41532826452310007,-0.20018766904434976,-1.7693181834308431,0.5846717354769,0.0
0.3890347340889921,-0.5049064185445429,-1.0021878523904486,0.6109652659110079,0.0
0.3824112930619309,-0.4959803541734137,-1.377986358567403,0.6175887069380691,0.0
0.3349166105861629,-1.0175938827675417,0.11342332630850027,0.665083389413837,0.0
0.36180936507305583,-0.630237433563653,-1.1629236214699297,0.6381906349269442,0.0
0.3547193022376527,-0.6106793498675637,-1.1743161913408857,0.6452806977623473,0.0
0.41532826452310007,-0.20018766904434976,-1.7693181834308431,0.5846717354769,0.0
0.39378821410446857,-0.5113124344555572,-0.7324865473347196,0.6062117858955314,0.0
0.3917882581027834,-0.3929972081136768,-1.6724381950188902,0.6082117418972166,0.0
0.3349166105861629,-1.0175938827675417,0.11342332630850027,0.665083389413837,0.0
0.36642495560382804,-0.5637556323093267,-1.3819824348398033,0.633575044396172,0.0
0.3547193022376527,-0.6106793498675637,-1.1743161913408857,0.6452806977623473,0.0
0.41532826452310007,-0.20018766904434976,-1.7693181834308431,0.5846717354769,0.0
0.39378821410446857,-0.5113124344555572,-0.7324865473347196,0.6062117858955314,0.0
0.39929451069769073,-0.3105592866780281,-1.908146641388257,0.6007054893023093,0.0
0.3349166105861629,-1.0175938827675417,0.11342332630850027,0.665083389413837,0.0
0.3618125282760669,-0.5822451800872542,-1.30015484037714,0.6381874717239331,0.0
0.3547193022376527,-0.6106793498675637,-1.1743161913408857,0.6452806977623473,0.0
0.41532826452310007,-0.20018766904434976,-1.7693181834308431,0.5846717354769,0.0
0.4040563988558788,-0.3629986417813239,-1.2267462444398447,0.5959436011441213,0.0
0.39929451069769073,-0.3105592866780281,-1.908146641388257,0.6007054893023093,0.0
0.3349166105861629,-1.0175938827675417,0.11342332630850027,0.665083389413837,0.0
0.3618125282760669,-0.5822451800872542,-1.30015484037714,0.6381874717239331,0.0
0.35212450809518203,-0.621080938198796,-1.1282827803587243,0.647875491904818,0.0
0.41762084287426504,-0.16707363784059517,-1.879671581706126,0.582379157125735,0.0
0.4040563988558788,-0.3629986417813239,-1.2267462444398447,0.5959436011441213,0.0
0.39929451069769073,-0.3105592866780281,-1.908146641388257,0.6007054893023093,0.0
0.3349166105861629,-1.0175938827675417,0.11342332630850027,0.665083389413837,0.0
0.34480715160212877,-0.7055076292941536,-1.024312184176135,0.6551928483978713,0.0
0.36786155659409736,-0.5119949118020888,-1.3088217685056192,0.6321384434059026,0.0
0.420075207948698,-0.14785723590070765,-1.8758580421880793,0.579924792051302,0.0
0.3931115243877159,-0.5210865494315714,-0.699914046689911,0.6068884756122841,0.0
0.39929451069769073,-0.3105592866780281,-1.908146641388257,0.6007054893023093,0.0
0.3349166105861629,-1.0175938827675417,0.11342332630850027,0.665083389413837,0.0
0.34480177393443423,-0.7055466089947365,-1.0242249535214147,0.6551982260655658,0.0
0.36786155659409736,-0.5119949118020888,-1.3088217685056192,0.6321384434059026,0.0
0.420075207948698,-0.14785723590070765,-1.8758580421880793,0.579924792051302,0.0
0.38332089662233415,-0.5175612839525993,-0.9360168764634559,0.6166791033776658,0.0
0.39929451069769073,-0.3105592866780281,-1.908146641388257,0.6007054893023093,0.0
0.3195542978660302,-1.1486620539234687,0.32812839681655914,0.6804457021339698,0.0
0.3339609937047945,-0.7858642935708422,-0.9015738845031586,0.6660390062952055,0.0
0.36786155659409736,-0.5119949118020888,-1.3088217685056192,0.6321384434059026,0.0
0.420075207948698,-0.14785723590070765,-1.8758580421880793,0.579924792051302,0.0
0.38332089662233415,-0.5175612839525993,-0.9360168764634559,0.6166791033776658,0.0
0.39929451069769073,-0.3105592866780281,-1.908146641388257,0.6007054893023093,0.0
0.33004052929507743,-1.0448793705431638,0.12024338877008744,0.6699594707049226,0.0
0.3339609937047945,-0.7858642935708422,-0.9015738845031586,0.6660390062952055,0.0
0.3780007903884502,-0.430084009616318,-1.430624510296062,0.6219992096115499,0.0
0.420075207948698,-0.14785723590070765,-1.8758580421880793,0.579924792051302,0.0
0.3962405288961771,-0.3876053637186791,-1.2663836230789012,0.6037594711038229,0.0
0.39929451069769073,-0.3105592866780281,-1.908146641388257,0.6007054893023093,0.0
0.3370701267798206,-0.8754249653599704,-0.4472480641803174,0.6629298732201794,0.0
0.34422532939065625,-0.7029427421578731,-1.0248794768736371,0.6557746706093437,0.0
0.3780007903884502,-0.430084009616318,-1.430624510296062,0.6219992096115499,0.0
0.4212391005640366,-0.13933962276939882,-1.888916041578585,0.5787608994359634,0.0
0.3962405288961771,-0.3876053637186791,-1.2663836230789012,0.6037594711038229,0.0
0.39929451069769073,-0.3105592866780281,-1.908146641388257,0.6007054893023093,0.0
0.3370701267798206,-0.8754249653599704,-0.4472480641803174,0.6629298732201794,0.0
0.34422532939065625,-0.7029427421578731,-1.0248794768736371,0.6557746706093437,0.0
0.3710061634820625,-0.4693458591616929,-1.273766568234918,0.6289938365179375,0.0
0.4212391005640366,-0.13933962276939882,-1.888916041578585,0.5787608994359634,0.0
0.3962405288961771,-0.3876053637186791,-1.2663836230789012,0.6037594711038229,0.0
0.39929451069769073,-0.3105592866780281,-1.908146641388257,0.6007054893023093,0.0
0.32503578588001425,-0.9746398967071452,-0.2806486123200099,0.6749642141199858,0.0
0.34422532939065625,-0.7029427421578731,-1.0248794768736371,0.6557746706093437,0.0
0.3647043247471188,-0.5243138964006762,-1.21520056884839,0.6352956752528812,0.0
0.4212391005640366,-0.13933962276939882,-1.888916041578585,0.5787608994359634,0.0
0.39334920912131927,-0.40013915130031047,-1.2616910298887116,0.6066507908786807,0.0
0.3903710930096938,-0.3741411555927733,-1.7650219089700934,0.6096289069903063,0.0
0.32503578588001425,-0.9746398967071452,-0.2806486123200099,0.6749642141199858,0.0
0.34422532939065625,-0.7029427421578731,-1.0248794768736371,0.6557746706093437,0.0
0.3586454782899073,-0.5597633760276223,-1.0854108327734737,0.6413545217100927,0.0
0.4212391005640366,-0.13933962276939882,-1.888916041578585,0.5787608994359634,0.0
0.3869789019349466,-0.4597081573043437,-1.1184270803804388,0.6130210980650534,0.0
0.4034645369689135,-0.28084667285467513,-1.9750306442572794,0.5965354630310865,0.0
0.32503578588001425,-0.9746398967071452,-0.2806486123200099,0.6749642141199858,0.0
0.34422532939065625,-0.7029427421578731,-1.0248794768736371,0.6557746706093437,0.0
0.3652796161781592,-0.518477996041436,-1.217092770579738,0.6347203838218408,0.0
0.4212391005640366,-0.13933962276939882,-1.888916041578585,0.5787608994359634,0.0
0.40479990816043937,-0.3115625308320954,-1.359455563378427,0.5952000918395606,0.0
0.4034645369689135,-0.28084667285467513,-1.9750306442572794,0.5965354630310865,0.0
0.3592189380156404,-0.6778393505229876,-0.8521013776398394,0.6407810619843596,0.0
0.34422532939065625,-0.7029427421578731,-1.0248794768736371,0.6557746706093437,0.0
0.3652796161781592,-0.518477996041436,-1.217092770579738,0.6347203838218408,0.0
0.4212391005640366,-0.13933962276939882,-1.888916041578585,0.5787608994359634,0.0
0.39579805101640253,-0.3697246975843813,-1.3097349347633513,0.6042019489835975,0.0
0.4034645369689135,-0.28084667285467513,-1.9750306442572794,0.5965354630310865,0.0
0.3315614136643473,-0.910805319830723,-0.5060839318409565,0.6684385863356527,0.0
0.35138910340789653,-0.6505167237822622,-1.105251631072448,0.6486108965921035,0.0
0.3652796161781592,-0.518477996041436,-1.217092770579738,0.6347203838218408,0.0
0.4212391005640366,-0.13933962276939882,-1.888916041578585,0.5787608994359634,0.0
0.3882432559892932,-0.4381382280196578,-1.1377453893882346,0.6117567440107068,0.0
0.3994709391717279,-0.31264054731367164,-1.994378916057185,0.6005290608282721,0.0
0.3315614136643473,-0.910805319830723,-0.5060839318409565,0.6684385863356527,0.0
0.34911675510892526,-0.6803470447184048,-1.0365841403180016,0.6508832448910747,0.0
0.3636655080826434,-0.5346430883950581,-1.1990662318272312,0.6363344919173566,0.0
0.4212391005640366,-0.13933962276939882,-1.888916041578585,0.5787608994359634,0.0
0.3882432559892932,-0.4381382280196578,-1.1377453893882346,0.6117567440107068,0.0
0.3994709391717279,-0.31264054731367164,-1.994378916057185,0.6005290608282721,0.0
0.3315614136643473,-0.910805319830723,-0.5060839318409565,0.6684385863356527,0.0
0.3652058081693991,-0.5807493189852552,-1.0781822558492435,0.6347941918306008,0.0
0.382510708059011,-0.40525090458310864,-1.4248704079801244,0.617489291940989,0.0
0.41260357234804795,-0.19863163641943635,-1.785444688825542,0.5873964276519521,0.0
0.3905844282168211,-0.45156940891928016,-1.0204835491854136,0.6094155717831788,0.0
0.3994709391717279,-0.31264054731367164,-1.994378916057185,0.6005290608282721,0.0
0.34082969111082706,-0.8188390101795634,-0.6732220262170617,0.6591703088891729,0.0
0.3652058081693991,-0.5807493189852552,-1.0781822558492435,0.6347941918306008,0.0
0.38286975231832737,-0.40731072245602995,-1.406887027660364,0.6171302476816727,0.0
0.40630599609866624,-0.2533030644434848,-1.8856362657493115,0.5936940039013338,0.0
0.4054041442952542,-0.337027865959868,-1.18793563352813,0.5945958557047458,0.0
0.400895729883439,-0.30027144851120824,-1.9717111431649241,0.599104270116561,0.0
0.3216910302514467,-0.9840462837060185,-0.24203792811559577,0.6783089697485534,0.0
0.332606940473011,-0.8404653365337751,-0.4377451248816102,0.667393059526989,0.0
0.38286975231832737,-0.40731072245602995,-1.406887027660364,0.6171302476816727,0.0
0.37621002782674384,-0.49307841788977447,-1.2943710796919907,0.6237899721732562,0.0
0.4054041442952542,-0.337027865959868,-1.18793563352813,0.5945958557047458,0.0
0.400895729883439,-0.30027144851120824,-1.9717111431649241,0.599104270116561,0.0
0.3172252225563224,-1.0261457264610732,-0.15700849473320488,0.6827747774436776,0.0
0.30396198246926115,-1.0686804538460486,0.12501352340857208,0.6960380175307388,0.0
0.3535247105608763,-0.6839482290287593,-0.8481544436436192,0.6464752894391237,0.0
0.36196739817451473,-0.5692091759677226,-1.3462966326785575,0.6380326018254853,0.0
0.4054041442952542,-0.337027865959868,-1.18793563352813,0.5945958557047458,0.0
0.400895729883439,-0.30027144851120824,-1.9717111431649241,0.599104270116561,0.0
0.3172252225563224,-1.0261457264610732,-0.15700849473320488,0.6827747774436776,0.0
0.30786499139002765,-1.0383832251948626,0.04837764392696042,0.6921350086099723,0.0
0.33271271466559027,-0.8500983447678807,-0.5068508846765786,0.6672872853344097,0.0
0.37991126170143913,-0.47329430866383293,-1.2808771800141256,0.6200887382985609,0.0
0.4054041442952542,-0.337027865959868,-1.18793563352813,0.5945958557047458,0.0
0.400895729883439,-0.30027144851120824,-1.9717111431649241,0.599104270116561,0.0
0.3172252225563224,-1.0261457264610732,-0.15700849473320488,0.6827747774436776,0.0
0.30786499139002765,-1.0383832251948626,0.04837764392696042,0.6921350086099723,0.0
0.32418014055979105,-0.9189049049160675,-0.32353501531737083,0.675819859440209,0.0
0.38068108041078597,-0.46694693622937444,-1.3062205389819699,0.619318919589214,0.0
0.4054041442952542,-0.337027865959868,-1.18793563352813,0.5945958557047458,0.0
0.400895729883439,-0.30027144851120824,-1.9717111431649241,0.599104270116561,0.0
0.3131061239212234,-1.0618805133420386,-0.06767069290726635,0.6868938760787766,0.0
0.3030688706779339,-1.0446536388308734,0.1536161467058308,0.6969311293220661,0.0
0.31024316931506046,-1.0303884524468678,-0.08113798755031243,0.6897568306849395,0.0
0.36959602039265965,-0.5556176950127651,-1.1134250202261144,0.6304039796073404,0.0
0.4054041442952542,-0.337027865959868,-1.18793563352813,0.5945958557047458,0.0
0.400895729883439,-0.30027144851120824,-1.9717111431649241,0.599104270116561,0.0
0.3140819878127106,-1.0726148662479342,-0.06308024409963364,0.6859180121872894,0.0
0.3040111586534928,-1.0427800182473652,0.12278302850002037,0.6959888413465072,0.0
0.2943391663651497,-1.1576065285741854,0.19547039291933088,0.7056608336348503,0.0
0.40194668270923034,-0.3228336678019357,-1.6349598907448648,0.5980533172907696,0.0
0.4054041442952542,-0.337027865959868,-1.18793563352813,0.5945958557047458,0.0
0.400895729883439,-0.30027144851120824,-1.9717111431649241,0.599104270116561,0.0
0.34102108979968615,-0.8556242258129206,-0.39490107732980173,0.6589789102003138,0.0
0.3365543320087133,-0.7933741036016713,-0.580749908217185,0.6634456679912867,0.0
0.2943391663651497,-1.1576065285741854,0.19547039291933088,0.7056608336348503,0.0
0.4015907779636757,-0.3213725431131838,-1.6809757467603266,0.5984092220363243,0.0
0.4054041442952542,-0.337027865959868,-1.18793563352813,0.5945958557047458,0.0
0.400895729883439,-0.30027144851120824,-1.9717111431649241,0.599104270116561,0.0
0.3457378086394091,-0.9068124207804333,-0.24122792977523577,0.6542621913605908,0.0
0.33581041481863055,-0.7990753714278922,-0.5646675723091108,0.6641895851813695,0.0
0.34476291445230695,-0.7640021459911168,-0.6850590710383795,0.655237085547693,0.0
0.40174623937851583,-0.3199935834244747,-1.683081006278671,0.5982537606214842,0.0
0.4047573909543086,-0.3317549842736125,-1.300371932214527,0.5952426090456914,0.0
0.4024974637573004,-0.31333014133124193,-1.6932540918348182,0.5975025362426996,0.0
0.3457378086394091,-0.9068124207804333,-0.24122792977523577,0.6542621913605908,0.0
0.3761248482974435,-0.45054522044704115,-1.303601956411312,0.6238751517025565,0.0
0.34476291445230695,-0.7640021459911168,-0.6850590710383795,0.655237085547693,0.0
0.4132255488314371,-0.23054791320341395,-1.8841328517134974,0.5867744511685629,0.0
0.40278093598310905,-0.35537655836796245,-1.1641230351017324,0.597219064016891,0.0
0.4024974637573004,-0.31333014133124193,-1.6932540918348182,0.5975025362426996,0.0
0.3457378086394091,-0.9068124207804333,-0.24122792977523577,0.6542621913605908,0.0
0.37390276739740064,-0.463721570420245,-1.2688320842587948,0.6260972326025993,0.0
0.32364804203578434,-0.9815868419154824,-0.2620544416882016,0.6763519579642157,0.0
0.4132255488314371,-0.23054791320341395,-1.8841328517134974,0.5867744511685629,0.0
0.40278093598310905,-0.35537655836796245,-1.1641230351017324,0.597219064016891,0.0
0.397616604784871,-0.35099281627492657,-1.6064117242210418,0.602383395215129,0.0
0.34419022999346227,-0.9217728622046374,-0.21618980820019362,0.6558097700065377,0.0
0.37390276739740064,-0.463721570420245,-1.2688320842587948,0.6260972326025993,0.0
0.32364804203578434,-0.9815868419154824,-0.2620544416882016,0.6763519579642157,0.0
0.39800733641890296,-0.3581409927171766,-1.6085599464543328,0.601992663581097,0.0
0.4005362543574862,-0.3534711605632933,-1.3563642480637619,0.5994637456425138,0.0
0.397616604784871,-0.35099281627492657,-1.6064117242210418,0.602383395215129,0.0
0.34419022999346227,-0.9217728622046374,-0.21618980820019362,0.6558097700065377,0.0
0.37390276739740064,-0.463721570420245,-1.2688320842587948,0.6260972326025993,0.0
0.32364804203578434,-0.9815868419154824,-0.2620544416882016,0.6763519579642157,0.0
0.40925668663138143,-0.24032543718256882,-1.8996060533705057,0.5907433133686186,0.0
0.4017666064401809,-0.33750760829465193,-1.433009380503674,0.5982333935598191,0.0
0.397616604784871,-0.35099281627492657,-1.6064117242210418,0.602383395215129,0.0
0.366372624955841,-0.684787506846154,-0.7934038105900465,0.633627375044159,0.0
0.37390276739740064,-0.463721570420245,-1.2688320842587948,0.6260972326025993,0.0
0.3205141117318415,-1.003357643800296,-0.22307894385131877,0.6794858882681585,0.0
0.40925668663138143,-0.24032543718256882,-1.8996060533705057,0.5907433133686186,0.0
0.39736181751274724,-0.3946587923048537,-1.15861180320727,0.6026381824872528,0.0
0.3860682851699754,-0.4494441188917363,-1.3965243477694365,0.6139317148300246,0.0
0.36942481884933276,-0.6635845118447504,-0.8313627838141379,0.6305751811506672,0.0
0.3778106994882591,-0.45913522135997586,-1.3098506996318733,0.6221893005117409,0.0
0.31391587296486095,-1.0600910515457809,-0.09842483977054184,0.686084127035139,0.0
0.40925668663138143,-0.24032543718256882,-1.8996060533705057,0.5907433133686186,0.0
0.39736181751274724,-0.3946587923048537,-1.15861180320727,0.6026381824872528,0.0
0.37927379771635533,-0.5338288605382856,-1.171894529320164,0.6207262022836446,0.0
0.3700464754948823,-0.6484284101089617,-0.8668337385642556,0.6299535245051178,0.0
0.3771523813258448,-0.4751851375243068,-1.2722878843425143,0.6228476186741552,0.0
0.3016847872029445,-1.1732224464072774,0.12862152858591624,0.6983152127970556,0.0
0.40925668663138143,-0.24032543718256882,-1.8996060533705057,0.5907433133686186,0.0
0.4064443366576445,-0.3584686648139002,-1.1075235306953988,0.5935556633423555,0.0
0.3534558541080048,-0.7417150139358943,-0.7478483250466409,0.6465441458919952,0.0
0.36656657754363636,-0.7332689531270817,-0.6682750910417867,0.6334334224563636,0.0
0.3771523813258448,-0.4751851375243068,-1.2722878843425143,0.6228476186741552,0.0
0.3016847872029445,-1.1732224464072774,0.12862152858591624,0.6983152127970556,0.0
0.3954145624168364,-0.364701660393758,-1.6138975286125246,0.6045854375831636,0.0
0.4064443366576445,-0.3584686648139002,-1.1075235306953988,0.5935556633423555,0.0
0.3644121857859156,-0.6432686242614141,-0.97399261561483,0.6355878142140844,0.0
0.36656657754363636,-0.7332689531270817,-0.6682750910417867,0.6334334224563636,0.0
0.368781826877279,-0.5526085583851851,-1.116904787071265,0.631218173122721,0.0
0.3017669026657434,-1.1725838040668803,0.1276525799396322,0.6982330973342565,0.0
0.3954145624168364,-0.364701660393758,-1.6138975286125246,0.6045854375831636,0.0
0.4064443366576445,-0.3584686648139002,-1.1075235306953988,0.5935556633423555,0.0
0.36270947221312744,-0.678596039362493,-0.9183041759998548,0.6372905277868726,0.0
0.36725050453986735,-0.6774926036041318,-0.8067831839077653,0.6327494954601327,0.0
0.368781826877279,-0.5526085583851851,-1.116904787071265,0.631218173122721,0.0
0.3017669026657434,-1.1725838040668803,0.1276525799396322,0.6982330973342565,0.0
0.3815540012504547,-0.49770413768568045,-1.319235947989982,0.6184459987495453,0.0
0.4064443366576445,-0.3584686648139002,-1.1075235306953988,0.5935556633423555,0.0
0.36270257418404694,-0.6785977155302456,-0.9184735813225177,0.6372974258159531,0.0
0.3776406937387634,-0.5989371928403074,-0.9550487664768568,0.6223593062612366,0.0
0.368781826877279,-0.5526085583851851,-1.116904787071265,0.631218173122721,0.0
0.3052059781727724,-1.1407678808606105,0.06378431763332437,0.6947940218272276,0.0
0.38660599561410147,-0.44543385428840065,-1.4548451889141552,0.6133940043858985,0.0
0.3785860544422816,-0.5910448058436607,-0.960053121334899,0.6214139455577183,0.0
0.36737653316579066,-0.6443908165097523,-0.9386742238869987,0.6326234668342093,0.0
0.3500920193268411,-0.8289285589869564,-0.8092172948355465,0.6499079806731589,0.0
0.3690505386936063,-0.5350585066873406,-1.1509849640241412,0.6309494613063937,0.0
0.3111226605688407,-1.1025013775668038,0.008351698712707578,0.6888773394311594,0.0
0.3827189661737238,-0.5160071968367814,-1.2150340366448806,0.6172810338262762,0.0
0.3721581434053453,-0.707750679683439,-0.563481709644665,0.6278418565946546,0.0
0.38234869359563683,-0.5248513167901223,-1.180090278635061,0.6176513064043632,0.0
0.36447382128925476,-0.6778810572517584,-1.0635114982660383,0.6355261787107452,0.0
0.36771317542386617,-0.5767927053149083,-1.125424329655384,0.6322868245761338,0.0
0.3111226605688407,-1.1025013775668038,0.008351698712707578,0.6888773394311594,0.0
0.3858601612463798,-0.49025689690050844,-1.2289738915203094,0.6141398387536202,0.0
0.3429120838033789,-0.8969013491250158,-0.28947922508968155,0.6570879161966211,0.0
0.39832646916508746,-0.38806293550057863,-1.2842963147381257,0.6016735308349126,0.0
0.36389256069129133,-0.6960200668975806,-1.0524020338791515,0.6361074393087087,0.0
0.3705164984409329,-0.4893112840297033,-1.1790034253865593,0.6294835015590672,0.0
0.3111226605688407,-1.1025013775668038,0.008351698712707578,0.6888773394311594,0.0
0.3920153536043196,-0.4397990151974186,-1.256289128624473,0.6079846463956804,0.0
0.3515009651465839,-0.7700831299474815,-0.5662471953064997,0.6484990348534161,0.0
0.4025529702132994,-0.3534157177522057,-1.303052491887323,0.5974470297867006,0.0
0.3430098479336866,-0.8568775336038461,-0.6326283474997714,0.6569901520663134,0.0
0.3705164984409329,-0.4893112840297033,-1.1790034253865593,0.6294835015590672,0.0
0.31518154584247,-1.0625840820960188,-0.06872825020739248,0.68481845415753,0.0
0.4112709766944241,-0.28282203323184957,-1.584251314162557,0.588729023305576,0.0
0.3515009651465839,-0.7700831299474815,-0.5662471953064997,0.6484990348534161,0.0
0.4025529702132994,-0.3534157177522057,-1.303052491887323,0.5974470297867006,0.0
0.3430098479336866,-0.8568775336038461,-0.6326283474997714,0.6569901520663134,0.0
0.3743774204472911,-0.4804195078459719,-1.1928829585124119,0.6256225795527088,0.0
0.3250416699650742,-0.9896981369055102,-0.26852933522602873,0.6749583300349258,0.0
0.4064995361541423,-0.29488818689728763,-1.6401428149244177,0.5935004638458576,0.0
0.3515009651465839,-0.7700831299474815,-0.5662471953064997,0.6484990348534161,0.0
0.42708718973094484,-0.24282554678444782,-1.3989840189887928,0.5729128102690552,0.0
0.3394866950531322,-0.8829206467083945,-0.5612367747905043,0.6605133049468678,0.0
0.3743774204472911,-0.4804195078459719,-1.1928829585124119,0.6256225795527088,0.0
0.3250416699650742,-0.9896981369055102,-0.26852933522602873,0.6749583300349258,0.0
0.4185838755516829,-0.19047789283665917,-1.8761002026756675,0.5814161244483171,0.0
0.3515009651465839,-0.7700831299474815,-0.5662471953064997,0.6484990348534161,0.0
0.42708718973094484,-0.24282554678444782,-1.3989840189887928,0.5729128102690552,0.0
0.3394866950531322,-0.8829206467083945,-0.5612367747905043,0.6605133049468678,0.0
0.3743774204472911,-0.4804195078459719,-1.1928829585124119,0.6256225795527088,0.0
0.3221658443459211,-1.0193844498615583,-0.21464792458523685,0.6778341556540789,0.0
0.42633936614669155,-0.13961112546080273,-1.9959624467516335,0.5736606338533085,0.0
0.3515009651465839,-0.7700831299474815,-0.5662471953064997,0.6484990348534161,0.0
0.42708718973094484,-0.24282554678444782,-1.3989840189887928,0.5729128102690552,0.0
0.3476604647175317,-0.8231950717635048,-0.6394047467437103,0.6523395352824684,0.0
0.35667644814509414,-0.6631415059704979,-0.8612378994365326,0.6433235518549059,0.0
0.32236762582965,-1.01730151818628,-0.2184284983836252,0.67763237417035,0.0
0.42633936614669155,-0.13961112546080273,-1.9959624467516335,0.5736606338533085,0.0
0.3566898226623254,-0.6917371820903381,-0.5407062515694914,0.6433101773376746,0.0
0.42708718973094484,-0.24282554678444782,-1.3989840189887928,0.5729128102690552,0.0
0.34582302326068304,-0.855813705045979,-0.5941955430516147,0.654176976739317,0.0
0.35667644814509414,-0.6631415059704979,-0.8612378994365326,0.6433235518549059,0.0
0.3320896561975243,-0.9454001596182229,-0.3280297628914043,0.6679103438024757,0.0
0.39465435067349175,-0.4214531590493066,-1.4443352311882633,0.6053456493265083,0.0
0.3566898226623254,-0.6917371820903381,-0.5407062515694914,0.6433101773376746,0.0
0.39019992766229106,-0.5156331966511157,-0.9831356402063409,0.6098000723377089,0.0
0.3468105943129188,-0.8382821434970673,-0.6184941680197893,0.6531894056870813,0.0
0.364257927681564,-0.5285535440972386,-1.0477758984428063,0.6357420723184359,0.0
0.34459451673192143,-0.8090045554220382,-0.408914842469986,0.6554054832680786,0.0
0.40995142376512705,-0.3254204175793153,-1.861293306296704,0.590048576234873,0.0
0.3604239452897049,-0.6363465344644849,-0.5113041961983136,0.6395760547102951,0.0
0.3873530088731526,-0.575825710459561,-0.6883729340583515,0.6126469911268474,0.0
0.34666662447510016,-0.8446927759087077,-0.6118205308700105,0.6533333755248998,0.0
0.35286494996630674,-0.568696172079176,-0.8991402631923655,0.6471350500336932,0.0
0.3429193114280438,-0.7801522448015932,-0.24487477915106937,0.6570806885719562,0.0
0.40995142376512705,-0.3254204175793153,-1.861293306296704,0.590048576234873,0.0
0.3604239452897049,-0.6363465344644849,-0.5113041961983136,0.6395760547102951,0.0
0.3730478641737133,-0.5728684817431785,-0.7757961534781588,0.6269521358262867,0.0
0.3510416701002394,-0.7996136324498815,-0.6390141289918978,0.6489583298997605,0.0
0.35286494996630674,-0.568696172079176,-0.8991402631923655,0.6471350500336932,0.0
0.3429193114280438,-0.7801522448015932,-0.24487477915106937,0.6570806885719562,0.0
0.40995142376512705,-0.3254204175793153,-1.861293306296704,0.590048576234873,0.0
0.3604239452897049,-0.6363465344644849,-0.5113041961983136,0.6395760547102951,0.0
0.3670100139748119,-0.6032291785102283,-0.6492932163519615,0.6329899860251881,0.0
0.3754200842339961,-0.6033799384967128,-1.1448255798580416,0.6245799157660039,0.0
0.35286494996630674,-0.568696172079176,-0.8991402631923655,0.6471350500336932,0.0
0.3510334869459127,-0.725107375544183,-0.4405407544919482,0.6489665130540874,0.0
0.40995142376512705,-0.3254204175793153,-1.861293306296704,0.590048576234873,0.0
0.35657796906778255,-0.6556856227161797,-0.4307246402034967,0.6434220309322174,0.0
0.37502969911612993,-0.551345954297406,-0.8756448699205902,0.6249703008838701,0.0
0.3754200842339961,-0.6033799384967128,-1.1448255798580416,0.6245799157660039,0.0
0.3496415199298921,-0.5608266615481087,-0.9560763417290619,0.6503584800701079,0.0
0.35085984638591255,-0.7046142210030271,-0.5048511059856009,0.6491401536140875,0.0
0.40995142376512705,-0.3254204175793153,-1.861293306296704,0.590048576234873,0.0
0.3297085395745161,-0.8219487528400324,0.28945665828719425,0.6702914604254839,0.0
0.37502969911612993,-0.551345954297406,-0.8756448699205902,0.6249703008838701,0.0
0.3754200842339961,-0.6033799384967128,-1.1448255798580416,0.6245799157660039,0.0
0.34974476735200444,-0.5730119791796673,-0.9178371307587077,0.6502552326479956,0.0
0.35085984638591255,-0.7046142210030271,-0.5048511059856009,0.6491401536140875,0.0
0.39041292301455577,-0.4508000188930595,-1.4127886610609606,0.6095870769854442,0.0
0.3297085395745161,-0.8219487528400324,0.28945665828719425,0.6702914604254839,0.0
0.3967510058276593,-0.413604650392186,-1.2088750787701865,0.6032489941723407,0.0
0.37575213343657804,-0.6000007225005995,-1.1507602082988013,0.6242478665634219,0.0
0.34846363079877407,-0.5714966910565685,-0.9065109531446665,0.6515363692012259,0.0
0.3355420866148909,-0.8029091023569228,-0.15323321576915006,0.6644579133851092,0.0
0.4014566313298452,-0.3799319536677488,-1.6662960587506774,0.5985433686701548,0.0
0.3297085395745161,-0.8219487528400324,0.28945665828719425,0.6702914604254839,0.0
0.39377813984585014,-0.43487799961246626,-0.9198909107529623,0.6062218601541498,0.0
0.37575213343657804,-0.6000007225005995,-1.1507602082988013,0.6242478665634219,0.0
0.34846363079877407,-0.5714966910565685,-0.9065109531446665,0.6515363692012259,0.0
0.34100078636665004,-0.7753633517224277,-0.28865211668815693,0.65899921363335,0.0
0.4014566313298452,-0.3799319536677488,-1.6662960587506774,0.5985433686701548,0.0
0.3297085395745161,-0.8219487528400324,0.28945665828719425,0.6702914604254839,0.0
0.3975380553356107,-0.40043623423179997,-0.8717355385510394,0.6024619446643893,0.0
0.37575213343657804,-0.6000007225005995,-1.1507602082988013,0.6242478665634219,0.0
0.34846363079877407,-0.5714966910565685,-0.9065109531446665,0.6515363692012259,0.0
0.3432204711186142,-0.7907967817106135,-0.36878794930927433,0.6567795288813858,0.0
0.4014566313298452,-0.3799319536677488,-1.6662960587506774,0.5985433686701548,0.0
0.33586904730481343,-0.7396824580917393,-0.10338428433011926,0.6641309526951866,0.0
0.3975380553356107,-0.40043623423179997,-0.8717355385510394,0.6024619446643893,0.0
0.3771779178805685,-0.5950072261333057,-1.1882029551933377,0.6228220821194315,0.0
0.34846363079877407,-0.5714966910565685,-0.9065109531446665,0.6515363692012259,0.0
0.31692115673781096,-1.0018969384660723,-0.06575722184592092,0.683078843262189,0.0
0.3961110245091916,-0.4272865157555544,-1.5610311005961628,0.6038889754908083,0.0
0.3353894341400971,-0.7363477159881536,-0.08606912268088823,0.6646105658599029,0.0
0.38748816142152076,-0.43546750480114216,-0.8788571549690192,0.6125118385784792,0.0
0.3771779178805685,-0.5950072261333057,-1.1882029551933377,0.6228220821194315,0.0
0.34846363079877407,-0.5714966910565685,-0.9065109531446665,0.6515363692012259,0.0
0.3083048734935306,-1.0616669702308283,0.09554671326844044,0.6916951265064695,0.0
0.3969080395608438,-0.42022608276550444,-1.5767258119498921,0.6030919604391562,0.0
0.34056294705709494,-0.7064696798005006,-0.1647946374776073,0.659437052942905,0.0
0.3674930664667767,-0.5509430395525035,-0.5745911428847278,0.6325069335332233,0.0
0.38295583730644356,-0.5438229820669821,-1.3019809540231377,0.6170441626935564,0.0
0.3446817816255668,-0.6191815873921404,-0.6691895070009837,0.6553182183744333,0.0
0.3302708726199329,-0.9026445492600281,-0.31903369574477347,0.6697291273800672,0.0
0.3969080395608438,-0.42022608276550444,-1.5767258119498921,0.6030919604391562,0.0
0.3085241704279411,-0.8692326509735373,0.6380534102320776,0.6914758295720589,0.0
0.3687843000759234,-0.5515346054037642,-0.6593218018747254,0.6312156999240766,0.0
0.3771034216007505,-0.5553459282904323,-1.205221973635516,0.6228965783992495,0.0
0.3446817816255668,-0.6191815873921404,-0.6691895070009837,0.6553182183744333,0.0
0.32567796995768455,-0.9929870662867358,-0.20743549211364687,0.6743220300423154,0.0
0.383791174561827,-0.47019467324412856,-1.3487938929432917,0.616208825438173,0.0
0.32638120144422544,-0.7457408203428373,-0.007550006190013447,0.6736187985557746,0.0
0.38935343715255527,-0.45732794633594154,-0.9754869841545778,0.6106465628474447,0.0
0.38980113642020575,-0.5076827929840136,-1.5050451486256695,0.6101988635797942,0.0
0.3443569971139905,-0.6204188513461395,-0.6635457226826453,0.6556430028860095,0.0
0.2913769051564521,-1.2308244853991743,0.4793343991251433,0.7086230948435479,0.0
0.38328801330107776,-0.47135859501647187,-1.3825631679116512,0.6167119866989222,0.0
0.3265541649786445,-0.7445349693698826,-0.013862012610911245,0.6734458350213555,0.0
0.38965820476477747,-0.4582084248711643,-0.9977060681648489,0.6103417952352226,0.0
0.39893772318262544,-0.48501710288175004,-1.674229396210336,0.6010622768173746,0.0
0.34572783537397556,-0.6170181289550438,-0.6889298453979021,0.6542721646260244,0.0
0.2913769051564521,-1.2308244853991743,0.4793343991251433,0.7086230948435479,0.0
0.3767269117424855,-0.5255732915605145,-1.249651061033322,0.6232730882575145,0.0
0.32114934129395667,-0.7804804104388239,0.1764313707731311,0.6788506587060433,0.0
0.4232179781496173,-0.19438590717817195,-1.5020659368279112,0.5767820218503827,0.0
0.39893772318262544,-0.48501710288175004,-1.674229396210336,0.6010622768173746,0.0
0.3371057979078703,-0.674360043828256,-0.38536459020976543,0.6628942020921297,0.0
0.3110035664462247,-0.9919921311175117,0.10820898671815665,0.6889964335537753,0.0
0.3767269117424855,-0.5255732915605145,-1.249651061033322,0.6232730882575145,0.0
0.32114934129395667,-0.7804804104388239,0.1764313707731311,0.6788506587060433,0.0
0.4232179781496173,-0.19438590717817195,-1.5020659368279112,0.5767820218503827,0.0
0.39893772318262544,-0.48501710288175004,-1.674229396210336,0.6010622768173746,0.0
0.32849872035461797,-0.7790976028648151,-0.22261122327647903,0.6715012796453821,0.0
0.2993410042771297,-1.0748881872652483,0.27556655799723817,0.7006589957228704,0.0
0.37979072104297346,-0.5115210975679176,-1.3282663114404527,0.6202092789570266,0.0
0.3201012844040203,-0.7946289490786894,0.18119557246009105,0.6798987155959797,0.0
0.4221562245328386,-0.20213954988641974,-1.4978167073544317,0.5778437754671615,0.0
0.40879979711798015,-0.3669694817243214,-1.6043006097250159,0.5912002028820198,0.0
0.35962453579942155,-0.6193510047459038,-0.758173267747879,0.6403754642005784,0.0
0.28703515515500405,-1.241014457196376,0.33150583735321315,0.7129648448449959,0.0
0.3881551795611046,-0.4609660350862964,-1.4923845527597561,0.6118448204388953,0.0
0.3201012844040203,-0.7946289490786894,0.18119557246009105,0.6798987155959797,0.0
0.4221562245328386,-0.20213954988641974,-1.4978167073544317,0.5778437754671615,0.0
0.41003536932234425,-0.3608126514216099,-1.6160576303736467,0.5899646306776558,0.0
0.33724251921088105,-0.7686838293143186,-0.49343210898188916,0.662757480789119,0.0
0.28703515515500405,-1.241014457196376,0.33150583735321315,0.7129648448449959,0.0
0.3881551795611046,-0.4609660350862964,-1.4923845527597561,0.6118448204388953,0.0
0.3348891949718159,-0.7087763657881319,-0.062095770465468325,0.6651108050281841,0.0
0.4221562245328386,-0.20213954988641974,-1.4978167073544317,0.5778437754671615,0.0
0.41003536932234425,-0.3608126514216099,-1.6160576303736467,0.5899646306776558,0.0
0.33724251921088105,-0.7686838293143186,-0.49343210898188916,0.662757480789119,0.0
0.2964161964994294,-1.164637213498286,0.14646423817347332,0.7035838035005706,0.0
0.3760247984700024,-0.516491088784331,-1.4238201765575198,0.6239752015299975,0.0
0.3245819068376715,-0.8234152005680653,0.022682133288947248,0.6754180931623285,0.0
0.410956347556403,-0.27845842540122046,-1.4798516862757511,0.589043652443597,0.0
0.379693728721308,-0.5308222151657424,-1.1481229355861486,0.620306271278692,0.0
0.34597427281524773,-0.7197582738204953,-0.6280949148447806,0.6540257271847523,0.0
0.28372689883824576,-1.2785480370901485,0.34478936254287373,0.7162731011617542,0.0
0.3638631902389029,-0.599363451275624,-1.404312502617704,0.6361368097610971,0.0
0.3245819068376715,-0.8234152005680653,0.022682133288947248,0.6754180931623285,0.0
0.395618908063458,-0.3829717283455872,-1.455249860348246,0.604381091936542,0.0
0.379693728721308,-0.5308222151657424,-1.1481229355861486,0.620306271278692,0.0
0.3770993538280024,-0.44035087813996776,-1.114558841193123,0.6229006461719976,0.0
0.3057425595922448,-1.1070129550982588,0.002301747487428396,0.6942574404077553,0.0
0.365056530704693,-0.5758126421152143,-1.5535548804621575,0.634943469295307,0.0
0.31676492972593046,-0.8804325388498815,0.19195514973426664,0.6832350702740695,0.0
0.395618908063458,-0.3829717283455872,-1.455249860348246,0.604381091936542,0.0
0.35927479006939905,-0.6899164324586005,-0.8304747996070609,0.6407252099306009,0.0
0.3770993538280024,-0.44035087813996776,-1.114558841193123,0.6229006461719976,0.0
0.2706747504454642,-1.4346394793915063,0.5511752554257123,0.7293252495545358,0.0
0.37429474966281834,-0.5175218041815004,-1.5238398066040444,0.6257052503371816,0.0
0.31676492972593046,-0.8804325388498815,0.19195514973426664,0.6832350702740695,0.0
0.395618908063458,-0.3829717283455872,-1.455249860348246,0.604381091936542,0.0
0.3570365694744314,-0.7212542408355861,-0.7948025239098416,0.6429634305255686,0.0
0.3770993538280024,-0.44035087813996776,-1.114558841193123,0.6229006461719976,0.0
0.2706747504454642,-1.4346394793915063,0.5511752554257123,0.7293252495545358,0.0
0.3743750290794341,-0.5153128518454744,-1.5121244859384757,0.6256249709205659,0.0
0.31676492972593046,-0.8804325388498815,0.19195514973426664,0.6832350702740695,0.0
0.4060309522973063,-0.3172859624175072,-1.672750255239969,0.5939690477026938,0.0
0.3570365694744314,-0.7212542408355861,-0.7948025239098416,0.6429634305255686,0.0
0.376537432009473,-0.45581260626444753,-1.1965611099011921,0.623462567990527,0.0
0.2706747504454642,-1.4346394793915063,0.5511752554257123,0.7293252495545358,0.0
0.37109299119566025,-0.5477868326635811,-1.5802981981460846,0.6289070088043398,0.0
0.3088908122678503,-0.9751141090679752,0.2533248677452614,0.6911091877321497,0.0
0.40333156571473644,-0.329964576570024,-1.6291671706455142,0.5966684342852635,0.0
0.318846792703368,-1.0361364270476416,-0.11046636240797669,0.681153207296632,0.0
0.38386858440741867,-0.42137928235781286,-1.3149266071580998,0.6161314155925813,0.0
0.2784896923680767,-1.3662077195686728,0.257454012100078,0.7215103076319234,0.0
0.35670341987550136,-0.6747680834422745,-1.2527382230041424,0.6432965801244986,0.0
0.35190650011868574,-0.6812626742353227,-0.6041088878064889,0.6480934998813143,0.0
0.40333156571473644,-0.329964576570024,-1.6291671706455142,0.5966684342852635,0.0
0.26025579832700974,-1.5258733280926275,0.9427671060993339,0.7397442016729903,0.0
0.38386858440741867,-0.42137928235781286,-1.3149266071580998,0.6161314155925813,0.0
0.2784896923680767,-1.3662077195686728,0.257454012100078,0.7215103076319234,0.0
0.36887546729629583,-0.561230744138678,-1.28060332060203,0.6311245327037042,0.0
0.35190650011868574,-0.6812626742353227,-0.6041088878064889,0.6480934998813143,0.0
0.40333156571473644,-0.329964576570024,-1.6291671706455142,0.5966684342852635,0.0
0.26806541689922453,-1.4574881823380081,0.6492459386172512,0.7319345831007755,0.0
0.3910498476823163,-0.35439453469099036,-1.331366454548876,0.6089501523176837,0.0
0.26082878665320247,-1.5234959928285308,0.5579823370327901,0.7391712133467976,0.0
0.3930421615496935,-0.34600182718033134,-1.6918379571709692,0.6069578384503065,0.0
0.3473030348086133,-0.7187814991564112,-0.482381829984045,0.6526969651913868,0.0
0.40333156571473644,-0.329964576570024,-1.6291671706455142,0.5966684342852635,0.0
0.3014410381986042,-1.1792825765618808,0.08706941652219946,0.6985589618013959,0.0
0.3910498476823163,-0.35439453469099036,-1.331366454548876,0.6089501523176837,0.0
0.2927155812529832,-1.239511754230437,0.015377947243497392,0.7072844187470169,0.0
0.3930421615496935,-0.34600182718033134,-1.6918379571709692,0.6069578384503065,0.0
0.31750450735950414,-0.9616432693587773,0.3055652554180859,0.6824954926404958,0.0
0.40333156571473644,-0.329964576570024,-1.6291671706455142,0.5966684342852635,0.0
0.3014410381986042,-1.1792825765618808,0.08706941652219946,0.6985589618013959,0.0
0.37908197575054065,-0.45408034579043377,-1.0991086375469372,0.6209180242494594,0.0
0.2927155812529832,-1.239511754230437,0.015377947243497392,0.7072844187470169,0.0
0.35936670444625357,-0.6459159190479696,-1.1187966376583087,0.6406332955537464,0.0
0.31716380257874516,-0.9635284589956468,0.3196723534318847,0.6828361974212549,0.0
0.4124059910663651,-0.2835192847356665,-1.8275200746615696,0.5875940089336349,0.0
0.3352598348142498,-0.8633993901788442,-0.429605363888227,0.6647401651857502,0.0
0.37908197575054065,-0.45408034579043377,-1.0991086375469372,0.6209180242494594,0.0
0.2869231209650847,-1.3048998352883565,-0.05671781956873073,0.7130768790349153,0.0
0.35936670444625357,-0.6459159190479696,-1.1187966376583087,0.6406332955537464,0.0
0.3038682728828397,-1.1136148005938993,0.15418975002005866,0.6961317271171603,0.0
0.4124059910663651,-0.2835192847356665,-1.8275200746615696,0.5875940089336349,0.0
0.3352598348142498,-0.8633993901788442,-0.429605363888227,0.6647401651857502,0.0
0.37254929067781273,-0.5176453541788905,-1.1056322862684973,0.6274507093221873,0.0
0.2869231209650847,-1.3048998352883565,-0.05671781956873073,0.7130768790349153,0.0
0.3359577149853558,-0.8588560692847711,-0.7756027940549697,0.6640422850146441,0.0
0.3333310217516121,-0.8600355940628378,-0.38699594006397287,0.6666689782483879,0.0
0.4124059910663651,-0.2835192847356665,-1.8275200746615696,0.5875940089336349,0.0
0.3352598348142498,-0.8633993901788442,-0.429605363888227,0.6647401651857502,0.0
0.3652641475008837,-0.5851944132340003,-0.9735586797503794,0.6347358524991162,0.0
0.30698717634437017,-1.121637700251648,-0.2114994698649964,0.6930128236556299,0.0
0.33246121244580323,-0.8905716218124542,-0.7075202247233148,0.6675387875541967,0.0
0.3535698338525766,-0.6590582579706505,-0.521822121657158,0.6464301661474234,0.0
0.39103136145455514,-0.44418474203465375,-1.440204482760497,0.6089686385454449,0.0
0.35165982024803494,-0.7136043318842322,-0.556121004036265,0.648340179751965,0.0
0.37141677023190056,-0.5322401828882415,-1.0865729607104702,0.6285832297680994,0.0
0.30698717634437017,-1.121637700251648,-0.2114994698649964,0.6930128236556299,0.0
0.33246121244580323,-0.8905716218124542,-0.7075202247233148,0.6675387875541967,0.0
0.3535698338525766,-0.6590582579706505,-0.521822121657158,0.6464301661474234,0.0
0.39103136145455514,-0.44418474203465375,-1.440204482760497,0.6089686385454449,0.0
0.35165982024803494,-0.7136043318842322,-0.556121004036265,0.648340179751965,0.0
0.3910868038441192,-0.3513060146071395,-1.2779700419334148,0.6089131961558808,0.0
0.3001797977354398,-1.1838152966693585,-0.15898479746384447,0.6998202022645602,0.0
0.33246121244580323,-0.8905716218124542,-0.7075202247233148,0.6675387875541967,0.0
0.36811696692247964,-0.5756181574299083,-0.8784501416879382,0.6318830330775204,0.0
0.39103136145455514,-0.44418474203465375,-1.440204482760497,0.6089686385454449,0.0
0.32628487992363564,-0.8872451344831666,0.013670394190725244,0.6737151200763644,0.0
0.3910868038441192,-0.3513060146071395,-1.2779700419334148,0.6089131961558808,0.0
0.31500822880673623,-1.0491141486954034,-0.41095392106826756,0.6849917711932638,0.0
0.3337377171552479,-0.8788297345099939,-0.7199411122709234,0.6662622828447521,0.0
0.39668436292407117,-0.3749360857201197,-1.6326124659584935,0.6033156370759288,0.0
0.4048733388472533,-0.35304036555353957,-1.7967178886940753,0.5951266611527467,0.0
0.3239364470409773,-0.8859803009918014,0.2878894000560498,0.6760635529590227,0.0
0.3910868038441192,-0.3513060146071395,-1.2779700419334148,0.6089131961558808,0.0
0.3506510314914917,-0.7221911270312358,-0.8171508629183701,0.6493489685085083,0.0
0.29837945813851874,-1.2040715369991193,-0.3758914931221786,0.7016205418614813,0.0
0.39668436292407117,-0.3749360857201197,-1.6326124659584935,0.6033156370759288,0.0
0.4048733388472533,-0.35304036555353957,-1.7967178886940753,0.5951266611527467,0.0
0.32087540446593865,-0.9240791091057491,0.20838623236009868,0.6791245955340613,0.0
0.3798447759692892,-0.45442017639117255,-1.1498522453802646,0.6201552240307109,0.0
0.34871324678687393,-0.7400551481041271,-0.8007927240158668,0.6512867532131261,0.0
0.29837945813851874,-1.2040715369991193,-0.3758914931221786,0.7016205418614813,0.0
0.39668436292407117,-0.3749360857201197,-1.6326124659584935,0.6033156370759288,0.0
0.4048733388472533,-0.35304036555353957,-1.7967178886940753,0.5951266611527467,0.0
0.29932656457910883,-1.0801740525871568,0.73169359588019,0.7006734354208912,0.0
0.3918598443477103,-0.4057523657244243,-1.4603828569044937,0.6081401556522896,0.0
0.34871324678687393,-0.7400551481041271,-0.8007927240158668,0.6512867532131261,0.0
0.29837945813851874,-1.2040715369991193,-0.3758914931221786,0.7016205418614813,0.0
0.3952518579731968,-0.38408611239635565,-1.5814737328907238,0.6047481420268033,0.0
0.4048733388472533,-0.35304036555353957,-1.7967178886940753,0.5951266611527467,0.0
0.29932656457910883,-1.0801740525871568,0.73169359588019,0.7006734354208912,0.0
0.3918598443477103,-0.4057523657244243,-1.4603828569044937,0.6081401556522896,0.0
0.34871324678687393,-0.7400551481041271,-0.8007927240158668,0.6512867532131261,0.0
0.29837945813851874,-1.2040715369991193,-0.3758914931221786,0.7016205418614813,0.0
0.3948647737737106,-0.3874414074462831,-1.5808989505199218,0.6051352262262895,0.0
0.40296490701894494,-0.359198325246438,-1.754023962138538,0.5970350929810551,0.0
0.29932656457910883,-1.0801740525871568,0.73169359588019,0.7006734354208912,0.0
0.40026816704805074,-0.340604107628132,-1.5889224637522439,0.5997318329519492,0.0
0.3722856829519671,-0.5227459210320322,-0.9997834499412493,0.6277143170480328,0.0
0.3105604119666388,-1.1010393916589714,-0.5315050132502759,0.6894395880333613,0.0
0.3924195675397107,-0.40863676593387205,-1.5772680571945326,0.6075804324602894,0.0
0.40094508344894625,-0.36996578429504945,-1.70436714028874,0.5990549165510537,0.0
0.3015755156852612,-1.0645288857373187,0.677753547051893,0.6984244843147388,0.0
0.3975844391107542,-0.3580728595625007,-1.5324196591803942,0.6024155608892459,0.0
0.34207313365546865,-0.7542351843429504,-0.2830170897770955,0.6579268663445313,0.0
0.3084891846738396,-1.0926228719829938,-0.25274282660822056,0.6915108153261604,0.0
0.4016529594039885,-0.33338973939563,-1.7229823988968798,0.5983470405960115,0.0
0.4020762940792692,-0.3739690055613402,-1.7622455704089766,0.5979237059207307,0.0
0.3015755156852612,-1.0645288857373187,0.677753547051893,0.6984244843147388,0.0
0.3975844391107542,-0.3580728595625007,-1.5324196591803942,0.6024155608892459,0.0
0.32684907422987797,-0.8617711830199244,0.08492821992152,0.673150925770122,0.0
0.3112180860604975,-1.0716676833350651,-0.2967583342661888,0.6887819139395025,0.0
0.4016529594039885,-0.33338973939563,-1.7229823988968798,0.5983470405960115,0.0
0.40225329247378566,-0.3745953820451125,-1.771301699244584,0.5977467075262144,0.0
0.3015755156852612,-1.0645288857373187,0.677753547051893,0.6984244843147388,0.0
0.3995192686104465,-0.3649199934137832,-1.6314152759034635,0.6004807313895535,0.0
0.3270489549053871,-0.8590871393871501,0.08980902243106614,0.6729510450946129,0.0
0.3112180860604975,-1.0716676833350651,-0.2967583342661888,0.6887819139395025,0.0
0.4016529594039885,-0.33338973939563,-1.7229823988968798,0.5983470405960115,0.0
0.40225329247378566,-0.3745953820451125,-1.771301699244584,0.5977467075262144,0.0
0.3320422103236418,-0.8469063232753903,-0.040543835846929666,0.6679577896763582,0.0
0.3995192686104465,-0.3649199934137832,-1.6314152759034635,0.6004807313895535,0.0
0.3270489549053871,-0.8590871393871501,0.08980902243106614,0.6729510450946129,0.0
0.32542729026914236,-0.9628653521550574,-0.5269120145067823,0.6745727097308576,0.0
0.4016529594039885,-0.33338973939563,-1.7229823988968798,0.5983470405960115,0.0
0.40225329247378566,-0.3745953820451125,-1.771301699244584,0.5977467075262144,0.0
0.29658566774448597,-1.1001711996822952,0.7953965916769816,0.703414332255514,0.0
0.3993463927658573,-0.3674746369028951,-1.6239963266480224,0.6006536072341426,0.0
0.32200054058909455,-0.8990398935005033,0.20673988308194902,0.6779994594109054,0.0
0.32542729026914236,-0.9628653521550574,-0.5269120145067823,0.6745727097308576,0.0
0.39460780081282587,-0.39355776767526607,-1.6041308547131465,0.6053921991871741,0.0
0.40225329247378566,-0.3745953820451125,-1.771301699244584,0.5977467075262144,0.0
0.29658566774448597,-1.1001711996822952,0.7953965916769816,0.703414332255514,0.0
0.36972787754809744,-0.6060406958048252,-1.1844075424664906,0.6302721224519026,0.0
0.3311835993764576,-0.826365888010119,-0.0059571936909742496,0.6688164006235424,0.0
0.3456111847748726,-0.8083137852785163,-0.8538407808099274,0.6543888152251274,0.0
0.39460780081282587,-0.39355776767526607,-1.6041308547131465,0.6053921991871741,0.0
0.4035583738988514,-0.36460214812843145,-1.7924407643591365,0.5964416261011486,0.0
0.29658566774448597,-1.1001711996822952,0.7953965916769816,0.703414332255514,0.0
0.35090437238862837,-0.7667997725667729,-0.8668557618778056,0.6490956276113716,0.0
0.3576160069207908,-0.6171818921889873,-0.6181819378564941,0.6423839930792092,0.0
0.3494499756361366,-0.7471953983861587,-0.7784839782092925,0.6505500243638633,0.0
0.39460780081282587,-0.39355776767526607,-1.6041308547131465,0.6053921991871741,0.0
0.4035583738988514,-0.36460214812843145,-1.7924407643591365,0.5964416261011486,0.0
0.29658566774448597,-1.1001711996822952,0.7953965916769816,0.703414332255514,0.0
0.35090437238862837,-0.7667997725667729,-0.8668557618778056,0.6490956276113716,0.0
0.3576160069207908,-0.6171818921889873,-0.6181819378564941,0.6423839930792092,0.0
0.3494499756361366,-0.7471953983861587,-0.7784839782092925,0.6505500243638633,0.0
0.3808813710985285,-0.5107861026433773,-1.3725665334045902,0.6191186289014715,0.0
0.4127077539108143,-0.2947146030160118,-1.9532742941608765,0.5872922460891856,0.0
0.29658566774448597,-1.1001711996822952,0.7953965916769816,0.703414332255514,0.0
0.35090437238862837,-0.7667997725667729,-0.8668557618778056,0.6490956276113716,0.0
0.3519618631108118,-0.6900520431657943,-0.6049961289815109,0.6480381368891882,0.0
0.3494499756361366,-0.7471953983861587,-0.7784839782092925,0.6505500243638633,0.0
0.3824673225761675,-0.5000189690947474,-1.4015039824599809,0.6175326774238326,0.0
0.38624035887547936,-0.49166469140078395,-1.4427188595024014,0.6137596411245206,0.0
0.29658566774448597,-1.1001711996822952,0.7953965916769816,0.703414332255514,0.0
0.3415542547547228,-0.8241844631578668,-0.5807249503130687,0.6584457452452772,0.0
0.3519618631108118,-0.6900520431657943,-0.6049961289815109,0.6480381368891882,0.0
0.3503440934707807,-0.7268549597522439,-0.716730184835781,0.6496559065292193,0.0
0.37604755352508623,-0.5453517302476465,-1.2646531814848687,0.6239524464749138,0.0
0.3929132624893336,-0.446895700734255,-1.609025548142853,0.6070867375106663,0.0
0.3066386108284409,-1.0257185488487364,0.5411705975862879,0.6933613891715591,0.0
0.3025378445440401,-1.1333222170831765,0.20200421461612805,0.6974621554559599,0.0
0.3530919868550035,-0.6643426659709957,-0.5269421796236009,0.6469080131449965,0.0
0.3790989695945598,-0.5302524344717484,-1.5452333585418736,0.6209010304054402,0.0
0.37604755352508623,-0.5453517302476465,-1.2646531814848687,0.6239524464749138,0.0
0.3929132624893336,-0.446895700734255,-1.609025548142853,0.6070867375106663,0.0
0.307128141762345,-1.0223305932310562,0.5284343914622656,0.692871858237655,0.0
0.26577978404936176,-1.4458534942593515,0.908415936760371,0.7342202159506382,0.0
0.3530919868550035,-0.6643426659709957,-0.5269421796236009,0.6469080131449965,0.0
0.3790989695945598,-0.5302524344717484,-1.5452333585418736,0.6209010304054402,0.0
0.37993071738556533,-0.5184770510306235,-1.3656820887818797,0.6200692826144347,0.0
0.41264897194218375,-0.29182135674090337,-1.9998234270356299,0.5873510280578162,0.0
0.307128141762345,-1.0223305932310562,0.5284343914622656,0.692871858237655,0.0
0.26577978404936176,-1.4458534942593515,0.908415936760371,0.7342202159506382,0.0
0.3853977873090218,-0.41607181779844826,-1.289272817107756,0.6146022126909783,0.0
0.37920775097671056,-0.530291078700644,-1.5664778813797333,0.6207922490232894,0.0
0.3778459904582334,-0.5298073177469178,-1.3005320746387343,0.6221540095417666,0.0
0.3878986740488459,-0.46305793618273683,-1.4007500946942604,0.6121013259511541,0.0
0.3015201155259566,-1.0606737290236483,0.6900162920440778,0.6984798844740434,0.0
0.31259411679144977,-1.0676011050837426,-0.10523372891653349,0.6874058832085502,0.0
0.3858336047823295,-0.424259862090376,-1.3086994247486854,0.6141663952176706,0.0
0.38048156274196626,-0.5307435961485112,-1.815247685578449,0.6195184372580338,0.0
0.377753308130045,-0.5297743926540915,-1.2824316258400952,0.622246691869955,0.0
0.3880677598749871,-0.4662346840608644,-1.4082871123754397,0.6119322401250129,0.0
0.3015201155259566,-1.0606737290236483,0.6900162920440778,0.6984798844740434,0.0
0.3184936281166184,-1.0200152523593895,-0.2346460711754479,0.6815063718833816,0.0
0.3842501781672774,-0.39451078581157484,-1.2381180243625036,0.6157498218327226,0.0
0.3813017995914319,-0.501092608044467,-1.689635766710433,0.6186982004085682,0.0
0.3745724572599445,-0.5519263130753849,-1.200130695477468,0.6254275427400555,0.0
0.3802387859780336,-0.5285397031765962,-1.2748864638725512,0.6197612140219664,0.0
0.3015201155259566,-1.0606737290236483,0.6900162920440778,0.6984798844740434,0.0
0.31709193997539775,-1.0310787969425597,-0.19890507492684995,0.6829080600246022,0.0
0.3741429511756229,-0.4988328496291032,-1.135578554918858,0.6258570488243771,0.0
0.3793446058327192,-0.5172472245989665,-1.6441965020347675,0.6206553941672808,0.0
0.3759998671397133,-0.5460349714881485,-1.2189624872223064,0.6240001328602867,0.0
0.3993561336680245,-0.3993074494892592,-1.7520760422299224,0.6006438663319755,0.0
0.3015201155259566,-1.0606737290236483,0.6900162920440778,0.6984798844740434,0.0
0.3444709754848403,-0.8050930873938114,-0.8345515128637195,0.6555290245151597,0.0
0.38628387074543147,-0.4509083213147974,-1.4324409764195305,0.6137161292545685,0.0
0.3793446058327192,-0.5172472245989665,-1.6441965020347675,0.6206553941672808,0.0
0.37040047958018685,-0.5978290977819117,-1.1027286893293549,0.6295995204198132,0.0
0.3993561336680245,-0.3993074494892592,-1.7520760422299224,0.6006438663319755,0.0
0.3015201155259566,-1.0606737290236483,0.6900162920440778,0.6984798844740434,0.0
0.3572907879346749,-0.699758700892952,-0.9908550280294228,0.642709212065325,0.0
0.39853995426518657,-0.3375400054158362,-1.6868565030552385,0.6014600457348134,0.0
0.3793446058327192,-0.5172472245989665,-1.6441965020347675,0.6206553941672808,0.0
0.37040047958018685,-0.5978290977819117,-1.1027286893293549,0.6295995204198132,0.0
0.3993561336680245,-0.3993074494892592,-1.7520760422299224,0.6006438663319755,0.0
0.3015201155259566,-1.0606737290236483,0.6900162920440778,0.6984798844740434,0.0
0.31586456107368355,-0.9956450530512423,-0.24119960797131346,0.6841354389263165,0.0
0.39912119588444495,-0.3320984102586599,-1.688148262262316,0.600878804115555,0.0
0.37901043123868366,-0.5202579619250309,-1.6239659304411593,0.6209895687613163,0.0
0.3646441598568795,-0.6496905108308065,-0.7542472656766184,0.6353558401431205,0.0
0.41078361180109113,-0.33195855878101455,-1.8136800884942192,0.5892163881989089,0.0
0.33780620299495157,-0.8186695527997421,-0.14145395151514917,0.6621937970050484,0.0
0.31721416524392043,-0.9848888494370196,-0.26465489105341744,0.6827858347560796,0.0
0.39912119588444495,-0.3320984102586599,-1.688148262262316,0.600878804115555,0.0
0.37901043123868366,-0.5202579619250309,-1.6239659304411593,0.6209895687613163,0.0
0.38749286696728363,-0.5058288652663483,-1.275953706540294,0.6125071330327163,0.0
0.41078361180109113,-0.33195855878101455,-1.8136800884942192,0.5892163881989089,0.0
0.3605178564802345,-0.667197862800508,-0.6618755613449947,0.6394821435197655,0.0
0.3061762918115205,-1.06787989827443,-0.02185861580116555,0.6938237081884795,0.0
0.39912119588444495,-0.3320984102586599,-1.688148262262316,0.600878804115555,0.0
0.375135597740088,-0.5268492699969597,-1.7829402470451963,0.624864402259912,0.0
0.38749286696728363,-0.5058288652663483,-1.275953706540294,0.6125071330327163,0.0
0.41078361180109113,-0.33195855878101455,-1.8136800884942192,0.5892163881989089,0.0
0.3229764955470893,-0.9175738818384672,0.19835839320573134,0.6770235044529107,0.0
0.3015370126672225,-1.1046059108101347,0.0613130532891768,0.6984629873327775,0.0
0.39912119588444495,-0.3320984102586599,-1.688148262262316,0.600878804115555,0.0
0.375135597740088,-0.5268492699969597,-1.7829402470451963,0.624864402259912,0.0
0.38339197690587523,-0.567097298708538,-1.130587629525357,0.6166080230941248,0.0
0.41078361180109113,-0.33195855878101455,-1.8136800884942192,0.5892163881989089,0.0
0.3125187129134905,-0.9979836174071768,0.45745293888409555,0.6874812870865095,0.0
0.30303732476421086,-1.092828302905456,0.023717825967035644,0.6969626752357891,0.0
0.39912119588444495,-0.3320984102586599,-1.688148262262316,0.600878804115555,0.0
0.375135597740088,-0.5268492699969597,-1.7829402470451963,0.624864402259912,0.0
0.38098382788416024,-0.5828529341285015,-1.09599424284124,0.6190161721158398,0.0
0.4164855708214148,-0.33189018294875433,-1.8750547928467751,0.5835144291785852,0.0
0.2967979935519982,-1.11885999542121,0.8469382421659455,0.7032020064480018,0.0
0.35085616996646873,-0.7142296416203904,-0.8282405571168399,0.6491438300335313,0.0
0.4060299896622318,-0.2760025180536472,-1.6608444497532207,0.5939700103377682,0.0
0.3741709781874133,-0.5346814902348348,-1.7867524597491735,0.6258290218125867,0.0
0.38098382788416024,-0.5828529341285015,-1.09599424284124,0.6190161721158398,0.0
0.4077909517024969,-0.38254272470561834,-1.736372267189572,0.5922090482975031,0.0
0.2967979935519982,-1.11885999542121,0.8469382421659455,0.7032020064480018,0.0
0.3771091370581401,-0.5177238016679216,-1.6417791706477283,0.6228908629418599,0.0
0.35765641463789233,-0.6492633836256669,-0.5502686247919248,0.6423435853621077,0.0
0.37715203859466484,-0.5211914483666045,-1.7822852820078896,0.6228479614053352,0.0
0.38098382788416024,-0.5828529341285015,-1.09599424284124,0.6190161721158398,0.0
0.408416898428874,-0.3778654784371321,-1.7513251032603514,0.5915831015711259,0.0
0.2967979935519982,-1.11885999542121,0.8469382421659455,0.7032020064480018,0.0
0.37503487511730954,-0.5317499900169476,-1.5253903827767168,0.6249651248826904,0.0
0.35765641463789233,-0.6492633836256669,-0.5502686247919248,0.6423435853621077,0.0
0.37715203859466484,-0.5211914483666045,-1.7822852820078896,0.6228479614053352,0.0
0.38098382788416024,-0.5828529341285015,-1.09599424284124,0.6190161721158398,0.0
0.408416898428874,-0.3778654784371321,-1.7513251032603514,0.5915831015711259,0.0
0.2967979935519982,-1.11885999542121,0.8469382421659455,0.7032020064480018,0.0
0.37503487511730954,-0.5317499900169476,-1.5253903827767168,0.6249651248826904,0.0
0.3333325339646165,-0.7793143557158069,0.025264787860876936,0.6666674660353835,0.0
0.37642195830395553,-0.5248324440856399,-1.6936979316599035,0.6235780416960445,0.0
0.35139753900445425,-0.7712273783894863,-0.4131696057606207,0.6486024609955457,0.0
0.3870005717358541,-0.5256112097642842,-1.2487172944423293,0.6129994282641459,0.0
0.3093907139977711,-1.0018254502729562,0.563723947120301,0.6906092860022288,0.0
0.3752711323487265,-0.5305717475974124,-1.554057643622018,0.6247288676512734,0.0
0.34145549561568705,-0.7038209683906822,-0.15742320776305452,0.658544504384313,0.0
0.3754935633486093,-0.5295847704650944,-1.6529082836933018,0.6245064366513907,0.0
0.35139753900445425,-0.7712273783894863,-0.4131696057606207,0.6486024609955457,0.0
0.3851034996764417,-0.5386986221303621,-1.2041959699118285,0.6148965003235582,0.0
0.310887292139822,-0.9879165143215876,0.5300654278744501,0.689112707860178,0.0
0.37441331977984177,-0.5309345280817342,-1.5763881899225891,0.6255866802201582,0.0
0.3429932070313481,-0.714246552155585,-0.19697887457490662,0.6570067929686518,0.0
0.37178956784590156,-0.5260719828222953,-1.8258572331512242,0.6282104321540984,0.0
0.35139753900445425,-0.7712273783894863,-0.4131696057606207,0.6486024609955457,0.0
0.3865947128384941,-0.5401128558044063,-1.1345674432016148,0.6134052871615059,0.0
0.280375942170492,-1.2479944476230336,1.2210005166326494,0.719624057829508,0.0
0.37441331977984177,-0.5309345280817342,-1.5763881899225891,0.6255866802201582,0.0
0.3429932070313481,-0.714246552155585,-0.19697887457490662,0.6570067929686518,0.0
0.37603920621466935,-0.5301022461250612,-1.6274308336274692,0.6239607937853306,0.0
0.3440200267653026,-0.8482512022356812,-0.040309809031907395,0.6559799732346974,0.0
0.3865947128384941,-0.5401128558044063,-1.1345674432016148,0.6134052871615059,0.0
0.280375942170492,-1.2479944476230336,1.2210005166326494,0.719624057829508,0.0
0.37441331977984177,-0.5309345280817342,-1.5763881899225891,0.6255866802201582,0.0
0.3427447016716034,-0.6818154713393163,-0.2348950746694359,0.6572552983283966,0.0
0.3782259073863804,-0.5083747469489543,-1.7358208506052144,0.6217740926136196,0.0
0.3440200267653026,-0.8482512022356812,-0.040309809031907395,0.6559799732346974,0.0
0.4144753049877222,-0.3383244140148711,-1.8511564217325815,0.5855246950122778,0.0
0.2917215707635661,-1.1512846121205536,0.9640766864234629,0.7082784292364339,0.0
0.37441331977984177,-0.5309345280817342,-1.5763881899225891,0.6255866802201582,0.0
0.3719037547779373,-0.5421836612186899,-0.8919179947894819,0.6280962452220626,0.0
0.3855391037227278,-0.4740676534770849,-1.7590894214514228,0.6144608962772722,0.0
0.3440200267653026,-0.8482512022356812,-0.040309809031907395,0.6559799732346974,0.0
0.4144753049877222,-0.3383244140148711,-1.8511564217325815,0.5855246950122778,0.0
0.2917215707635661,-1.1512846121205536,0.9640766864234629,0.7082784292364339,0.0
0.3461397448498987,-0.7430417188537646,-0.7077643563147009,0.6538602551501014,0.0
0.3719037547779373,-0.5421836612186899,-0.8919179947894819,0.6280962452220626,0.0
0.3705200211277115,-0.5444574733802959,-1.7245049594605975,0.6294799788722885,0.0
0.3405781358303226,-0.8792706530248089,0.10217534239092951,0.6594218641696774,0.0
0.41321796579726194,-0.34434534159641317,-1.8228255749288438,0.5867820342027381,0.0
0.2917215707635661,-1.1512846121205536,0.9640766864234629,0.7082784292364339,0.0
0.3461397448498987,-0.7430417188537646,-0.7077643563147009,0.6538602551501014,0.0
0.3719037547779373,-0.5421836612186899,-0.8919179947894819,0.6280962452220626,0.0
0.370304068309801,-0.5448123365749705,-1.8544429002969105,0.629695931690199,0.0
0.3405781358303226,-0.8792706530248089,0.10217534239092951,0.6594218641696774,0.0
0.41321796579726194,-0.34434534159641317,-1.8228255749288438,0.5867820342027381,0.0
0.2917215707635661,-1.1512846121205536,0.9640766864234629,0.7082784292364339,0.0
0.3461397448498987,-0.7430417188537646,-0.7077643563147009,0.6538602551501014,0.0
0.37623424283745166,-0.5084228676669325,-0.9228710620627282,0.6237657571625483,0.0
0.370304068309801,-0.5448123365749705,-1.8544429002969105,0.629695931690199,0.0
0.36349032738576986,-0.7105435069276482,-0.5050120612981532,0.6365096726142301,0.0
0.40436913683586334,-0.4095088006808727,-1.588326074095062,0.5956308631641367,0.0
0.2917215707635661,-1.1512846121205536,0.9640766864234629,0.7082784292364339,0.0
0.3461397448498987,-0.7430417188537646,-0.7077643563147009,0.6538602551501014,0.0
0.3766275651450629,-0.5021847098141674,-0.9357676688442143,0.6233724348549371,0.0
0.3867889593183706,-0.47933576075121104,-1.725662684512885,0.6132110406816293,0.0
0.36349032738576986,-0.7105435069276482,-0.5050120612981532,0.6365096726142301,0.0
0.40436913683586334,-0.4095088006808727,-1.588326074095062,0.5956308631641367,0.0
0.32823288168630943,-0.9108603559137003,0.13679231589787255,0.6717671183136906,0.0
0.33934810857546116,-0.7939922935329767,-0.4991109705369934,0.6606518914245388,0.0
0.3750778374230054,-0.5056694333844585,-0.8152997308409471,0.6249221625769946,0.0
0.37128407732484237,-0.5409198246652489,-1.8467870551741432,0.6287159226751576,0.0
0.36349032738576986,-0.7105435069276482,-0.5050120612981532,0.6365096726142301,0.0
0.4057960983975151,-0.40384103151937134,-1.5771786289751946,0.5942039016024849,0.0
0.3070225998935553,-1.0313675773116406,0.5228909519757294,0.6929774001064447,0.0
0.34706087412811926,-0.7673327337055317,-0.5009962044462457,0.6529391258718807,0.0
0.3706066079969963,-0.5204911756439069,-0.7044036305955585,0.6293933920030037,0.0
0.3614154380837703,-0.636824560353197,-1.2553188621363507,0.6385845619162297,0.0
0.36349032738576986,-0.7105435069276482,-0.5050120612981532,0.6365096726142301,0.0
0.4057960983975151,-0.40384103151937134,-1.5771786289751946,0.5942039016024849,0.0
0.32354947286936203,-0.9227814077422767,0.10742181696953368,0.676450527130638,0.0
0.349608377800175,-0.7515671269916822,-0.5476731127647501,0.6503916221998249,0.0
0.3681268684254857,-0.5600575534955051,-0.6507320397675329,0.6318731315745143,0.0
0.32950032664952544,-0.8043681532720318,-1.0238624067288935,0.6704996733504746,0.0
0.3563013070638916,-0.7487445569678355,-0.39477907680193014,0.6436986929361084,0.0
0.4049379006972281,-0.4083462805903955,-1.570954762323295,0.5950620993027719,0.0
0.3271341043070344,-0.9223860717060869,-0.07499502373669636,0.6728658956929656,0.0
0.33415616968059375,-0.921611633513788,-0.43233803178359137,0.6658438303194063,0.0
0.3681268684254857,-0.5600575534955051,-0.6507320397675329,0.6318731315745143,0.0
0.32950032664952544,-0.8043681532720318,-1.0238624067288935,0.6704996733504746,0.0
0.3433754041741497,-0.8156659189916462,-0.1845238009554938,0.6566245958258503,0.0
0.4049379006972281,-0.4083462805903955,-1.570954762323295,0.5950620993027719,0.0
0.3226671862248101,-0.9228787119452067,0.15232014057542148,0.67733281377519,0.0
0.3478419238362902,-0.7759525674381086,-0.5203222891811481,0.6521580761637098,0.0
0.3681268684254857,-0.5600575534955051,-0.6507320397675329,0.6318731315745143,0.0
0.32950032664952544,-0.8043681532720318,-1.0238624067288935,0.6704996733504746,0.0
0.29956169969227725,-1.1055531599986024,0.8021918109286885,0.7004383003077228,0.0
0.39522768739421194,-0.47259254730735456,-1.3522738912553007,0.604772312605788,0.0
0.28376892970445255,-1.1661537902185664,0.9670983962148776,0.7162310702955474,0.0
0.3478419238362902,-0.7759525674381086,-0.5203222891811481,0.6521580761637098,0.0
0.3601618631598674,-0.6104357422796088,-0.7276735727384956,0.6398381368401326,0.0
0.3410186961148048,-0.7315151453886962,-0.9125955620213242,0.6589813038851953,0.0
0.29956169969227725,-1.1055531599986024,0.8021918109286885,0.7004383003077228,0.0
0.397827593663625,-0.4564144177369004,-1.4063759705919583,0.6021724063363749,0.0
0.2967146447241936,-1.085598018868076,0.6977078765228335,0.7032853552758064,0.0
0.34571393575536274,-0.7904799675252171,-0.46203146117054117,0.6542860642446373,0.0
0.3630027985569358,-0.5891597058481555,-0.791496963477629,0.6369972014430643,0.0
0.3639046241828292,-0.5486082798038083,-1.744422167161636,0.6360953758171708,0.0
0.29956169969227725,-1.1055531599986024,0.8021918109286885,0.7004383003077228,0.0
0.39799687774799797,-0.45536103366555114,-1.4098986441094328,0.602003122252002,0.0
0.2967146447241936,-1.085598018868076,0.6977078765228335,0.7032853552758064,0.0
0.31241879212983803,-1.003912701034765,0.14130530955682752,0.687581207870162,0.0
0.35431118440000153,-0.6542520341150686,-0.5962344147184317,0.6456888155999985,0.0
0.3639046241828292,-0.5486082798038083,-1.744422167161636,0.6360953758171708,0.0
0.29956169969227725,-1.1055531599986024,0.8021918109286885,0.7004383003077228,0.0
0.39799687774799797,-0.45536103366555114,-1.4098986441094328,0.602003122252002,0.0
0.2967146447241936,-1.085598018868076,0.6977078765228335,0.7032853552758064,0.0
0.31241879212983803,-1.003912701034765,0.14130530955682752,0.687581207870162,0.0
0.35035138392106224,-0.6746136337685564,-0.48597218203886716,0.6496486160789378,0.0
0.33511120269508504,-0.778728485466172,-0.6978780211111126,0.6648887973049149,0.0
0.29949870165111403,-1.1051116037882545,0.7998798488224469,0.700501298348886,0.0
0.387301020577369,-0.48461575055725764,-1.5148496358631007,0.612698979422631,0.0
0.2967146447241936,-1.085598018868076,0.6977078765228335,0.7032853552758064,0.0
0.31668880160294816,-0.9701565680105566,-0.07818378840316487,0.6833111983970519,0.0
0.34820071899139987,-0.6893061204839633,-0.5158759246339057,0.6517992810086002,0.0
0.36181102456005115,-0.5430480353855807,-1.6431571369312667,0.6381889754399488,0.0
0.3042866448754311,-1.0712753799558354,0.6736554678737434,0.6957133551245689,0.0
0.37284595147660815,-0.5602881449260155,-1.1455370362169823,0.6271540485233918,0.0
0.2957876701297157,-1.0909555061825176,0.7337159977075924,0.7042123298702843,0.0
0.3072342453765528,-1.0247995596829607,0.2890763375767695,0.6927657546234471,0.0
0.34820071899139987,-0.6893061204839633,-0.5158759246339057,0.6517992810086002,0.0
0.36181102456005115,-0.5430480353855807,-1.6431571369312667,0.6381889754399488,0.0
0.3042866448754311,-1.0712753799558354,0.6736554678737434,0.6957133551245689,0.0
0.37221040948218254,-0.5647875937060534,-1.131640780518035,0.6277895905178175,0.0
0.31661610302518317,-0.9181067606607984,-0.016117799938993427,0.6833838969748168,0.0
0.33743495506348214,-0.810987494470904,-0.3712683568419418,0.6625650449365179,0.0
0.34777174738452915,-0.6941546249537722,-0.5101139052234184,0.6522282526154708,0.0
0.3639083909319063,-0.5474325080156214,-1.5399936121047324,0.6360916090680937,0.0
0.3042866448754311,-1.0712753799558354,0.6736554678737434,0.6957133551245689,0.0
0.37221040948218254,-0.5647875937060534,-1.131640780518035,0.6277895905178175,0.0
0.2947129708036587,-1.0767742169795005,0.33045181786741096,0.7052870291963413,0.0
0.33743495506348214,-0.810987494470904,-0.3712683568419418,0.6625650449365179,0.0
0.34777174738452915,-0.6941546249537722,-0.5101139052234184,0.6522282526154708,0.0
0.3558418335248041,-0.530569645787689,-1.9367647754547863,0.6441581664751959,0.0
0.30124202290971114,-1.0939782417349613,0.7545762567067451,0.6987579770902889,0.0
0.37221040948218254,-0.5647875937060534,-1.131640780518035,0.6277895905178175,0.0
0.2947129708036587,-1.0767742169795005,0.33045181786741096,0.7052870291963413,0.0
0.3149115366395053,-0.9704466150938217,0.12121079383453459,0.6850884633604948,0.0
0.3304111010608169,-0.8433323061274975,-0.038246967300102463,0.6695888989391832,0.0
0.3558418335248041,-0.530569645787689,-1.9367647754547863,0.6441581664751959,0.0
0.30124202290971114,-1.0939782417349613,0.7545762567067451,0.6987579770902889,0.0
0.37221040948218254,-0.5647875937060534,-1.131640780518035,0.6277895905178175,0.0
0.31631648943847146,-0.9340506283645917,-0.07712739034447247,0.6836835105615285,0.0
0.30703973453644207,-1.0366335268552844,0.2724472887043282,0.6929602654635579,0.0
0.34799913725312426,-0.6902944624345668,-0.5173044392515038,0.6520008627468757,0.0
0.3432092199172171,-0.6595253694815918,-1.3424099107631646,0.6567907800827829,0.0
0.30378225420867533,-1.075036474672673,0.6870612998927699,0.6962177457913247,0.0
0.37221040948218254,-0.5647875937060534,-1.131640780518035,0.6277895905178175,0.0
0.31503915926575043,-0.9496526952705755,-0.0227495645503146,0.6849608407342496,0.0
0.30919653791056845,-1.0210179313204617,0.22597942738801136,0.6908034620894316,0.0
0.34729776500834947,-0.6962724192132974,-0.5038692910170378,0.6527022349916505,0.0
0.3432092199172171,-0.6595253694815918,-1.3424099107631646,0.6567907800827829,0.0
0.30378225420867533,-1.075036474672673,0.6870612998927699,0.6962177457913247,0.0
0.37221040948218254,-0.5647875937060534,-1.131640780518035,0.6277895905178175,0.0
0.31768973635649256,-0.92879561246203,-0.0625207021857822,0.6823102636435074,0.0
0.30919653791056845,-1.0210179313204617,0.22597942738801136,0.6908034620894316,0.0
0.34451681258383277,-0.7510284459627372,-0.05292212005029273,0.6554831874161673,0.0
0.35614848819530714,-0.5220046283282517,-1.9390641354099372,0.6438515118046928,0.0
0.3047865344139424,-1.0650167275014975,0.6015365244913468,0.6952134655860576,0.0
0.37221040948218254,-0.5647875937060534,-1.131640780518035,0.6277895905178175,0.0
0.31768973635649256,-0.92879561246203,-0.0625207021857822,0.6823102636435074,0.0
0.3029594743651131,-1.088742295314961,0.4378423259745119,0.6970405256348868,0.0
0.342839487405641,-0.7642843423355256,-0.025292311925595112,0.6571605125943589,0.0
0.35614848819530714,-0.5220046283282517,-1.9390641354099372,0.6438515118046928,0.0
0.3052645491661161,-1.0588093937984802,0.644363930074674,0.6947354508338839,0.0
0.3464136487218763,-0.762459847512267,-0.5986321420799754,0.6535863512781237,0.0
0.31776651178208365,-0.9279491116235496,-0.06438256138272902,0.6822334882179164,0.0
0.30170211959952775,-1.1050698680050828,0.3251904836140459,0.6982978804004722,0.0
0.3335181594275138,-0.8415030324067068,0.054123685308686276,0.6664818405724862,0.0
0.35614848819530714,-0.5220046283282517,-1.9390641354099372,0.6438515118046928,0.0
0.30449632286254047,-1.0669053299615847,0.6887251704693393,0.6955036771374595,0.0
0.34690055867682146,-0.7504329373347792,-0.6656768718118475,0.6530994413231785,0.0
0.3175442750627895,-0.9293997699712743,-0.06472904155030763,0.6824557249372105,0.0
0.30170211959952775,-1.1050698680050828,0.3251904836140459,0.6982978804004722,0.0
0.33507324147149836,-0.8195481489243588,-0.08284165099254515,0.6649267585285017,0.0
0.35614848819530714,-0.5220046283282517,-1.9390641354099372,0.6438515118046928,0.0
0.3146526070881997,-0.9523745396422385,0.6020733098273535,0.6853473929118004,0.0
0.34690055867682146,-0.7504329373347792,-0.6656768718118475,0.6530994413231785,0.0
0.30082127677613407,-1.0313493925766948,0.27760480656081354,0.699178723223866,0.0
0.28998304512830225,-1.2305692381482993,0.8125502320512501,0.7100169548716977,0.0
0.3395125357044669,-0.7906726782003852,-0.23173707601070226,0.6604874642955332,0.0
0.35614848819530714,-0.5220046283282517,-1.9390641354099372,0.6438515118046928,0.0
0.3146526070881997,-0.9523745396422385,0.6020733098273535,0.6853473929118004,0.0
0.34639412317059987,-0.7535203566987146,-0.6553097108103844,0.6536058768294002,0.0
0.306973986078729,-0.9962183313296781,0.4219409140359993,0.693026013921271,0.0
0.2873005255329988,-1.2608195819227515,0.8354370781631748,0.7126994744670012,0.0
0.3349257726566138,-0.864748189294251,0.238996695978845,0.6650742273433863,0.0
0.35614848819530714,-0.5220046283282517,-1.9390641354099372,0.6438515118046928,0.0
0.3146526070881997,-0.9523745396422385,0.6020733098273535,0.6853473929118004,0.0
0.3272417750492316,-0.8714356264414412,-0.1319254584183729,0.6727582249507684,0.0
0.2922025388771289,-1.0871617065351349,0.8256064490067173,0.7077974611228711,0.0
0.28297801779383264,-1.3072048812291062,1.0096296396311013,0.7170219822061674,0.0
0.3426164460258521,-0.7405450084150984,-0.5502875217737226,0.6573835539741479,0.0
0.35614848819530714,-0.5220046283282517,-1.9390641354099372,0.6438515118046928,0.0
0.3146526070881997,-0.9523745396422385,0.6020733098273535,0.6853473929118004,0.0
0.3289368076804308,-0.8605378372123339,-0.23075263010181424,0.6710631923195691,0.0
0.31020084610978715,-0.9934640516090281,0.57848136912245,0.6897991538902128,0.0
0.2998216627474755,-1.1435038542770108,0.5550363265842031,0.7001783372525245,0.0
0.35655649321756283,-0.6092844925925858,-0.9103376360131914,0.6434435067824371,0.0
0.35614848819530714,-0.5220046283282517,-1.9390641354099372,0.6438515118046928,0.0
0.3146526070881997,-0.9523745396422385,0.6020733098273535,0.6853473929118004,0.0
0.330324527385408,-0.8506923683085472,-0.2906903046335848,0.6696754726145919,0.0
0.31235081480971666,-0.9782106471186602,0.48562102871819735,0.6876491851902833,0.0
0.2955127816101458,-1.2003495832549342,0.5789088333692676,0.7044872183898542,0.0
0.374481261375192,-0.44432620348372437,-1.3337536630674127,0.625518738624808,0.0
0.35614848819530714,-0.5220046283282517,-1.9390641354099372,0.6438515118046928,0.0
0.3146526070881997,-0.9523745396422385,0.6020733098273535,0.6853473929118004,0.0
0.3386534429987,-0.7916011272035739,-0.6504285366710726,0.6613465570013,0.0
0.31235081480971666,-0.9782106471186602,0.48562102871819735,0.6876491851902833,0.0
0.27542788628328924,-1.3926370692561818,1.0653766766256205,0.7245721137167107,0.0
0.37391342929123683,-0.44976247796351176,-1.3200004398258618,0.6260865707087632,0.0
0.3574564533960142,-0.5166857129324122,-1.8934848246499052,0.6425435466039858,0.0
0.3146526070881997,-0.9523745396422385,0.6020733098273535,0.6853473929118004,0.0
0.32887554972621613,-0.8863958840973634,-0.46475056864851616,0.6711244502737839,0.0
0.30092916856577157,-1.1064082786908875,0.6649611889546279,0.6990708314342284,0.0
0.2992729231500426,-1.1643509807255596,0.4878360189241613,0.7007270768499574,0.0
0.37967543187663555,-0.39390099337957263,-1.4294183790468096,0.6203245681233645,0.0
0.3574564533960142,-0.5166857129324122,-1.8934848246499052,0.6425435466039858,0.0
0.3260572949229628,-0.8544209905643214,0.24575952884492458,0.6739427050770372,0.0
0.31031001603167624,-1.0663850907836312,-0.11219910632510044,0.6896899839683237,0.0
0.3008011067143266,-1.1108884418537954,0.6512657685802128,0.6991988932856734,0.0
0.2993766241931125,-1.1607230650904619,0.49892620200430793,0.7006233758068875,0.0
0.3634784908468234,-0.5485754179963189,-1.0404551507565372,0.6365215091531766,0.0
0.3574564533960142,-0.5166857129324122,-1.8934848246499052,0.6425435466039858,0.0
0.3260572949229628,-0.8544209905643214,0.24575952884492458,0.6739427050770372,0.0
0.3014206317277154,-1.1525659275494409,0.05660646032757932,0.6985793682722846,0.0
0.3008011067143266,-1.1108884418537954,0.6512657685802128,0.6991988932856734,0.0
0.2927934216399155,-1.2235900635673371,0.6570192464172728,0.7072065783600845,0.0
0.37868011731700063,-0.47699438150306844,-0.8746974836420498,0.6213198826829993,0.0
0.3474941581313446,-0.6238420419770885,-1.2147474020822369,0.6525058418686553,0.0
0.3260572949229628,-0.8544209905643214,0.24575952884492458,0.6739427050770372,0.0
0.30146296570210407,-1.1554138732722028,0.015971633030028576,0.6985370342978959,0.0
0.3008011067143266,-1.1108884418537954,0.6512657685802128,0.6991988932856734,0.0
0.2909736288976198,-1.2409683694349845,0.7007208601083841,0.7090263711023802,0.0
0.4022370404434077,-0.28525345497599974,-1.336272415682695,0.5977629595565923,0.0
0.3680641696788244,-0.4966150701717966,-1.2604112551256164,0.6319358303211756,0.0
0.34111819977740965,-0.6884818526560575,0.05045128147813782,0.6588818002225904,0.0
0.3011910593857686,-1.1371218408849417,0.2769645203020148,0.6988089406142314,0.0
0.3008011067143266,-1.1108884418537954,0.6512657685802128,0.6991988932856734,0.0
0.2909736288976198,-1.2409683694349845,0.7007208601083841,0.7090263711023802,0.0
0.40324565210632424,-0.27859919157231705,-1.3591567779997522,0.5967543478936758,0.0
0.3680641696788244,-0.4966150701717966,-1.2604112551256164,0.6319358303211756,0.0
0.334363722893502,-0.755998955165862,0.16273443417414574,0.665636277106498,0.0
0.32110748061832844,-0.9463635137796704,-0.18090297534712274,0.6788925193816715,0.0
0.3067881845633609,-1.0316413890951148,0.6211368292396506,0.6932118154366391,0.0
0.2909736288976198,-1.2409683694349845,0.7007208601083841,0.7090263711023802,0.0
0.42983473742709466,-0.09431830409767417,-1.9466213823141436,0.5701652625729053,0.0
0.3680641696788244,-0.4966150701717966,-1.2604112551256164,0.6319358303211756,0.0
0.334363722893502,-0.755998955165862,0.16273443417414574,0.665636277106498,0.0
0.3230257587947042,-0.93042058103037,-0.2708667214797662,0.6769742412052958,0.0
0.3067003641868908,-1.0396746070254805,0.5970016852960925,0.6932996358131092,0.0
0.3063825831679256,-1.0687430793104902,0.5096678461173878,0.6936174168320743,0.0
0.37555879187397695,-0.5110184169566018,-0.8254271658466409,0.6244412081260231,0.0
0.36713646247051396,-0.4948321799488977,-1.3142549132336203,0.632863537529486,0.0
0.334363722893502,-0.755998955165862,0.16273443417414574,0.665636277106498,0.0
0.3176108189962248,-0.9825767446124206,-0.1518944049077371,0.6823891810037752,0.0
0.3067003641868908,-1.0396746070254805,0.5970016852960925,0.6932996358131092,0.0
0.31221975138359553,-1.0146003826136596,0.34215838254073927,0.6877802486164044,0.0
0.37555879187397695,-0.5110184169566018,-0.8254271658466409,0.6244412081260231,0.0
0.36163709779872455,-0.5386567535308019,-1.066411640361766,0.6383629022012755,0.0
0.334363722893502,-0.755998955165862,0.16273443417414574,0.665636277106498,0.0
0.3176108189962248,-0.9825767446124206,-0.1518944049077371,0.6823891810037752,0.0
0.3067003641868908,-1.0396746070254805,0.5970016852960925,0.6932996358131092,0.0
0.31221975138359553,-1.0146003826136596,0.34215838254073927,0.6877802486164044,0.0
0.3740145742397739,-0.5006590951738815,-0.9921065523597423,0.6259854257602261,0.0
0.369883160678168,-0.47294367374997137,-1.4380420621143521,0.6301168393218319,0.0
0.32728939193529466,-0.8341787356209963,0.23234843645099587,0.6727106080647054,0.0
0.3176108189962248,-0.9825767446124206,-0.1518944049077371,0.6823891810037752,0.0
0.3072036897083411,-1.0447622071177136,0.5137355250636791,0.6927963102916589,0.0
0.3077418704676161,-1.050202122965088,0.42470319225712927,0.692258129532384,0.0
0.3724119660871497,-0.48990806295087913,-1.165088480414308,0.6275880339128503,0.0
0.3674027253515792,-0.49367394647944574,-1.337268352559942,0.6325972746484207,0.0
0.3292410170912357,-0.8126109538585141,0.21314373160302463,0.6707589829087643,0.0
0.3225641554248003,-0.9529791958326722,-0.46870501510320906,0.6774358445751997,0.0
0.3072036897083411,-1.0447622071177136,0.5137355250636791,0.6927963102916589,0.0
0.3077418704676161,-1.050202122965088,0.42470319225712927,0.692258129532384,0.0
0.3883153831286383,-0.35212273857626464,-1.5560438321478958,0.6116846168713617,0.0
0.3674027253515792,-0.49367394647944574,-1.337268352559942,0.6325972746484207,0.0
0.3292410170912357,-0.8126109538585141,0.21314373160302463,0.6707589829087643,0.0
0.3225641554248003,-0.9529791958326722,-0.46870501510320906,0.6774358445751997,0.0
0.3072036897083411,-1.0447622071177136,0.5137355250636791,0.6927963102916589,0.0
0.3077418704676161,-1.050202122965088,0.42470319225712927,0.692258129532384,0.0
0.406372153519403,-0.22990213482082078,-1.7449427585379516,0.5936278464805971,0.0
0.3674027253515792,-0.49367394647944574,-1.337268352559942,0.6325972746484207,0.0
0.3292410170912357,-0.8126109538585141,0.21314373160302463,0.6707589829087643,0.0
0.32245557706660943,-0.9552618480751633,-0.47979316117399423,0.6775444229333906,0.0
0.30726301350296314,-1.0453618503508268,0.5039214695904695,0.6927369864970369,0.0
0.3080446674791614,-1.0532627865678932,0.37461086948243605,0.6919553325208385,0.0
0.406372153519403,-0.22990213482082078,-1.7449427585379516,0.5936278464805971,0.0
0.37405781725678056,-0.4309341046888312,-1.5292003995582402,0.6259421827432194,0.0
0.33610981663816264,-0.7398691670100347,0.12226677879324543,0.6638901833618374,0.0
0.3306217638426653,-0.9068320064606298,-1.0085516801367678,0.6693782361573347,0.0
0.30726301350296314,-1.0453618503508268,0.5039214695904695,0.6927369864970369,0.0
0.3080446674791614,-1.0532627865678932,0.37461086948243605,0.6919553325208385,0.0
0.406372153519403,-0.22990213482082078,-1.7449427585379516,0.5936278464805971,0.0
0.37405781725678056,-0.4309341046888312,-1.5292003995582402,0.6259421827432194,0.0
0.33610981663816264,-0.7398691670100347,0.12226677879324543,0.6638901833618374,0.0
0.3435385108719835,-0.7914037961784932,-1.1341190510103187,0.6564614891280165,0.0
0.30726301350296314,-1.0453618503508268,0.5039214695904695,0.6927369864970369,0.0
0.28195145176747,-1.271758427611361,0.9370779095306232,0.7180485482325301,0.0
0.406372153519403,-0.22990213482082078,-1.7449427585379516,0.5936278464805971,0.0
0.3663300605163928,-0.5179343068025897,-1.3935593688736214,0.6336699394836072,0.0
0.3412898496659647,-0.6850117125447868,0.05373287941176269,0.6587101503340353,0.0
0.3426108618526356,-0.7849684729970747,-0.9772294219239959,0.6573891381473644,0.0
0.30726301350296314,-1.0453618503508268,0.5039214695904695,0.6927369864970369,0.0
0.28195145176747,-1.271758427611361,0.9370779095306232,0.7180485482325301,0.0
0.3852367892822662,-0.41389353346501423,-1.490463895659134,0.6147632107177339,0.0
0.3663300605163928,-0.5179343068025897,-1.3935593688736214,0.6336699394836072,0.0
0.3412898496659647,-0.6850117125447868,0.05373287941176269,0.6587101503340353,0.0
0.3426108618526356,-0.7849684729970747,-0.9772294219239959,0.6573891381473644,0.0
0.30726301350296314,-1.0453618503508268,0.5039214695904695,0.6927369864970369,0.0
0.28195145176747,-1.271758427611361,0.9370779095306232,0.7180485482325301,0.0
0.3852367892822662,-0.41389353346501423,-1.490463895659134,0.6147632107177339,0.0
0.35767078647099604,-0.6154216653487821,-1.2415679312602212,0.642329213529004,0.0
0.3412898496659647,-0.6850117125447868,0.05373287941176269,0.6587101503340353,0.0
0.35863171114315673,-0.6552560299414341,-1.4725691497162832,0.6413682888568433,0.0
0.3052608643116233,-1.061576196358491,0.5551317259407123,0.6947391356883768,0.0
0.2795304768248169,-1.2956973802148695,0.9731179149802676,0.7204695231751831,0.0
0.41357197036814275,-0.2067421321566476,-1.7463048411553643,0.5864280296318573,0.0
0.33071785068659654,-0.8124678179811271,-0.9982074052031981,0.6692821493134035,0.0
0.34047282122351463,-0.6935510563721659,0.06510308910811885,0.6595271787764854,0.0
0.35863171114315673,-0.6552560299414341,-1.4725691497162832,0.6413682888568433,0.0
0.3052608643116233,-1.061576196358491,0.5551317259407123,0.6947391356883768,0.0
0.2795304768248169,-1.2956973802148695,0.9731179149802676,0.7204695231751831,0.0
0.391709101673838,-0.3852232786449423,-1.6373747493920618,0.608290898326162,0.0
0.33071785068659654,-0.8124678179811271,-0.9982074052031981,0.6692821493134035,0.0
0.34047282122351463,-0.6935510563721659,0.06510308910811885,0.6595271787764854,0.0
0.35863171114315673,-0.6552560299414341,-1.4725691497162832,0.6413682888568433,0.0
0.3088346557186425,-1.0242239672239042,0.5053969118294794,0.6911653442813575,0.0
0.2795304768248169,-1.2956973802148695,0.9731179149802676,0.7204695231751831,0.0
0.391709101673838,-0.3852232786449423,-1.6373747493920618,0.608290898326162,0.0
0.3480358866799848,-0.691154741262133,-1.1796944692212266,0.6519641133200151,0.0
0.3365886775793612,-0.7169249111416645,0.19416531645176782,0.6634113224206388,0.0
0.35863171114315673,-0.6552560299414341,-1.4725691497162832,0.6413682888568433,0.0
0.30768724319159396,-1.0348535772858356,0.523710645857768,0.692312756808406,0.0
0.2795304768248169,-1.2956973802148695,0.9731179149802676,0.7204695231751831,0.0
0.3934635398508925,-0.37293341544954284,-1.655760658387535,0.6065364601491074,0.0
0.34240716664419646,-0.7391014467111123,-0.9420658980632353,0.6575928333558035,0.0
0.3457370576996615,-0.6913308673282045,-0.4975688957192407,0.6542629423003385,0.0
0.35253695825407133,-0.6723070674392443,-1.0117281010640506,0.6474630417459286,0.0
0.30768724319159396,-1.0348535772858356,0.523710645857768,0.692312756808406,0.0
0.2795304768248169,-1.2956973802148695,0.9731179149802676,0.7204695231751831,0.0
0.3934635398508925,-0.37293341544954284,-1.655760658387535,0.6065364601491074,0.0
0.3593521289532317,-0.6175749241870411,-1.178932131489019,0.6406478710467682,0.0
0.3366329627082712,-0.7168010164723675,0.19081679590992096,0.6633670372917289,0.0
0.3561505233745462,-0.6621975461032212,-1.284959710252835,0.6438494766254538,0.0
0.30768724319159396,-1.0348535772858356,0.523710645857768,0.692312756808406,0.0
0.292428877062938,-1.1762068206106213,0.767247867562372,0.707571122937062,0.0
0.3934635398508925,-0.37293341544954284,-1.655760658387535,0.6065364601491074,0.0
0.36035710812085664,-0.603567950395792,-1.1456502342557269,0.6396428918791434,0.0
0.3366329627082712,-0.7168010164723675,0.19081679590992096,0.6633670372917289,0.0
0.3544234099994378,-0.686269320483214,-1.3421565275723935,0.6455765900005622,0.0
0.30768724319159396,-1.0348535772858356,0.523710645857768,0.692312756808406,0.0
0.2958019399531643,-1.1449588235805512,0.7134107556465779,0.7041980600468357,0.0
0.37233779470492323,-0.5399346936947091,-1.1432714962970763,0.6276622052950768,0.0
0.3627397129083684,-0.5869696364606198,-1.1823618783437073,0.6372602870916316,0.0
0.3434405137052324,-0.6829464105309306,-0.16725089850906127,0.6565594862947677,0.0
0.33410707145311913,-0.8383791834731498,-0.5636183244258735,0.6658929285468809,0.0
0.3018864266358115,-1.0796174291065463,0.6711023346682037,0.6981135733641886,0.0
0.2958019399531643,-1.1449588235805512,0.7134107556465779,0.7041980600468357,0.0
0.37233779470492323,-0.5399346936947091,-1.1432714962970763,0.6276622052950768,0.0
0.37719962989918254,-0.4600040127621855,-1.4948367312921054,0.6228003701008175,0.0
0.3434405137052324,-0.6829464105309306,-0.16725089850906127,0.6565594862947677,0.0
0.3132261314776542,-1.021724742723501,-0.11238692023436414,0.6867738685223458,0.0
0.3018864266358115,-1.0796174291065463,0.6711023346682037,0.6981135733641886,0.0
0.2958019399531643,-1.1449588235805512,0.7134107556465779,0.7041980600468357,0.0
0.39439107931966344,-0.3709986276977607,-1.7112221775750007,0.6056089206803366,0.0
0.37539096634075214,-0.4719482765917488,-1.4237105767254918,0.6246090336592478,0.0
0.3434405137052324,-0.6829464105309306,-0.16725089850906127,0.6565594862947677,0.0
0.3132261314776542,-1.021724742723501,-0.11238692023436414,0.6867738685223458,0.0
0.30712147473435025,-1.0395150839674088,0.5362811873412197,0.6928785252656497,0.0
0.2958019399531643,-1.1449588235805512,0.7134107556465779,0.7041980600468357,0.0
0.39439107931966344,-0.3709986276977607,-1.7112221775750007,0.6056089206803366,0.0
0.37539096634075214,-0.4719482765917488,-1.4237105767254918,0.6246090336592478,0.0
0.35056261357462504,-0.6393409424349263,-0.38307416783635984,0.649437386425375,0.0
0.31446592864100703,-1.0181116952522458,-0.24412518391507998,0.685534071358993,0.0
0.3055504373608653,-1.044093439828594,0.7032163456704403,0.6944495626391347,0.0
0.28738201878395603,-1.232077745028129,0.7222158180860324,0.712617981216044,0.0
0.3729200403462371,-0.5448386489638852,-1.3171022233278487,0.6270799596537628,0.0
0.3672236137073995,-0.5451646323635954,-1.2655803526341451,0.6327763862926006,0.0
0.35056261357462504,-0.6393409424349263,-0.38307416783635984,0.649437386425375,0.0
0.32035888109898125,-0.9562756002499382,-0.26680925470545147,0.6796411189010187,0.0
0.3055504373608653,-1.044093439828594,0.7032163456704403,0.6944495626391347,0.0
0.29554334569528184,-1.166507103729855,0.5276410441064279,0.7044566543047182,0.0
0.3729200403462371,-0.5448386489638852,-1.3171022233278487,0.6270799596537628,0.0
0.3662081381901887,-0.5452227439100806,-1.2563957880627963,0.6337918618098113,0.0
0.3385923041441487,-0.7649481310943791,-0.3369961876659716,0.6614076958558512,0.0
0.3012779803674718,-1.1564958461754964,-0.19336007858798387,0.6987220196325282,0.0
0.304320510249495,-1.0591387585950982,0.6816371665545664,0.695679489750505,0.0
0.25205411306078623,-1.515913138360864,1.5644709251225246,0.7479458869392137,0.0
0.3729200403462371,-0.5448386489638852,-1.3171022233278487,0.6270799596537628,0.0
0.3662081381901887,-0.5452227439100806,-1.2563957880627963,0.6337918618098113,0.0
0.32390378260721264,-0.8818173546162005,0.15202112062769713,0.6760962173927874,0.0
0.31515898415959837,-1.0379842361451252,-0.4110906823301149,0.6848410158404017,0.0
0.30508584006610795,-1.0524079753585607,0.6722045204979767,0.694914159933892,0.0
0.27679109939824875,-1.3012494055961175,1.0209355749917033,0.7232089006017512,0.0
0.34840589039871395,-0.7384577384779947,-0.7302230343056394,0.651594109601286,0.0
0.3625449355949079,-0.5454323741417236,-1.2232636049583705,0.637455064405092,0.0
0.339883473166665,-0.7369563887665416,-0.2897046283979434,0.660116526833335,0.0
0.32227119632639106,-0.9513909836796264,-0.37617293865466056,0.6777288036736089,0.0
0.3168099282386996,-0.9489634885402873,0.28544877318467865,0.6831900717613004,0.0
0.2795311153391838,-1.2824485056904926,0.9186684107394801,0.7204688846608163,0.0
0.3498512954794281,-0.7288278345327165,-0.7766864774332711,0.6501487045205718,0.0
0.3625449355949079,-0.5454323741417236,-1.2232636049583705,0.637455064405092,0.0
0.3339447574589094,-0.7417992893716165,0.0004336450898289046,0.6660552425410906,0.0
0.3263168886332993,-0.9531892653703595,-0.8663004743646552,0.6736831113667008,0.0
0.3168099282386996,-0.9489634885402873,0.28544877318467865,0.6831900717613004,0.0
0.2768370724532495,-1.3036583181179384,0.9836193077153803,0.7231629275467505,0.0
0.3498512954794281,-0.7288278345327165,-0.7766864774332711,0.6501487045205718,0.0
0.37847511911813897,-0.4360567967369943,-1.904858022917768,0.621524880881861,0.0
0.329177307976982,-0.7994388982237253,0.0797338357899855,0.670822692023018,0.0
0.3263168886332993,-0.9531892653703595,-0.8663004743646552,0.6736831113667008,0.0
0.3168099282386996,-0.9489634885402873,0.28544877318467865,0.6831900717613004,0.0
0.2768370724532495,-1.3036583181179384,0.9836193077153803,0.7231629275467505,0.0
0.3635087010478555,-0.6821815871974086,-1.3424447547537808,0.6364912989521445,0.0
0.37774326410241477,-0.4480922524850983,-1.877356120372836,0.6222567358975852,0.0
0.3468959244116604,-0.626097820280788,-0.22557091614828262,0.6531040755883396,0.0
0.32728774468856814,-0.9010047927426703,-0.54520659680639,0.6727122553114319,0.0
0.3186773120132231,-0.9323934597883818,0.25283283163097114,0.6813226879867769,0.0
0.28543939850506206,-1.227326504616896,0.8333700833407869,0.7145606014949379,0.0
0.3635087010478555,-0.6821815871974086,-1.3424447547537808,0.6364912989521445,0.0
0.37883260186065953,-0.43017794418303607,-1.918291633858547,0.6211673981393404,0.0
0.32936288422231996,-0.7976234073513953,0.0765362210237649,0.67063711577768,0.0
0.32728774468856814,-0.9010047927426703,-0.54520659680639,0.6727122553114319,0.0
0.3186773120132231,-0.9323934597883818,0.25283283163097114,0.6813226879867769,0.0
0.28543939850506206,-1.227326504616896,0.8333700833407869,0.7145606014949379,0.0
0.34334972590400165,-0.8229483480383142,-0.7806080813092624,0.6566502740959983,0.0
0.37883260186065953,-0.43017794418303607,-1.918291633858547,0.6211673981393404,0.0
0.3286044156187759,-0.7839720070529381,0.26176926481762997,0.671395584381224,0.0
0.33247446684000587,-0.8536276502129574,-0.6833738353673335,0.6675255331599941,0.0
0.3186773120132231,-0.9323934597883818,0.25283283163097114,0.6813226879867769,0.0
0.2569499306309283,-1.4801247286570214,1.3309704329615226,0.7430500693690717,0.0
0.3436297747635413,-0.8217060707782342,-0.7923383461447877,0.6563702252364587,0.0
0.3615566493457621,-0.5879818983447159,-1.4580837062309389,0.638443350654238,0.0
0.33166493243205203,-0.7920618840781268,0.04541482181916978,0.668335067567948,0.0
0.33247446684000587,-0.8536276502129574,-0.6833738353673335,0.6675255331599941,0.0
0.31853438842032444,-0.9330274589043888,0.25881939982732627,0.6814656115796756,0.0
0.2569499306309283,-1.4801247286570214,1.3309704329615226,0.7430500693690717,0.0
0.37529563922283554,-0.5811726897310525,-1.5680251125116478,0.6247043607771645,0.0
0.3615566493457621,-0.5879818983447159,-1.4580837062309389,0.638443350654238,0.0
0.34255696519550527,-0.6751282933483509,-0.13160828198061936,0.6574430348044947,0.0
0.30955308508710333,-1.0629987209159073,-0.07277933496174027,0.6904469149128967,0.0
0.30355473660859755,-1.0938444994208623,0.502276660298448,0.6964452633914024,0.0
0.2569499306309283,-1.4801247286570214,1.3309704329615226,0.7430500693690717,0.0
0.34056626928222855,-0.8430091088849475,-0.7092279181480607,0.6594337307177714,0.0
0.3615566493457621,-0.5879818983447159,-1.4580837062309389,0.638443350654238,0.0
0.34255696519550527,-0.6751282933483509,-0.13160828198061936,0.6574430348044947,0.0
0.2634035908245261,-1.4845426369990598,1.1565805569069472,0.736596409175474,0.0
0.30355473660859755,-1.0938444994208623,0.502276660298448,0.6964452633914024,0.0
0.26054632532797994,-1.4463064224183477,1.269526763510846,0.7394536746720201,0.0
0.3576963204414994,-0.7138598826497158,-1.1328244273863568,0.6423036795585007,0.0
0.3615566493457621,-0.5879818983447159,-1.4580837062309389,0.638443350654238,0.0
0.3422195588723633,-0.6816304942128909,-0.1262491951089994,0.6577804411276367,0.0
0.2634035908245261,-1.4845426369990598,1.1565805569069472,0.736596409175474,0.0
0.3384483705750376,-0.7543055513335618,-0.06635071571356677,0.6615516294249624,0.0
0.26054632532797994,-1.4463064224183477,1.269526763510846,0.7394536746720201,0.0
0.3221497034191923,-0.9818578028559556,-0.2538181275288849,0.6778502965808078,0.0
0.3615566493457621,-0.5879818983447159,-1.4580837062309389,0.638443350654238,0.0
0.34941265934321886,-0.6078547673244378,-0.2433044555150068,0.6505873406567811,0.0
0.27378918041519623,-1.3834837398869366,0.9873367755639013,0.7262108195848038,0.0
0.33248586365500143,-0.8375505100408442,-0.13493152232444522,0.6675141363449986,0.0
0.26054632532797994,-1.4463064224183477,1.269526763510846,0.7394536746720201,0.0
0.3317882484293343,-0.8855196943124488,-0.5483694486617998,0.6682117515706657,0.0
0.37584802791664634,-0.44513830747602434,-1.8948243589368357,0.6241519720833537,0.0
0.3491216656514289,-0.6118467234554332,-0.24341667416958382,0.6508783343485711,0.0
0.2798647936211315,-1.354661683230244,0.8578724564226161,0.7201352063788685,0.0
0.3212648557000938,-0.9897898781982415,-0.06175724722156253,0.6787351442999062,0.0
0.26054632532797994,-1.4463064224183477,1.269526763510846,0.7394536746720201,0.0
0.3317882484293343,-0.8855196943124488,-0.5483694486617998,0.6682117515706657,0.0
0.37221042305092766,-0.46782823957771436,-1.67005869237201,0.6277895769490723,0.0
0.3491216656514289,-0.6118467234554332,-0.24341667416958382,0.6508783343485711,0.0
0.3059442056308642,-1.2309437530329346,0.30215022641844724,0.6940557943691358,0.0
0.31627930404582605,-1.0391888126614746,0.16877964599313522,0.683720695954174,0.0
0.2525380647095423,-1.4842967508745253,1.4401735728665122,0.7474619352904577,0.0
0.33636097109038793,-0.8402112424666907,-0.7598167164700375,0.6636390289096121,0.0
0.37986443620649524,-0.40281687466843397,-1.8689831474838288,0.6201355637935048,0.0
0.3328360161201042,-0.8237542463787053,-0.0390195334010425,0.6671639838798957,0.0
0.31308259525200804,-1.1392442953183657,0.052921431423763154,0.686917404747992,0.0
0.31627930404582605,-1.0391888126614746,0.16877964599313522,0.683720695954174,0.0
0.2525380647095423,-1.4842967508745253,1.4401735728665122,0.7474619352904577,0.0
0.33636097109038793,-0.8402112424666907,-0.7598167164700375,0.6636390289096121,0.0
0.37986443620649524,-0.40281687466843397,-1.8689831474838288,0.6201355637935048,0.0
0.3328360161201042,-0.8237542463787053,-0.0390195334010425,0.6671639838798957,0.0
0.33431648113664847,-0.9050905854340018,-0.5581653838903571,0.6656835188633515,0.0
0.3015816904291255,-1.1848189258698696,0.8484119947952354,0.6984183095708745,0.0
0.29306831463900024,-1.1972360364265715,0.44977560602250954,0.7069316853609997,0.0
0.33579339321662954,-0.845917807785252,-0.7453457238059176,0.6642066067833705,0.0
0.37986443620649524,-0.40281687466843397,-1.8689831474838288,0.6201355637935048,0.0
0.3328360161201042,-0.8237542463787053,-0.0390195334010425,0.6671639838798957,0.0
0.3339481370469405,-0.8848538628943245,-0.429000355613947,0.6660518629530595,0.0
0.31498203651605683,-1.030011821317776,0.46792419531866747,0.6850179634839432,0.0
0.28940015816365633,-1.2025861942977252,0.2780152271983459,0.7105998418363437,0.0
0.33582663067380514,-0.8440570798676745,-0.7663614164193686,0.6641733693261949,0.0
0.37986443620649524,-0.40281687466843397,-1.8689831474838288,0.6201355637935048,0.0
0.33221084107789256,-0.8190689779852434,0.11029436587151797,0.6677891589221074,0.0
0.3353632650579319,-0.86999761235022,-0.4733802386058166,0.6646367349420681,0.0
0.29905496303698037,-1.225016770940618,0.7985331212874363,0.7009450369630197,0.0
0.32978852305551337,-0.8455239835629655,-0.6805261512872567,0.6702114769444867,0.0
0.33524128369776757,-0.8441992846272545,-0.7580403635235479,0.6647587163022324,0.0
0.376871288357957,-0.43327080233398163,-1.7701795014797927,0.623128711642043,0.0
0.33221084107789256,-0.8190689779852434,0.11029436587151797,0.6677891589221074,0.0
0.3347991668671991,-0.8680994479762669,-0.48792870528422594,0.6652008331328009,0.0
0.29905496303698037,-1.225016770940618,0.7985331212874363,0.7009450369630197,0.0
0.3282045302908787,-0.8459088002947373,-0.6580087588333888,0.6717954697091213,0.0
0.33534931641147875,-0.8383592004544468,-0.8240430429671374,0.6646506835885213,0.0
0.376871288357957,-0.43327080233398163,-1.7701795014797927,0.623128711642043,0.0
0.33353039663487916,-0.8076700297534116,0.054733127850977725,0.6664696033651208,0.0
0.31536459612482015,-1.0689618664878746,0.10438736828503092,0.6846354038751798,0.0
0.3134064308966827,-1.0493029293066454,0.5006300958882834,0.6865935691033174,0.0
0.3282045302908787,-0.8459088002947373,-0.6580087588333888,0.6717954697091213,0.0
0.3287889210367111,-0.9014263053785038,-0.4279976127812949,0.6712110789632889,0.0
0.3712635048174879,-0.48447869837756913,-1.603485843162777,0.6287364951825121,0.0
0.33353039663487916,-0.8076700297534116,0.054733127850977725,0.6664696033651208,0.0
0.31536459612482015,-1.0689618664878746,0.10438736828503092,0.6846354038751798,0.0
0.3134064308966827,-1.0493029293066454,0.5006300958882834,0.6865935691033174,0.0
0.3213183604012627,-0.9405565310347946,-0.11884600679424373,0.6786816395987373,0.0
0.32310315962450487,-0.972384601961762,-0.20251037214517148,0.6768968403754951,0.0
0.3578052165298023,-0.5997515269154987,-1.0120479778268312,0.6421947834701978,0.0
0.33521742127486415,-0.7890414489994537,0.08138228021051719,0.6647825787251358,0.0
0.31536459612482015,-1.0689618664878746,0.10438736828503092,0.6846354038751798,0.0
0.3130311155097,-1.0543306744411232,0.5294482888215777,0.6869688844903,0.0
0.32165639920225625,-0.9387859096304662,-0.13283494863044265,0.6783436007977437,0.0
0.3218635365792319,-0.9856957595256748,-0.1735921591770836,0.678136463420768,0.0
0.3578052165298023,-0.5997515269154987,-1.0120479778268312,0.6421947834701978,0.0
0.33030826500519345,-0.8477419049535917,0.18052569230813015,0.6696917349948066,0.0
0.3153452018965949,-1.0692103503589276,0.1052169186456432,0.6846547981034051,0.0
0.3130311155097,-1.0543306744411232,0.5294482888215777,0.6869688844903,0.0
0.32099320648446794,-0.9525072142479878,-0.10783033371497924,0.6790067935155321,0.0
0.3209355677818378,-0.9975851359068586,-0.13390010020090184,0.6790644322181623,0.0
0.3371280356895074,-0.8283686169769815,-0.4679622418599144,0.6628719643104926,0.0
0.33041397362793057,-0.8474416128052638,0.17047392230650737,0.6695860263720694,0.0
0.3153452018965949,-1.0692103503589276,0.1052169186456432,0.6846547981034051,0.0
0.31534572800552324,-1.0377142248692028,0.3352040303385805,0.6846542719944768,0.0
0.3219482041379136,-0.9327743653450331,-0.1438536093536509,0.6780517958620864,0.0
0.319738514732698,-1.0615455916584833,-0.10563520866924436,0.680261485267302,0.0
0.3394308418099904,-0.8218269122494264,-0.686934704863163,0.6605691581900096,0.0
0.33041397362793057,-0.8474416128052638,0.17047392230650737,0.6695860263720694,0.0
0.31534523757976934,-1.06707413544103,0.12081572298374876,0.6846547624202306,0.0
0.3215503461354749,-0.9820990284959655,0.07188866553501705,0.678449653864525,0.0
0.322233358186279,-0.928242122414019,-0.16454360847208216,0.6777666418137209,0.0
0.32138661178600103,-1.0594716098904544,-0.19058616900786984,0.678613388213999,0.0
0.35159483723322027,-0.661625617396879,-1.0215337046788278,0.6484051627667797,0.0
0.3313486343796943,-0.8382099033339572,0.20875071693216074,0.6686513656203057,0.0
0.31480872570373186,-1.0677492873363645,0.1484701617870443,0.6851912742962681,0.0
0.31567206006242365,-1.0714027376107111,0.006507720500798647,0.6843279399375763,0.0
0.322233358186279,-0.928242122414019,-0.16454360847208216,0.6777666418137209,0.0
0.3247155890976441,-1.0525212040836125,-0.3054020142702004,0.6752844109023559,0.0
0.37290097898827435,-0.47046989443994386,-1.8471941695064138,0.6270990210117257,0.0
0.3313486343796943,-0.8382099033339572,0.20875071693216074,0.6686513656203057,0.0
0.31331220885332467,-1.0842710367179609,0.19606775849971125,0.6866877911466753,0.0
0.308386223617005,-1.0866144723860809,0.25779494525840774,0.691613776382995,0.0
0.32575676596527037,-0.8934411778967596,-0.02025087371844364,0.6742432340347296,0.0
0.3247155890976441,-1.0525212040836125,-0.3054020142702004,0.6752844109023559,0.0
0.37290097898827435,-0.47046989443994386,-1.8471941695064138,0.6270990210117257,0.0
0.32212060265380776,-0.9374103615637478,0.22909087182672674,0.6778793973461923,0.0
0.31155133007753366,-1.107543659524227,0.23457874877124682,0.6884486699224663,0.0
0.308234303865633,-1.0866867450679867,0.2596986413548017,0.691765696134367,0.0
0.3255679275334485,-0.9222935502586169,-0.0719687862924834,0.6744320724665516,0.0
0.32773600598814495,-1.0160363357287807,-0.40204655897321495,0.6722639940118551,0.0
0.37290097898827435,-0.47046989443994386,-1.8471941695064138,0.6270990210117257,0.0
0.3248751977776391,-0.893069717533495,0.22766060508296843,0.6751248022223608,0.0
0.3122183792459994,-1.0968061869012178,0.23423239723890943,0.6877816207540006,0.0
0.31439770825602503,-1.0282326238723154,0.14176597367453395,0.685602291743975,0.0
0.33801064633459216,-0.7596354873613465,-0.35736984565570906,0.6619893536654078,0.0
0.32773600598814495,-1.0160363357287807,-0.40204655897321495,0.6722639940118551,0.0
0.37290097898827435,-0.47046989443994386,-1.8471941695064138,0.6270990210117257,0.0
0.3187919954433788,-0.9661555905717568,0.5096911724752864,0.6812080045566212,0.0
0.30401185878426,-1.1395214453200833,0.5707294892424879,0.69598814121574,0.0
0.3057794671189329,-1.1103978368487084,0.4347639191133297,0.6942205328810671,0.0
0.33146837799862916,-0.8138567790067271,-0.07801365272909133,0.6685316220013708,0.0
0.32773600598814495,-1.0160363357287807,-0.40204655897321495,0.6722639940118551,0.0
0.37290097898827435,-0.47046989443994386,-1.8471941695064138,0.6270990210117257,0.0
0.3187919954433788,-0.9661555905717568,0.5096911724752864,0.6812080045566212,0.0
0.30401185878426,-1.1395214453200833,0.5707294892424879,0.69598814121574,0.0
0.30237199542832716,-1.1481692336536427,0.415143405073328,0.6976280045716728,0.0
0.33096710590396866,-0.8198792498460824,-0.05477358187384063,0.6690328940960313,0.0
0.3279015018943329,-1.0059892324113116,-0.38425934795006084,0.672098498105667,0.0
0.3376856920573589,-0.8204344776937207,-0.7332598100265967,0.6623143079426411,0.0
0.3187919954433788,-0.9661555905717568,0.5096911724752864,0.6812080045566212,0.0
0.29532844790994733,-1.2413748302431078,0.6065898331479725,0.7046715520900526,0.0
0.30206335260830425,-1.151590500647062,0.4133662132626664,0.6979366473916957,0.0
0.33096710590396866,-0.8198792498460824,-0.05477358187384063,0.6690328940960313,0.0
0.3279015018943329,-1.0059892324113116,-0.38425934795006084,0.672098498105667,0.0
0.35182445420686537,-0.6889962758426051,-1.1883639067383471,0.6481755457931346,0.0
0.3187919954433788,-0.9661555905717568,0.5096911724752864,0.6812080045566212,0.0
0.31023957430304006,-1.0931901471468048,0.13491921861067002,0.68976042569696,0.0
0.30791227869007687,-1.0972171178276109,0.22509865539361829,0.6920877213099231,0.0
0.32454935015977465,-0.904503054304494,0.003959994481540496,0.6754506498402253,0.0
0.328903599197,-1.0363276637807481,-0.5003142245486476,0.671096400803,0.0
0.35182445420686537,-0.6889962758426051,-1.1883639067383471,0.6481755457931346,0.0
0.3187919954433788,-0.9661555905717568,0.5096911724752864,0.6812080045566212,0.0
0.30956624547367406,-1.0943552227991178,0.1610097651934631,0.6904337545263259,0.0
0.30791227869007687,-1.0972171178276109,0.22509865539361829,0.6920877213099231,0.0
0.32387956300703785,-0.8842252913453954,0.08152937337449018,0.6761204369929621,0.0
0.328903599197,-1.0363276637807481,-0.5003142245486476,0.671096400803,0.0
0.35182445420686537,-0.6889962758426051,-1.1883639067383471,0.6481755457931346,0.0
0.3187919954433788,-0.9661555905717568,0.5096911724752864,0.6812080045566212,0.0
0.30956624547367406,-1.0943552227991178,0.1610097651934631,0.6904337545263259,0.0
0.2900942395278473,-1.2628589896712479,0.7986327832298483,0.7099057604721527,0.0
0.32869849236026133,-0.8302193249941823,-0.02075381693378353,0.6713015076397386,0.0
0.3284113644815882,-1.0303042019125845,-0.48155130847326566,0.6715886355184117,0.0
0.3633468141106807,-0.5902107450724167,-1.7359759408558446,0.6366531858893193,0.0
0.31537070182989274,-1.00152802343468,0.5441382592250187,0.6846292981701072,0.0
0.3236710587776663,-0.9722972191520823,-0.30086117161460413,0.6763289412223337,0.0
0.2900942395278473,-1.2628589896712479,0.7986327832298483,0.7099057604721527,0.0
0.32869849236026133,-0.8302193249941823,-0.02075381693378353,0.6713015076397386,0.0
0.3226498738296005,-1.017590608460428,-0.02839175562134988,0.6773501261703996,0.0
0.3633468141106807,-0.5902107450724167,-1.7359759408558446,0.6366531858893193,0.0
0.31813910307601445,-0.9917787324692126,0.26230731002276286,0.6818608969239855,0.0
0.3236710587776663,-0.9722972191520823,-0.30086117161460413,0.6763289412223337,0.0
0.2900942395278473,-1.2628589896712479,0.7986327832298483,0.7099057604721527,0.0
0.32801371280561764,-0.8390211360638694,0.008270239488197273,0.6719862871943824,0.0
0.32268981273969094,-1.0183057129241961,-0.031640041109398304,0.6773101872603091,0.0
0.3633468141106807,-0.5902107450724167,-1.7359759408558446,0.6366531858893193,0.0
0.3201905409537228,-0.9735563593172253,0.1716291080651564,0.6798094590462772,0.0
0.32340741042078613,-1.0089278973400928,-0.46511315207429793,0.6765925895792139,0.0
0.2842144234521009,-1.3071564823064323,0.9480002362950203,0.7157855765478991,0.0
0.3244496717454089,-0.8641185777530045,0.18421191390237057,0.6755503282545912,0.0
0.3242743027248898,-1.0466759378162838,-0.16050875117735997,0.6757256972751102,0.0
0.36505303606923184,-0.570277781780554,-1.804773584484757,0.6349469639307681,0.0
0.31721983334699083,-0.9203659676587725,0.41324076913260854,0.6827801666530091,0.0
0.35088183804212236,-0.7998685654035436,-1.4557108204917202,0.6491181619578776,0.0
0.2690681608683506,-1.4056417198165196,1.367117031090467,0.7309318391316494,0.0
0.32605688225767665,-0.8228215240648158,0.18896011695236162,0.6739431177423234,0.0
0.314033529964445,-1.16631391720766,0.25241585767952524,0.685966470035555,0.0
0.36505303606923184,-0.570277781780554,-1.804773584484757,0.6349469639307681,0.0
0.3144336868953785,-0.9484449365778187,0.46843384604411276,0.6855663131046215,0.0
0.35088183804212236,-0.7998685654035436,-1.4557108204917202,0.6491181619578776,0.0
0.2743448858848501,-1.3524625347643848,1.2625860257271366,0.7256551141151499,0.0
0.32605688225767665,-0.8228215240648158,0.18896011695236162,0.6739431177423234,0.0
0.31998919279904076,-0.9961679520961823,0.22098360921224391,0.6800108072009592,0.0
0.36505303606923184,-0.570277781780554,-1.804773584484757,0.6349469639307681,0.0
0.32448962276842586,-0.8471005472088343,0.2692275043469404,0.6755103772315741,0.0
0.35104540963928116,-0.7972185049712278,-1.4597398908431316,0.6489545903607188,0.0
0.2743448858848501,-1.3524625347643848,1.2625860257271366,0.7256551141151499,0.0
0.3260946194792487,-0.8222369221643502,0.1870274005107677,0.6739053805207513,0.0
0.31998919279904076,-0.9961679520961823,0.22098360921224391,0.6800108072009592,0.0
0.33124763948868713,-0.8617848373221481,-0.6616204293649401,0.6687523605113128,0.0
0.32448962276842586,-0.8471005472088343,0.2692275043469404,0.6755103772315741,0.0
0.35104540963928116,-0.7972185049712278,-1.4597398908431316,0.6489545903607188,0.0
0.29255398528994436,-1.168950022009151,0.9018669316633685,0.7074460147100556,0.0
0.3260946194792487,-0.8222369221643502,0.1870274005107677,0.6739053805207513,0.0
0.31998919279904076,-0.9961679520961823,0.22098360921224391,0.6800108072009592,0.0
0.327363861075169,-0.8744509772923111,-0.5050513252527429,0.672636138924831,0.0
0.3246248460041997,-0.8450057517435777,0.2623020297047045,0.6753751539958003,0.0
0.35104540963928116,-0.7972185049712278,-1.4597398908431316,0.6489545903607188,0.0
0.29255398528994436,-1.168950022009151,0.9018669316633685,0.7074460147100556,0.0
0.3260518954335051,-0.8228987768875339,0.1892155177653041,0.6739481045664949,0.0
0.320361654110992,-0.9855231838781172,0.2190319408339778,0.6796383458890081,0.0
0.32714980153356055,-0.8660397506282054,-0.3917751559302639,0.6728501984664395,0.0
0.3246248460041997,-0.8450057517435777,0.2623020297047045,0.6753751539958003,0.0
0.3450274182028211,-0.8081033311172585,-1.067498692880131,0.6549725817971789,0.0
0.2931089845079236,-1.1642546091176507,0.8794354085758727,0.7068910154920764,0.0
0.3260518954335051,-0.8228987768875339,0.1892155177653041,0.6739481045664949,0.0
0.320859819256465,-0.9767545938341434,0.17420633713481892,0.679140180743535,0.0
0.30689539609788075,-0.93167868628589,0.3737842993939464,0.6931046039021193,0.0
0.33988674870693647,-0.6904059798230575,-0.03655159941331465,0.6601132512930635,0.0
0.3479396791938803,-0.7986654973374637,-1.1775739525641176,0.6520603208061198,0.0
0.2996637334852666,-1.1199670932800971,0.7128602559108255,0.7003362665147335,0.0
0.3260518954335051,-0.8228987768875339,0.1892155177653041,0.6739481045664949,0.0
0.320859819256465,-0.9767545938341434,0.17420633713481892,0.679140180743535,0.0
0.30689539609788075,-0.93167868628589,0.3737842993939464,0.6931046039021193,0.0
0.33988674870693647,-0.6904059798230575,-0.03655159941331465,0.6601132512930635,0.0
0.3353063789120538,-0.881747649097532,-0.5469412109513824,0.6646936210879462,0.0
0.2959252867266535,-1.2173037947440304,0.8881473895159042,0.7040747132733465,0.0
0.3260518954335051,-0.8228987768875339,0.1892155177653041,0.6739481045664949,0.0
0.320859819256465,-0.9767545938341434,0.17420633713481892,0.679140180743535,0.0
0.30689539609788075,-0.93167868628589,0.3737842993939464,0.6931046039021193,0.0
0.3398042216971322,-0.6913951030045687,-0.034815700762820034,0.6601957783028678,0.0
0.33353040473766704,-0.8934272381666386,-0.4582876178567832,0.666469595262333,0.0
0.2959252867266535,-1.2173037947440304,0.8881473895159042,0.7040747132733465,0.0
0.31811861306288325,-0.8679478081530206,0.2656509998337159,0.6818813869371168,0.0
0.3290580667514394,-0.8976642045749995,-0.06053098698564563,0.6709419332485607,0.0
0.3035498073783126,-1.0187866729564077,0.5306512269551001,0.6964501926216874,0.0
0.3407910102200004,-0.672454004250579,-0.032454339937930135,0.6592089897799995,0.0
0.3278524595956024,-0.9171687262112207,-0.27099513524230123,0.6721475404043976,0.0
0.2959252867266535,-1.2173037947440304,0.8881473895159042,0.7040747132733465,0.0
0.31495162682458017,-0.8627120116982215,0.4144139527714469,0.6850483731754198,0.0
0.32402576885658774,-0.9942575973607479,-0.07257315289322921,0.6759742311434123,0.0
0.29865641904926865,-1.0392476526955057,0.6920643483594591,0.7013435809507313,0.0
0.32864304322474175,-0.778205526018628,0.17643410227385992,0.6713569567752582,0.0
0.31865738097210955,-0.9556165878489373,0.03231337869009998,0.6813426190278904,0.0
0.29184951766398604,-1.2556185315974564,1.0361215700368036,0.708150482336014,0.0
0.31495162682458017,-0.8627120116982215,0.4144139527714469,0.6850483731754198,0.0
0.32463694156785,-0.9986567449367878,-0.08451412796100029,0.6753630584321499,0.0
0.29008536987216454,-1.113861083402167,0.8394464668180214,0.7099146301278354,0.0
0.3140321504817987,-0.9053975197537959,0.42767339404902865,0.6859678495182013,0.0
0.3280142808257192,-0.9037939180306621,-0.23201045373911866,0.6719857191742808,0.0
0.29099091645285224,-1.186625946468271,0.9404008585372573,0.7090090835471478,0.0
0.31495162682458017,-0.8627120116982215,0.4144139527714469,0.6850483731754198,0.0
0.32463694156785,-0.9986567449367878,-0.08451412796100029,0.6753630584321499,0.0
0.29008536987216454,-1.113861083402167,0.8394464668180214,0.7099146301278354,0.0
0.3299423375035116,-0.711206667856357,0.07363029718502934,0.6700576624964885,0.0
0.3285260684580821,-0.8894188085510882,-0.25436141986617217,0.6714739315419179,0.0
0.29099091645285224,-1.186625946468271,0.9404008585372573,0.7090090835471478,0.0
0.3128066372066205,-0.8843763961850406,0.45107770685674475,0.6871933627933795,0.0
0.32401034848741006,-1.0027435354320802,-0.05657638487894767,0.6759896515125899,0.0
0.29008536987216454,-1.113861083402167,0.8394464668180214,0.7099146301278354,0.0
0.33576488660605414,-0.6523652298761042,-0.05462276737398297,0.6642351133939459,0.0
0.34078266984227235,-0.8933504290656415,-0.8043995248548718,0.6592173301577277,0.0
0.29099091645285224,-1.186625946468271,0.9404008585372573,0.7090090835471478,0.0
0.32553610183329995,-0.7558088666852629,0.23349625247468886,0.6744638981667,0.0
0.32401034848741006,-1.0027435354320802,-0.05657638487894767,0.6759896515125899,0.0
0.29008536987216454,-1.113861083402167,0.8394464668180214,0.7099146301278354,0.0
0.33576488660605414,-0.6523652298761042,-0.05462276737398297,0.6642351133939459,0.0
0.34078266984227235,-0.8933504290656415,-0.8043995248548718,0.6592173301577277,0.0
0.29907320830078954,-1.0858307319243325,0.7750114049295614,0.7009267916992105,0.0
0.32553610183329995,-0.7558088666852629,0.23349625247468886,0.6744638981667,0.0
0.3203765508578131,-1.0146456411636628,0.039399083565356596,0.6796234491421869,0.0
0.29008536987216454,-1.113861083402167,0.8394464668180214,0.7099146301278354,0.0
0.33576488660605414,-0.6523652298761042,-0.05462276737398297,0.6642351133939459,0.0
0.3209348532709462,-0.9849438854072693,-0.052822849765656765,0.6790651467290538,0.0
0.29907320830078954,-1.0858307319243325,0.7750114049295614,0.7009267916992105,0.0
0.32720765431876575,-0.7708881907873477,0.11970688917478256,0.6727923456812342,0.0
0.3111970838864554,-1.0453188178138328,0.35636948337992613,0.6888029161135446,0.0
0.29008536987216454,-1.113861083402167,0.8394464668180214,0.7099146301278354,0.0
0.3183626124932694,-0.8281787655524973,0.28598586865551523,0.6816373875067305,0.0
0.3182602434019804,-1.0449247454762223,-0.05249823300386177,0.6817397565980197,0.0
0.29907320830078954,-1.0858307319243325,0.7750114049295614,0.7009267916992105,0.0
0.32720765431876575,-0.7708881907873477,0.11970688917478256,0.6727923456812342,0.0
0.31042742733745204,-1.0446714256886473,0.4084962135573078,0.6895725726625479,0.0
0.29008536987216454,-1.113861083402167,0.8394464668180214,0.7099146301278354,0.0
0.3183626124932694,-0.8281787655524973,0.28598586865551523,0.6816373875067305,0.0
0.3163334039082334,-1.0496392034960402,0.008500595332896155,0.6836665960917666,0.0
0.29907320830078954,-1.0858307319243325,0.7750114049295614,0.7009267916992105,0.0
0.3231973637507529,-0.8736881553722137,0.07869536796998938,0.6768026362492471,0.0
0.31042742733745204,-1.0446714256886473,0.4084962135573078,0.6895725726625479,0.0
0.2781249603020815,-1.1511619858083053,0.9251923040379202,0.7218750396979186,0.0
0.31866567188641665,-0.8310314558620383,0.2729921632925548,0.6813343281135833,0.0
0.3163334039082334,-1.0496392034960402,0.008500595332896155,0.6836665960917666,0.0
0.3051688826228948,-1.0668201661359176,0.7313106691724727,0.6948311173771051,0.0
0.3231973637507529,-0.8736881553722137,0.07869536796998938,0.6768026362492471,0.0
0.30507357084478104,-1.0401680604704648,0.7710982510028094,0.694926429155219,0.0
0.27774842468857774,-1.154135306719159,0.9312498341237435,0.7222515753114223,0.0
0.31866567188641665,-0.8310314558620383,0.2729921632925548,0.6813343281135833,0.0
0.3163334039082334,-1.0496392034960402,0.008500595332896155,0.6836665960917666,0.0
0.3051688826228948,-1.0668201661359176,0.7313106691724727,0.6948311173771051,0.0
0.3219583134278829,-0.8620250064020456,0.13181978908777356,0.678041686572117,0.0
0.30507357084478104,-1.0401680604704648,0.7710982510028094,0.694926429155219,0.0
0.27774842468857774,-1.154135306719159,0.9312498341237435,0.7222515753114223,0.0
0.3421283775916252,-0.6457577367326487,-0.10446494994462097,0.6578716224083748,0.0
0.3163334039082334,-1.0496392034960402,0.008500595332896155,0.6836665960917666,0.0
0.3051688826228948,-1.0668201661359176,0.7313106691724727,0.6948311173771051,0.0
0.32415617648682304,-0.8352157761513634,0.05334191364257301,0.675843823513177,0.0
0.30523945576051675,-1.0384023860799454,0.7671785779411534,0.6947605442394833,0.0
0.27774842468857774,-1.154135306719159,0.9312498341237435,0.7222515753114223,0.0
0.3630185225210545,-0.41688991714073204,-0.42852060221619387,0.6369814774789455,0.0
0.31600759902511527,-1.074780524068248,-0.03752593923940861,0.6839924009748848,0.0
0.3051688826228948,-1.0668201661359176,0.7313106691724727,0.6948311173771051,0.0
0.31816508423044154,-0.90829429262266,0.26726251709624854,0.6818349157695585,0.0
0.31718592917400845,-0.9098976766302771,0.5199542929681122,0.6828140708259915,0.0
0.26986814206812343,-1.172323162232195,1.1008571246365306,0.7301318579318765,0.0
0.3630185225210545,-0.41688991714073204,-0.42852060221619387,0.6369814774789455,0.0
0.3130664954642248,-1.0726204678224787,0.17109914170466622,0.6869335045357752,0.0
0.3051688826228948,-1.0668201661359176,0.7313106691724727,0.6948311173771051,0.0
0.3555241861172698,-0.6810513784951566,-0.34649354561590584,0.6444758138827302,0.0
0.31718592917400845,-0.9098976766302771,0.5199542929681122,0.6828140708259915,0.0
0.26986814206812343,-1.172323162232195,1.1008571246365306,0.7301318579318765,0.0
0.3630185225210545,-0.41688991714073204,-0.42852060221619387,0.6369814774789455,0.0
0.3124429442144985,-1.0740596370225222,0.1845198326945351,0.6875570557855015,0.0
0.304273698445778,-1.078509771318167,0.7470552103046165,0.695726301554222,0.0
0.34420693106344885,-0.7842929403343035,-0.2069986384613421,0.6557930689365512,0.0
0.3212870346572891,-0.8412852738739786,0.4681474098288012,0.6787129653427109,0.0
0.281458315427313,-1.1080438064544298,0.958568887259434,0.7185416845726871,0.0
0.3653571685037139,-0.3905506670301683,-0.47532056620519914,0.6346428314962861,0.0
0.3092121162621658,-1.1160404184888506,0.2236815830756081,0.6907878837378342,0.0
0.3129451918727903,-0.9808461506163892,0.573525063747941,0.6870548081272096,0.0
0.3587117053219975,-0.646789075581801,-0.38550849560698247,0.6412882946780025,0.0
0.31721015436429073,-0.9094923838331834,0.5196482702122729,0.6827898456357093,0.0
0.2910156021644005,-1.0694351984766086,0.8416956167711369,0.7089843978355995,0.0
0.3653571685037139,-0.3905506670301683,-0.47532056620519914,0.6346428314962861,0.0
0.3092121162621658,-1.1160404184888506,0.2236815830756081,0.6907878837378342,0.0
0.3132483272731559,-0.9757746282514156,0.5696957303337796,0.6867516727268441,0.0
0.3587117053219975,-0.646789075581801,-0.38550849560698247,0.6412882946780025,0.0
0.31721015436429073,-0.9094923838331834,0.5196482702122729,0.6827898456357093,0.0
0.2865258419754421,-1.0883493665516057,0.8966242976032817,0.7134741580245578,0.0
0.3653571685037139,-0.3905506670301683,-0.47532056620519914,0.6346428314962861,0.0
0.310350280132467,-1.0866475214402187,0.2657992356562058,0.689649719867533,0.0
0.313723131829484,-0.973774402670715,0.5638868704315654,0.686276868170516,0.0
0.3532204447833316,-0.6867005794143224,-0.26962624141665326,0.6467795552166684,0.0
0.31869681707128616,-0.88471722477562,0.48309712362153817,0.6813031829287138,0.0
0.2865258419754421,-1.0883493665516057,0.8966242976032817,0.7134741580245578,0.0
0.3636975543862987,-0.40524123008221147,-0.44643739038453956,0.6363024456137013,0.0
0.3088809248849033,-1.1358197721856433,0.13593979630451486,0.6911190751150966,0.0
0.3140904458915431,-0.9614821682421545,0.5963495429160245,0.6859095541084569,0.0
0.3379557127020756,-0.8291092444255919,-0.07897788437025577,0.6620442872979244,0.0
0.3230376421074662,-0.8359289857817946,0.3888560067913722,0.6769623578925338,0.0
0.2865258419754421,-1.0883493665516057,0.8966242976032817,0.7134741580245578,0.0
0.35268021603800376,-0.5027644446493382,-0.2546966012153682,0.6473197839619962,0.0
0.3088809248849033,-1.1358197721856433,0.13593979630451486,0.6911190751150966,0.0
0.31458625832649345,-0.9555884313625036,0.5854150579637836,0.6854137416735065,0.0
0.360397925484196,-0.7159858416206528,-0.5046968575896997,0.639602074515804,0.0
0.3230376421074662,-0.8359289857817946,0.3888560067913722,0.6769623578925338,0.0
0.269654761818567,-1.1733906240634808,1.2166613185163857,0.730345238181433,0.0
0.35268021603800376,-0.5027644446493382,-0.2546966012153682,0.6473197839619962,0.0
0.3154735803194804,-1.040532484752573,0.07714132945145519,0.6845264196805196,0.0
0.31458625832649345,-0.9555884313625036,0.5854150579637836,0.6854137416735065,0.0
0.3235854762170756,-0.9015446172685938,0.19361922451147984,0.6764145237829244,0.0
0.32467207411244686,-0.8127877780667145,0.3508430124190071,0.6753279258875531,0.0
0.269654761818567,-1.1733906240634808,1.2166613185163857,0.730345238181433,0.0
0.35570884971295785,-0.46924036761113197,-0.32017604895046786,0.6442911502870421,0.0
0.31528704435746646,-1.0226752459579564,0.18399242709563535,0.6847129556425335,0.0
0.31458625832649345,-0.9555884313625036,0.5854150579637836,0.6854137416735065,0.0
0.3318472255264081,-0.8519295896969957,-0.1660696946568636,0.6681527744735919,0.0
0.3299047156321821,-0.738701096003621,0.22914423753197494,0.6700952843678178,0.0
0.269654761818567,-1.1733906240634808,1.2166613185163857,0.730345238181433,0.0
0.3444213415843132,-0.6502677642069495,-0.24727754408903613,0.6555786584156869,0.0
0.31522053536576206,-1.0163082862895259,0.22208995365349937,0.684779464634238,0.0
0.31458625832649345,-0.9555884313625036,0.5854150579637836,0.6854137416735065,0.0
0.3318472255264081,-0.8519295896969957,-0.1660696946568636,0.6681527744735919,0.0
0.315750727323031,-0.8408188589035372,0.4611328837403942,0.684249272676969,0.0
0.269654761818567,-1.1733906240634808,1.2166613185163857,0.730345238181433,0.0
0.3444213415843132,-0.6502677642069495,-0.24727754408903613,0.6555786584156869,0.0
0.30129014585397984,-1.128194851260274,0.6817108203300941,0.6987098541460202,0.0
0.328034825282282,-0.8748245404082956,-9.054521718698805e-05,0.671965174717718,0.0
0.3470639837286841,-0.760547020523245,-0.8285564279253277,0.6529360162713159,0.0
0.3138750634091185,-0.8456271416513561,0.5383852675459091,0.6861249365908815,0.0
0.2758395092575963,-1.1301175095525287,1.0955632000821591,0.7241604907424037,0.0
0.3444213415843132,-0.6502677642069495,-0.24727754408903613,0.6555786584156869,0.0
0.29529187916214555,-1.2473987606380164,0.7732068153446254,0.7047081208378545,0.0
0.321673544829147,-0.9472080423629896,0.15014521445312334,0.678326455170853,0.0
0.3470639837286841,-0.760547020523245,-0.8285564279253277,0.6529360162713159,0.0
0.3112436438850618,-0.865309082014811,0.5769325931405006,0.6887563561149381,0.0
0.2765254477434989,-1.1666811610648578,1.0973209784176448,0.7234745522565011,0.0
0.34801667770865613,-0.6071949506809596,-0.32425386989186067,0.6519833222913438,0.0
0.28107463205180705,-1.4091734444588486,1.1089786675335334,0.718925367948193,0.0
0.3194780002797471,-0.9299679154473132,0.2399860200420907,0.680521999720253,0.0
0.3470639837286841,-0.760547020523245,-0.8285564279253277,0.6529360162713159,0.0
0.3112436438850618,-0.865309082014811,0.5769325931405006,0.6887563561149381,0.0
0.2817423582485562,-1.1258539226775899,0.9935847752010324,0.7182576417514438,0.0
0.3143633803356554,-0.8705636998732601,0.34492864566220593,0.6856366196643446,0.0
0.28107463205180705,-1.4091734444588486,1.1089786675335334,0.718925367948193,0.0
0.31332748629908175,-0.9677416487918633,0.4782260406425256,0.6866725137009182,0.0
0.3470639837286841,-0.760547020523245,-0.8285564279253277,0.6529360162713159,0.0
0.3112436438850618,-0.865309082014811,0.5769325931405006,0.6887563561149381,0.0
0.2821773250359084,-1.1236765185618613,0.9864876397154256,0.7178226749640916,0.0
0.31610790036116077,-0.8735020205377182,0.21519475987350034,0.6838920996388392,0.0
0.28107463205180705,-1.4091734444588486,1.1089786675335334,0.718925367948193,0.0
0.3216501982823231,-0.9260789107316836,0.3424285124856995,0.6783498017176769,0.0
0.3470639837286841,-0.760547020523245,-0.8285564279253277,0.6529360162713159,0.0
0.3214454906916487,-0.7746259438732803,0.43318484628250353,0.6785545093083514,0.0
0.28458789601757645,-1.1022492078528405,0.9525218143285631,0.7154121039824235,0.0
0.31610790036116077,-0.8735020205377182,0.21519475987350034,0.6838920996388392,0.0
0.28107463205180705,-1.4091734444588486,1.1089786675335334,0.718925367948193,0.0
0.3216501982823231,-0.9260789107316836,0.3424285124856995,0.6783498017176769,0.0
0.3470639837286841,-0.760547020523245,-0.8285564279253277,0.6529360162713159,0.0
0.324547131294289,-0.7888326782350419,0.21333923074502525,0.675452868705711,0.0
0.28458789601757645,-1.1022492078528405,0.9525218143285631,0.7154121039824235,0.0
0.3155150830722009,-0.8844836515887927,0.19098378000361918,0.6844849169277991,0.0
0.28817990283400846,-1.3316776231233507,0.8988602577676471,0.7118200971659916,0.0
0.3231606975094663,-0.9188989709711629,0.3175637468179866,0.6768393024905337,0.0
0.3339868344836588,-0.8320702330797548,-0.45575097796306274,0.6660131655163413,0.0
0.32340009134485076,-0.8059542699674876,0.23496089501437423,0.6765999086551493,0.0
0.2543457008421145,-1.3331201819235439,1.511640338524334,0.7456542991578855,0.0
0.3155150830722009,-0.8844836515887927,0.19098378000361918,0.6844849169277991,0.0
0.299246532434916,-1.2366889727919257,0.5766274192207681,0.7007534675650839,0.0
0.30669892828930656,-1.1131503301464094,0.5911186817620746,0.6933010717106934,0.0
0.3681648863742514,-0.6451392724907556,-1.4301043156182982,0.6318351136257486,0.0
0.32340009134485076,-0.8059542699674876,0.23496089501437423,0.6765999086551493,0.0
0.2543457008421145,-1.3331201819235439,1.511640338524334,0.7456542991578855,0.0
0.31431191652189927,-0.8964663815892614,0.1842733502957343,0.6856880834781007,0.0
0.3102106936741121,-1.0411631394894947,0.4215328066461479,0.689789306325888,0.0
0.30669892828930656,-1.1131503301464094,0.5911186817620746,0.6933010717106934,0.0
0.3681648863742514,-0.6451392724907556,-1.4301043156182982,0.6318351136257486,0.0
0.31915031916716674,-0.8383973197047162,0.31353079823631025,0.6808496808328333,0.0
0.2520069686343604,-1.3466319107453384,1.5597058388427167,0.7479930313656395,0.0
0.3144012927203831,-0.8953937151782011,0.18666102659505007,0.6855987072796169,0.0
0.31230259303567565,-0.9982815851500394,0.32051336342817344,0.6876974069643244,0.0
0.3084412880495953,-1.0747033330110924,0.5522749924952791,0.6915587119504047,0.0
0.36318128522370446,-0.6752626865335971,-1.3012992993597605,0.6368187147762956,0.0
0.3067756397590936,-0.9320661652167961,0.5432038260413805,0.6932243602409064,0.0
0.26570905517753124,-1.2429153953285348,1.3053962442390714,0.7342909448224688,0.0
0.3144012927203831,-0.8953937151782011,0.18666102659505007,0.6855987072796169,0.0
0.31239930272295896,-0.9994402112926213,0.3166167636339346,0.687600697277041,0.0
0.30797297218032815,-1.0345992788681442,0.5497245313761163,0.6920270278196718,0.0
0.36318128522370446,-0.6752626865335971,-1.3012992993597605,0.6368187147762956,0.0
0.3067756397590936,-0.9320661652167961,0.5432038260413805,0.6932243602409064,0.0
0.26570905517753124,-1.2429153953285348,1.3053962442390714,0.7342909448224688,0.0
0.31337866793928626,-0.9175386997365894,0.24441759532673424,0.6866213320607137,0.0
0.31231972771150823,-1.0060948418750162,0.3224830630991388,0.6876802722884918,0.0
0.30797297218032815,-1.0345992788681442,0.5497245313761163,0.6920270278196718,0.0
0.36318128522370446,-0.6752626865335971,-1.3012992993597605,0.6368187147762956,0.0
0.3067756397590936,-0.9320661652167961,0.5432038260413805,0.6932243602409064,0.0
0.2858144642338075,-1.1037409986631137,0.8534310385499149,0.7141855357661925,0.0
0.31369114323794467,-0.9107720334171531,0.2267693812432044,0.6863088567620553,0.0
0.3031535328974996,-1.0526666506669604,0.5157772855117855,0.6968464671025004,0.0
0.30797297218032815,-1.0345992788681442,0.5497245313761163,0.6920270278196718,0.0
0.36318128522370446,-0.6752626865335971,-1.3012992993597605,0.6368187147762956,0.0
0.3067756397590936,-0.9320661652167961,0.5432038260413805,0.6932243602409064,0.0
0.292040769666266,-1.0527467237087456,0.7612811791010385,0.707959230333734,0.0
0.31833721198803394,-0.8964659166438533,0.014178036314415832,0.6816627880119661,0.0
0.30046838187642844,-1.1420705608833681,0.4954453609933901,0.6995316181235716,0.0
0.30939541901061146,-1.0292667340971489,0.5597439858069698,0.6906045809893886,0.0
0.3486994809349691,-0.755466822865341,-0.8979690002812524,0.651300519065031,0.0
0.30760973363815547,-0.9294978337788413,0.5050379810905871,0.6923902663618445,0.0
0.2853596381730253,-1.0924529550344184,0.9510975152766327,0.7146403618269748,0.0
0.31833721198803394,-0.8964659166438533,0.014178036314415832,0.6816627880119661,0.0
0.30184163016619375,-1.1247179208209677,0.5053364340596602,0.6981583698338063,0.0
0.33327232272339435,-0.9664981756929809,0.17097731315564402,0.6667276772766056,0.0
0.35978157418908807,-0.6681372711553657,-1.2298570709509595,0.6402184258109119,0.0
0.30513001783586274,-1.0134232240074397,0.5051662864421206,0.6948699821641373,0.0
0.2853596381730253,-1.0924529550344184,0.9510975152766327,0.7146403618269748,0.0
0.3218786309597844,-0.8769552436841799,-0.09212471022130386,0.6781213690402156,0.0
0.30184163016619375,-1.1247179208209677,0.5053364340596602,0.6981583698338063,0.0
0.32808829252062427,-0.9925941942877148,0.22612492971495468,0.6719117074793757,0.0
0.3551859697634214,-0.6934557482168048,-1.0919108476046144,0.6448140302365786,0.0
0.30513001783586274,-1.0134232240074397,0.5051662864421206,0.6948699821641373,0.0
0.2853596381730253,-1.0924529550344184,0.9510975152766327,0.7146403618269748,0.0
0.317635685559175,-0.9115268338904174,0.05918770402861695,0.682364314440825,0.0
0.2878331806074394,-1.1952354035264705,0.6543580590578757,0.7121668193925605,0.0
0.32347737597090953,-0.9568332750188475,0.1524845814726944,0.6765226240290905,0.0
0.3533634361339281,-0.70510574112507,-1.0337613833829091,0.6466365638660718,0.0
0.30513001783586274,-1.0134232240074397,0.5051662864421206,0.6948699821641373,0.0
0.2853596381730253,-1.0924529550344184,0.9510975152766327,0.7146403618269748,0.0
0.31362521416230393,-0.9497050039944152,0.13927874634120063,0.6863747858376961,0.0
0.2750204427212352,-1.2760851288034143,0.8416782187632377,0.7249795572787647,0.0
0.32765734739035496,-0.9439407175367789,0.07213516898057676,0.672342652609645,0.0
0.347413194304626,-0.7417310528056206,-0.8581150635168999,0.652586805695374,0.0
0.3109759135415332,-0.9738614364195421,0.2965508993462129,0.6890240864584668,0.0
0.2844333919163097,-1.1166451174181946,0.9158898108637961,0.7155666080836903,0.0
0.32379772596733053,-0.8870905042612374,-0.16100556370944186,0.6762022740326694,0.0
0.2796322413169458,-1.242043966899793,0.733392456711663,0.7203677586830541,0.0
0.34503571943583006,-0.8903394753132643,-0.2619202213092987,0.65496428056417,0.0
0.3879870383290689,-0.4422425203330681,-1.8107953526420517,0.6120129616709311,0.0
0.3294591586701985,-0.8744320825120641,-0.13473415641961517,0.6705408413298015,0.0
0.2925227831958176,-1.091175946746443,0.7704342398228862,0.7074772168041824,0.0
0.32379772596733053,-0.8870905042612374,-0.16100556370944186,0.6762022740326694,0.0
0.2796322413169458,-1.242043966899793,0.733392456711663,0.7203677586830541,0.0
0.34016198291385996,-0.9411855622587886,-0.0861675438580849,0.65983801708614,0.0
0.3879870383290689,-0.4422425203330681,-1.8107953526420517,0.6120129616709311,0.0
0.3294591586701985,-0.8744320825120641,-0.13473415641961517,0.6705408413298015,0.0
0.2925227831958176,-1.091175946746443,0.7704342398228862,0.7074772168041824,0.0
0.32379772596733053,-0.8870905042612374,-0.16100556370944186,0.6762022740326694,0.0
0.2796322413169458,-1.242043966899793,0.733392456711663,0.7203677586830541,0.0
0.3328949091996037,-1.0170005473834354,0.1758916907268,0.6671050908003964,0.0
0.3879870383290689,-0.4422425203330681,-1.8107953526420517,0.6120129616709311,0.0
0.3331804945199248,-0.8469768965036886,-0.19957041078075388,0.6668195054800752,0.0
0.30335513428228794,-1.0204891614567493,0.4478218839350473,0.696644865717712,0.0
0.3390413107558603,-0.7876181001274871,-0.6149946157210525,0.6609586892441397,0.0
0.293573486521788,-1.1391885687998167,0.490496314919294,0.706426513478212,0.0
0.3328949091996037,-1.0170005473834354,0.1758916907268,0.6671050908003964,0.0
0.3879870383290689,-0.4422425203330681,-1.8107953526420517,0.6120129616709311,0.0
0.30282243426202704,-1.0711645523248237,0.6929081232495609,0.697177565737973,0.0
0.30335513428228794,-1.0204891614567493,0.4478218839350473,0.696644865717712,0.0
0.34403379328070505,-0.752335328005427,-0.7377883560907492,0.655966206719295,0.0
0.30645737773177334,-1.0441340926745737,0.26602228693999186,0.6935426222682266,0.0
0.32806727716985634,-1.0219552751910406,0.19235001073555297,0.6719327228301437,0.0
0.3896642377991542,-0.4298567679381977,-1.8601023410208217,0.6103357622008458,0.0
0.30282243426202704,-1.0711645523248237,0.6929081232495609,0.697177565737973,0.0
0.30335513428228794,-1.0204891614567493,0.4478218839350473,0.696644865717712,0.0
0.352659426003786,-0.6066778393526955,-1.2402794366865153,0.6473405739962139,0.0
0.3130340056280405,-1.0166442475328588,0.17188003780612954,0.6869659943719595,0.0
0.3334305335013221,-0.9313881859905249,-0.12008950020013698,0.6665694664986779,0.0
0.3896642377991542,-0.4298567679381977,-1.8601023410208217,0.6103357622008458,0.0
0.3024965764859654,-1.1021631810863486,0.8428297561551139,0.6975034235140346,0.0
0.30335513428228794,-1.0204891614567493,0.4478218839350473,0.696644865717712,0.0
0.352659426003786,-0.6066778393526955,-1.2402794366865153,0.6473405739962139,0.0
0.3183606042548229,-1.0145282659792783,0.020020238646066224,0.6816393957451772,0.0
0.3282425323762182,-1.018995813079505,0.182140420221788,0.6717574676237819,0.0
0.375821870068454,-0.5366201301565284,-1.4308722862440633,0.624178129931546,0.0
0.3024965764859654,-1.1021631810863486,0.8428297561551139,0.6975034235140346,0.0
0.30302425902729924,-1.0519650995783854,0.6000519737475004,0.6969757409727008,0.0
0.359975431761218,-0.5845496648646895,-1.3004794043926595,0.640024568238782,0.0
0.32446771056366075,-0.9996204949775076,-0.2109549654336429,0.6755322894363393,0.0
0.3282425323762182,-1.018995813079505,0.182140420221788,0.6717574676237819,0.0
0.3608767590166703,-0.6881388040102063,-0.924210041763007,0.6391232409833296,0.0
0.3039987964692413,-1.0959634619439043,0.8015678910431249,0.6960012035307588,0.0
0.30352260856757163,-1.004557446524686,0.37076980734237924,0.6964773914324284,0.0
0.359975431761218,-0.5845496648646895,-1.3004794043926595,0.640024568238782,0.0
0.32600429264609304,-0.9962253139883166,-0.14135999925958015,0.6739957073539069,0.0
0.33065657968653456,-0.9859457742900766,0.06935165937114696,0.6693434203134654,0.0
0.3489776631019445,-0.7725255866529728,-0.5640505641953106,0.6510223368980554,0.0
0.3305959061005875,-0.852966919601736,-0.1972127979954299,0.6694040938994126,0.0
0.30352260856757163,-1.004557446524686,0.37076980734237924,0.6964773914324284,0.0
0.3676725028291832,-0.491273524858997,-1.5631089384607286,0.6323274971708168,0.0
0.3079231770127381,-1.2153393975642384,0.4755805138639728,0.6920768229872619,0.0
0.32938025879259897,-0.9988246151095317,0.09215855643571769,0.6706197412074011,0.0
0.3638097055606929,-0.612547131911511,-0.9396453836677601,0.6361902944393071,0.0
0.3305959061005875,-0.852966919601736,-0.1972127979954299,0.6694040938994126,0.0
0.3017515537663759,-0.9197260455260174,0.3285876421710422,0.698248446233624,0.0
0.3676725028291832,-0.491273524858997,-1.5631089384607286,0.6323274971708168,0.0
0.30740112444701256,-1.1903337057496506,0.46314650699942694,0.6925988755529875,0.0
0.32938025879259897,-0.9988246151095317,0.09215855643571769,0.6706197412074011,0.0
0.3638097055606929,-0.612547131911511,-0.9396453836677601,0.6361902944393071,0.0
0.3305959061005875,-0.852966919601736,-0.1972127979954299,0.6694040938994126,0.0
0.3017515537663759,-0.9197260455260174,0.3285876421710422,0.698248446233624,0.0
0.3676725028291832,-0.491273524858997,-1.5631089384607286,0.6323274971708168,0.0
0.3122618923609429,-1.119634111598444,0.32475963320492207,0.6877381076390571,0.0
0.32938025879259897,-0.9988246151095317,0.09215855643571769,0.6706197412074011,0.0
0.3638097055606929,-0.612547131911511,-0.9396453836677601,0.6361902944393071,0.0
0.3307708732616191,-0.8319737361924493,-0.23886178947179731,0.669229126738381,0.0
0.3017515537663759,-0.9197260455260174,0.3285876421710422,0.698248446233624,0.0
0.3676725028291832,-0.491273524858997,-1.5631089384607286,0.6323274971708168,0.0
0.3110070260427957,-1.0957663839716747,0.3252166726688679,0.6889929739572043,0.0
0.34362819506035003,-0.9236489417133704,-0.08857159769611783,0.65637180493965,0.0
0.3691519731433201,-0.563657822331921,-1.0676167597751405,0.6308480268566798,0.0
0.3331645364961579,-0.8000249584297169,-0.3071791500176405,0.666835463503842,0.0
0.27037555713245537,-1.0000307048384935,0.8076364177969171,0.7296244428675447,0.0
0.3676725028291832,-0.491273524858997,-1.5631089384607286,0.6323274971708168,0.0
0.27115173335090575,-1.3862044984102437,1.0638662179470286,0.7288482666490943,0.0
0.35325192295235686,-0.7879144683448857,-0.45772009143422987,0.6467480770476431,0.0
0.37022429482136937,-0.6161220391458042,-0.7084834946927798,0.6297757051786306,0.0
0.3331645364961579,-0.8000249584297169,-0.3071791500176405,0.666835463503842,0.0
0.27037555713245537,-1.0000307048384935,0.8076364177969171,0.7296244428675447,0.0
0.36789500725861746,-0.5021597364005987,-1.4885895625367151,0.6321049927413825,0.0
0.27115173335090575,-1.3862044984102437,1.0638662179470286,0.7288482666490943,0.0
0.34509715935767915,-0.8704560634905631,-0.33723508865722646,0.6549028406423208,0.0
0.37022429482136937,-0.6161220391458042,-0.7084834946927798,0.6297757051786306,0.0
0.33237325166996967,-0.7953544794098837,-0.30518605860275627,0.6676267483300303,0.0
0.2620824263502224,-1.0307333689912275,0.9257082576124195,0.7379175736497776,0.0
0.3519806020777948,-0.6335164179557219,-0.9584028490165917,0.6480193979222052,0.0
0.3008318585198696,-1.1149860650084196,0.28079155039679105,0.6991681414801304,0.0
0.34507482129276323,-0.8703242153113985,-0.33717882344912997,0.6549251787072368,0.0
0.37049507560829303,-0.6293702110376944,-0.6177957933060353,0.629504924391707,0.0
0.33604214619160505,-0.8170097599386712,-0.3144272849364048,0.663957853808395,0.0
0.25909633224393835,-1.03650494394974,0.971147356848814,0.7409036677560616,0.0
0.3519806020777948,-0.6335164179557219,-0.9584028490165917,0.6480193979222052,0.0
0.3008318585198696,-1.1149860650084196,0.28079155039679105,0.6991681414801304,0.0
0.34507482129276323,-0.8703242153113985,-0.33717882344912997,0.6549251787072368,0.0
0.33816554346952,-0.8547363944299518,-0.20077645911621567,0.66183445653048,0.0
0.33604214619160505,-0.8170097599386712,-0.3144272849364048,0.663957853808395,0.0
0.25909633224393835,-1.03650494394974,0.971147356848814,0.7409036677560616,0.0
0.34702809894261855,-0.6905326909211558,-0.7583024739954801,0.6529719010573815,0.0
0.3008318585198696,-1.1149860650084196,0.28079155039679105,0.6991681414801304,0.0
0.33654202922314663,-0.9175102209491474,-0.21799574042917674,0.6634579707768533,0.0
0.33816554346952,-0.8547363944299518,-0.20077645911621567,0.66183445653048,0.0
0.33651181087833426,-0.8118610347282081,-0.33311999785749047,0.6634881891216657,0.0
0.25909633224393835,-1.03650494394974,0.971147356848814,0.7409036677560616,0.0
0.34646244203409576,-0.7027766880883081,-0.7291563549309044,0.6535375579659042,0.0
0.31261109936118275,-1.031355485648737,0.12997707337219538,0.6873889006388172,0.0
0.33159114643709386,-1.0246751718124478,0.03710415666901867,0.6684088535629061,0.0
0.338318021514153,-0.8488407699578161,-0.19915924981210803,0.661681978485847,0.0
0.33651181087833426,-0.8118610347282081,-0.33311999785749047,0.6634881891216657,0.0
0.25909633224393835,-1.03650494394974,0.971147356848814,0.7409036677560616,0.0
0.3481639358105218,-0.6841239680740786,-0.7968760187643564,0.6518360641894783,0.0
0.30596744990335123,-1.0958422143247617,0.29859021791721374,0.6940325500966488,0.0
0.3250432412896874,-1.0257436651485923,0.12146917431099358,0.6749567587103126,0.0
0.338318021514153,-0.8488407699578161,-0.19915924981210803,0.661681978485847,0.0
0.33615267312651936,-0.8152495449546397,-0.3251242594334909,0.6638473268734806,0.0
0.25909633224393835,-1.03650494394974,0.971147356848814,0.7409036677560616,0.0
0.3481639358105218,-0.6841239680740786,-0.7968760187643564,0.6518360641894783,0.0
0.29289854614157373,-1.2233577176075507,0.6378730400214858,0.7071014538584263,0.0
0.3283859516623201,-0.9811979075010853,0.040732021532984886,0.6716140483376799,0.0
0.338318021514153,-0.8488407699578161,-0.19915924981210803,0.661681978485847,0.0
0.3362973328958913,-0.817493663679198,-0.3167089534509384,0.6637026671041086,0.0
0.25909633224393835,-1.03650494394974,0.971147356848814,0.7409036677560616,0.0
0.344886107458013,-0.7321754966846004,-0.6589445817413107,0.655113892541987,0.0
0.25874054663818374,-1.55664309312214,1.5246515089885153,0.7412594533618162,0.0
0.3294501114610822,-0.9584604401017007,-0.009395892558406616,0.6705498885389178,0.0
0.338318021514153,-0.8488407699578161,-0.19915924981210803,0.661681978485847,0.0
0.33393332469400544,-0.8409769726293016,-0.222510668654401,0.6660666753059945,0.0
0.25909633224393835,-1.03650494394974,0.971147356848814,0.7409036677560616,0.0
0.3470289071544304,-0.692519627479034,-0.8146677549230794,0.6529710928455696,0.0
0.2580085736623763,-1.5636485382580003,1.54320537657359,0.7419914263376237,0.0
0.3250280572189631,-1.0743412244239854,0.200811619494077,0.6749719427810369,0.0
0.3386208808199703,-0.8481233421677054,-0.20363325497094498,0.6613791191800297,0.0
0.33393332469400544,-0.8409769726293016,-0.222510668654401,0.6660666753059945,0.0
0.25909633224393835,-1.03650494394974,0.971147356848814,0.7409036677560616,0.0
0.33246641194667653,-0.8350242676092225,-0.4289523253018601,0.6675335880533235,0.0
0.2580085736623763,-1.5636485382580003,1.54320537657359,0.7419914263376237,0.0
0.3260820564866638,-1.0404305134583836,0.1115753890456761,0.6739179435133362,0.0
0.33912764782807414,-0.8396894977557102,-0.2187117496966739,0.6608723521719259,0.0
0.33393332469400544,-0.8409769726293016,-0.222510668654401,0.6660666753059945,0.0
0.2492888417204871,-1.0487914997282366,1.125661439184622,0.750711158279513,0.0
0.33246641194667653,-0.8350242676092225,-0.4289523253018601,0.6675335880533235,0.0
0.293703931208236,-1.2238908232462464,0.7130694235084551,0.706296068791764,0.0
0.3289229927114265,-0.9490280142898556,-0.12895081188347057,0.6710770072885734,0.0
0.33912764782807414,-0.8396894977557102,-0.2187117496966739,0.6608723521719259,0.0
0.33393332469400544,-0.8409769726293016,-0.222510668654401,0.6660666753059945,0.0
0.2492888417204871,-1.0487914997282366,1.125661439184622,0.750711158279513,0.0
0.33457365401121986,-0.82960863329438,-0.4683373122609107,0.6654263459887801,0.0
0.293703931208236,-1.2238908232462464,0.7130694235084551,0.706296068791764,0.0
0.3225993104065271,-1.0167835664714233,-0.07332721190560124,0.6774006895934729,0.0
0.33912764782807414,-0.8396894977557102,-0.2187117496966739,0.6608723521719259,0.0
0.327455295337039,-0.9026365441653001,-0.07185676170528799,0.672544704662961,0.0
0.2492888417204871,-1.0487914997282366,1.125661439184622,0.750711158279513,0.0
0.3332399840715302,-0.8504556700992875,-0.42434215777818785,0.6667600159284698,0.0
0.293703931208236,-1.2238908232462464,0.7130694235084551,0.706296068791764,0.0
0.3225993104065271,-1.0167835664714233,-0.07332721190560124,0.6774006895934729,0.0
0.3740432763069981,-0.5443673237863735,-0.9349394758329701,0.6259567236930019,0.0
0.31659225072459857,-0.9229481705619367,0.0945662118159496,0.6834077492754014,0.0
0.2629680906606857,-1.0232141589575185,0.9160939223985839,0.7370319093393143,0.0
0.3332399840715302,-0.8504556700992875,-0.42434215777818785,0.6667600159284698,0.0
0.293703931208236,-1.2238908232462464,0.7130694235084551,0.706296068791764,0.0
0.31993971694926326,-1.079301197402274,-0.07413256855063785,0.6800602830507367,0.0
0.3740432763069981,-0.5443673237863735,-0.9349394758329701,0.6259567236930019,0.0
0.3141570906781815,-0.8092070247088204,0.21728844476966794,0.6858429093218186,0.0
0.2629680906606857,-1.0232141589575185,0.9160939223985839,0.7370319093393143,0.0
0.3332399840715302,-0.8504556700992875,-0.42434215777818785,0.6667600159284698,0.0
0.293703931208236,-1.2238908232462464,0.7130694235084551,0.706296068791764,0.0
0.31993971694926326,-1.079301197402274,-0.07413256855063785,0.6800602830507367,0.0
0.3740432763069981,-0.5443673237863735,-0.9349394758329701,0.6259567236930019,0.0
0.3141570906781815,-0.8092070247088204,0.21728844476966794,0.6858429093218186,0.0
0.2712701095876437,-1.0774186783539013,0.8612552323743298,0.7287298904123563,0.0
0.3134277624925732,-0.9990782396922544,-0.17641933957654143,0.6865722375074268,0.0
0.293703931208236,-1.2238908232462464,0.7130694235084551,0.706296068791764,0.0
0.31993971694926326,-1.079301197402274,-0.07413256855063785,0.6800602830507367,0.0
0.3740432763069981,-0.5443673237863735,-0.9349394758329701,0.6259567236930019,0.0
0.31685682070923493,-0.9353056717681326,0.08123295294663002,0.6831431792907651,0.0
0.2712701095876437,-1.0774186783539013,0.8612552323743298,0.7287298904123563,0.0
0.3134277624925732,-0.9990782396922544,-0.17641933957654143,0.6865722375074268,0.0
0.293703931208236,-1.2238908232462464,0.7130694235084551,0.706296068791764,0.0
0.3195614002235223,-1.0616308278737958,-0.05506693324876907,0.6804385997764777,0.0
0.3740432763069981,-0.5443673237863735,-0.9349394758329701,0.6259567236930019,0.0
0.31685682070923493,-0.9353056717681326,0.08123295294663002,0.6831431792907651,0.0
0.2665909918170861,-1.0468683589456218,0.8921629779798446,0.7334090081829139,0.0
0.31176355084009755,-1.030028735117479,-0.3014647370039318,0.6882364491599025,0.0
0.293703931208236,-1.2238908232462464,0.7130694235084551,0.706296068791764,0.0
0.31081976092852814,-1.144625968611404,0.08610897598489453,0.6891802390714719,0.0
0.3850902736137872,-0.45822210938851127,-1.047303390113269,0.6149097263862128,0.0
0.31685682070923493,-0.9353056717681326,0.08123295294663002,0.6831431792907651,0.0
0.25891600626302613,-0.9967577886142147,0.9428598214154862,0.7410839937369739,0.0
0.3217699933367273,-0.9226139679916708,-0.8635960523348138,0.6782300066632727,0.0
0.2937973086696876,-1.2227269361704456,0.7105211763157637,0.7062026913303123,0.0
0.31081976092852814,-1.144625968611404,0.08610897598489453,0.6891802390714719,0.0
0.4013718026769732,-0.3887294584940102,-1.304114076232886,0.5986281973230267,0.0
0.31685682070923493,-0.9353056717681326,0.08123295294663002,0.6831431792907651,0.0
0.25891600626302613,-0.9967577886142147,0.9428598214154862,0.7410839937369739,0.0
0.33694903203105964,-0.8208090756765862,-0.9475971596679227,0.6630509679689404,0.0
0.29977743613173413,-1.1481886808300632,0.5473250176260986,0.7002225638682659,0.0
0.31081976092852814,-1.144625968611404,0.08610897598489453,0.6891802390714719,0.0
0.3845375459972392,-0.5016357974919289,-1.2109529590696861,0.6154624540027608,0.0
0.29713306027432873,-1.061687306593429,0.4578064198755949,0.7028669397256713,0.0
0.25891600626302613,-0.9967577886142147,0.9428598214154862,0.7410839937369739,0.0
0.3573725602255924,-0.6838297102234332,-1.060621378034946,0.6426274397744076,0.0
0.29977743613173413,-1.1481886808300632,0.5473250176260986,0.7002225638682659,0.0
0.30617582447268044,-1.1164846447178087,0.21222697577469926,0.6938241755273196,0.0
0.40269683122062494,-0.38527866765533103,-1.5576568757031577,0.5973031687793751,0.0
0.2924982853914594,-1.0907593423569046,0.5746329377733204,0.7075017146085406,0.0
0.25891600626302613,-0.9967577886142147,0.9428598214154862,0.7410839937369739,0.0
0.36491880457844583,-0.6364952244608226,-1.250835891841809,0.6350811954215542,0.0
0.30080661781263446,-1.1818547081036581,0.5821653375627277,0.6991933821873655,0.0
0.3086417765384958,-1.1227318267706994,0.1741035626234323,0.6913582234615042,0.0
0.40269683122062494,-0.38527866765533103,-1.5576568757031577,0.5973031687793751,0.0
0.2924982853914594,-1.0907593423569046,0.5746329377733204,0.7075017146085406,0.0
0.25891600626302613,-0.9967577886142147,0.9428598214154862,0.7410839937369739,0.0
0.36491880457844583,-0.6364952244608226,-1.250835891841809,0.6350811954215542,0.0
0.30409322432475394,-1.217890173117568,0.5851450009831103,0.6959067756752461,0.0
0.3059007870599939,-1.146414125879454,0.2435056648349918,0.6940992129400061,0.0
0.42368524471584545,-0.22071577532402853,-1.94409973384727,0.5763147552841545,0.0
0.29458048661133857,-1.0994058220223262,0.5231892872743882,0.7054195133886614,0.0
0.25891600626302613,-0.9967577886142147,0.9428598214154862,0.7410839937369739,0.0
0.36491880457844583,-0.6364952244608226,-1.250835891841809,0.6350811954215542,0.0
0.2999499380240882,-1.1724617812551157,0.5813886649006675,0.7000500619759118,0.0
0.3059007870599939,-1.146414125879454,0.2435056648349918,0.6940992129400061,0.0
0.42368524471584545,-0.22071577532402853,-1.94409973384727,0.5763147552841545,0.0
0.29458048661133857,-1.0994058220223262,0.5231892872743882,0.7054195133886614,0.0
0.25807958101304856,-0.9940935995473609,0.9553097565927605,0.7419204189869515,0.0
0.36491880457844583,-0.6364952244608226,-1.250835891841809,0.6350811954215542,0.0
0.3039756920614804,-1.2272355933690713,0.62502373326098,0.6960243079385195,0.0
0.3059007870599939,-1.146414125879454,0.2435056648349918,0.6940992129400061,0.0
0.42368524471584545,-0.22071577532402853,-1.94409973384727,0.5763147552841545,0.0
0.29717674717049186,-1.134730157971587,0.551330104107108,0.7028232528295082,0.0
0.25807958101304856,-0.9940935995473609,0.9553097565927605,0.7419204189869515,0.0
0.35889267475041536,-0.6949083578023255,-1.0653485878108067,0.6411073252495847,0.0
0.3039756920614804,-1.2272355933690713,0.62502373326098,0.6960243079385195,0.0
0.3031792537794287,-1.1377454741244346,0.28401485908365887,0.6968207462205713,0.0
0.41886769193567447,-0.25350415384338054,-1.852032677158559,0.5811323080643256,0.0
0.29717674717049186,-1.134730157971587,0.551330104107108,0.7028232528295082,0.0
0.25807958101304856,-0.9940935995473609,0.9553097565927605,0.7419204189869515,0.0
0.3431789198266081,-0.8068932577952372,-0.6537191470567875,0.6568210801733919,0.0
0.3026996234395986,-1.2207534497633767,0.6342068126328912,0.6973003765604013,0.0
0.3031792537794287,-1.1377454741244346,0.28401485908365887,0.6968207462205713,0.0
0.41886769193567447,-0.25350415384338054,-1.852032677158559,0.5811323080643256,0.0
0.29836164032276746,-1.1531858329521136,0.569110702409598,0.7016383596772325,0.0
0.25807958101304856,-0.9940935995473609,0.9553097565927605,0.7419204189869515,0.0
0.3419083418920451,-0.8174026836782762,-0.6239322949544203,0.6580916581079549,0.0
0.3009836036797231,-1.194025045697913,0.6084560873705476,0.6990163963202769,0.0
0.2983542246636926,-1.1776550967425659,0.3971306505281874,0.7016457753363075,0.0
0.41886769193567447,-0.25350415384338054,-1.852032677158559,0.5811323080643256,0.0
0.2785282637870778,-1.3110300747074137,1.0778407595567225,0.7214717362129222,0.0
0.25807958101304856,-0.9940935995473609,0.9553097565927605,0.7419204189869515,0.0
0.37637747847518976,-0.5322955475327878,-1.4320110798670198,0.6236225215248102,0.0
0.3009836036797231,-1.194025045697913,0.6084560873705476,0.6990163963202769,0.0
0.3180385684960241,-1.0148385178183508,-0.06434016721229696,0.6819614315039759,0.0
0.41886769193567447,-0.25350415384338054,-1.852032677158559,0.5811323080643256,0.0
0.27773875566436124,-1.316948673456945,1.1006642008320784,0.7222612443356388,0.0
0.25807958101304856,-0.9940935995473609,0.9553097565927605,0.7419204189869515,0.0
0.3865114765530614,-0.4658032610112559,-1.5321870430585323,0.6134885234469386,0.0
0.3009836036797231,-1.194025045697913,0.6084560873705476,0.6990163963202769,0.0
0.3180385684960241,-1.0148385178183508,-0.06434016721229696,0.6819614315039759,0.0
0.41886769193567447,-0.25350415384338054,-1.852032677158559,0.5811323080643256,0.0
0.27773875566436124,-1.316948673456945,1.1006642008320784,0.7222612443356388,0.0
0.25807958101304856,-0.9940935995473609,0.9553097565927605,0.7419204189869515,0.0
0.3865114765530614,-0.4658032610112559,-1.5321870430585323,0.6134885234469386,0.0
0.3009836036797231,-1.194025045697913,0.6084560873705476,0.6990163963202769,0.0
0.3290386182566867,-0.9266369894094008,-0.30014713282111694,0.6709613817433133,0.0
0.41886769193567447,-0.25350415384338054,-1.852032677158559,0.5811323080643256,0.0
0.27773875566436124,-1.316948673456945,1.1006642008320784,0.7222612443356388,0.0
0.25807958101304856,-0.9940935995473609,0.9553097565927605,0.7419204189869515,0.0
0.3865114765530614,-0.4658032610112559,-1.5321870430585323,0.6134885234469386,0.0
0.3411954637391864,-0.8732006236254395,-0.23084997454940037,0.6588045362608136,0.0
0.3290386182566867,-0.9266369894094008,-0.30014713282111694,0.6709613817433133,0.0
0.41886769193567447,-0.25350415384338054,-1.852032677158559,0.5811323080643256,0.0
0.27773875566436124,-1.316948673456945,1.1006642008320784,0.7222612443356388,0.0
0.25807958101304856,-0.9940935995473609,0.9553097565927605,0.7419204189869515,0.0
0.3865114765530614,-0.4658032610112559,-1.5321870430585323,0.6134885234469386,0.0
0.3472120525055572,-0.8191106399055328,-0.40362797290976427,0.6527879474944428,0.0
0.281742981579104,-1.305866859528272,0.7137246963192472,0.7182570184208961,0.0
0.41886769193567447,-0.25350415384338054,-1.852032677158559,0.5811323080643256,0.0
0.27773875566436124,-1.316948673456945,1.1006642008320784,0.7222612443356388,0.0
0.25807958101304856,-0.9940935995473609,0.9553097565927605,0.7419204189869515,0.0
0.3865114765530614,-0.4658032610112559,-1.5321870430585323,0.6134885234469386,0.0
0.34623920330721386,-0.8210205166222981,-0.38879565132586025,0.6537607966927861,0.0
0.2846209555620425,-1.297901981209828,0.43561805332016257,0.7153790444379575,0.0
0.41886769193567447,-0.25350415384338054,-1.852032677158559,0.5811323080643256,0.0
0.2798423945362055,-1.3514959266094575,1.1162179188553694,0.7201576054637945,0.0
0.25807958101304856,-0.9940935995473609,0.9553097565927605,0.7419204189869515,0.0
0.39393932138064963,-0.43524964625644047,-1.6760511521978056,0.6060606786193503,0.0
0.32610713686732956,-0.9768284092571194,-0.11944116489962964,0.6738928631326704,0.0
0.2839272593859512,-1.303270696818251,0.44489927528537176,0.7160727406140488,0.0
0.41984148150242623,-0.24640453760792141,-1.8589071326136226,0.5801585184975737,0.0
0.27888774047453935,-1.335818009651904,1.1091594734711918,0.7211122595254607,0.0
0.25807958101304856,-0.9940935995473609,0.9553097565927605,0.7419204189869515,0.0
0.39393932138064963,-0.43524964625644047,-1.6760511521978056,0.6060606786193503,0.0
0.29167923512913574,-1.2517041274704783,0.6706088102249255,0.7083207648708643,0.0
0.3185949353022143,-1.0297345779259315,-0.2234676357719798,0.6814050646977857,0.0
0.4092202382065864,-0.3302439737147793,-1.6331947533977167,0.5907797617934136,0.0
0.27888774047453935,-1.335818009651904,1.1091594734711918,0.7211122595254607,0.0
0.25807958101304856,-0.9940935995473609,0.9553097565927605,0.7419204189869515,0.0
0.39393932138064963,-0.43524964625644047,-1.6760511521978056,0.6060606786193503,0.0
0.2920927668261598,-1.248293796551328,0.6568722569268558,0.7079072331738402,0.0
0.31134897124701344,-1.0855901868100197,0.019716708387030657,0.6886510287529866,0.0
0.40765759845221766,-0.340981944493425,-1.6375772857586304,0.5923424015477823,0.0
0.27888774047453935,-1.335818009651904,1.1091594734711918,0.7211122595254607,0.0
0.25807958101304856,-0.9940935995473609,0.9553097565927605,0.7419204189869515,0.0
0.39393932138064963,-0.43524964625644047,-1.6760511521978056,0.6060606786193503,0.0
0.2920927668261598,-1.248293796551328,0.6568722569268558,0.7079072331738402,0.0
0.31134897124701344,-1.0855901868100197,0.019716708387030657,0.6886510287529866,0.0
0.3673522355116877,-0.6574236593549939,-0.8373457597359747,0.6326477644883123,0.0
0.2875562535036114,-1.2689966633590044,0.8182324636558894,0.7124437464963886,0.0
0.25807958101304856,-0.9940935995473609,0.9553097565927605,0.7419204189869515,0.0
0.40005360397676254,-0.38710399918968996,-1.8015912897592128,0.5999463960232374,0.0
0.2920927668261598,-1.248293796551328,0.6568722569268558,0.7079072331738402,0.0
0.31134897124701344,-1.0855901868100197,0.019716708387030657,0.6886510287529866,0.0
0.3544573441585485,-0.7640168330373702,-0.4571218752010153,0.6455426558414514,0.0
0.2875562535036114,-1.2689966633590044,0.8182324636558894,0.7124437464963886,0.0
0.25807958101304856,-0.9940935995473609,0.9553097565927605,0.7419204189869515,0.0
0.40005360397676254,-0.38710399918968996,-1.8015912897592128,0.5999463960232374,0.0
0.2872890290435464,-1.2888825574722231,0.8158198934926522,0.7127109709564536,0.0
0.3037180702756961,-1.1425140336619817,0.10412509044614437,0.6962819297243039,0.0
0.3544573441585485,-0.7640168330373702,-0.4571218752010153,0.6455426558414514,0.0
0.2875562535036114,-1.2689966633590044,0.8182324636558894,0.7124437464963886,0.0
0.25807958101304856,-0.9940935995473609,0.9553097565927605,0.7419204189869515,0.0
0.40005360397676254,-0.38710399918968996,-1.8015912897592128,0.5999463960232374,0.0
0.29242008260449076,-1.2431693156162689,0.593546170889088,0.7075799173955093,0.0
0.3037180702756961,-1.1425140336619817,0.10412509044614437,0.6962819297243039,0.0
0.3537096090795204,-0.7658018554696626,-0.44616369726295,0.6462903909204796,0.0
0.2875562535036114,-1.2689966633590044,0.8182324636558894,0.7124437464963886,0.0
0.25807958101304856,-0.9940935995473609,0.9553097565927605,0.7419204189869515,0.0
0.40005360397676254,-0.38710399918968996,-1.8015912897592128,0.5999463960232374,0.0
0.326863658688301,-0.9692216598755728,-0.1729167145134185,0.6731363413116991,0.0
0.3049207028311599,-1.1331022125579924,0.05098695707724277,0.6950792971688401,0.0
0.3819641911661415,-0.5508836720865581,-0.9861965468089803,0.6180358088338584,0.0
0.2875562535036114,-1.2689966633590044,0.8182324636558894,0.7124437464963886,0.0
0.25807958101304856,-0.9940935995473609,0.9553097565927605,0.7419204189869515,0.0
0.38296619439519514,-0.5241951797741635,-1.4034137495391519,0.6170338056048048,0.0
0.326863658688301,-0.9692216598755728,-0.1729167145134185,0.6731363413116991,0.0
0.34193727197038476,-0.8533675675767907,-0.447341658505906,0.6580627280296152,0.0
0.3923660385425791,-0.47191006321086565,-1.1397270538558113,0.6076339614574209,0.0
0.2875562535036114,-1.2689966633590044,0.8182324636558894,0.7124437464963886,0.0
0.2592449089462173,-1.0049615908131984,0.9498905560872205,0.7407550910537827,0.0
0.38296619439519514,-0.5241951797741635,-1.4034137495391519,0.6170338056048048,0.0
0.326863658688301,-0.9692216598755728,-0.1729167145134185,0.6731363413116991,0.0
0.34193727197038476,-0.8533675675767907,-0.447341658505906,0.6580627280296152,0.0
0.42219100959238914,-0.24630551648535493,-1.5492229780136806,0.5778089904076109,0.0
0.2875562535036114,-1.2689966633590044,0.8182324636558894,0.7124437464963886,0.0
0.2592449089462173,-1.0049615908131984,0.9498905560872205,0.7407550910537827,0.0
0.3714502132593257,-0.6165871507144451,-1.135063826748778,0.6285497867406743,0.0
0.355424643767121,-0.7511478563029674,-0.6170950440950339,0.644575356232879,0.0
0.3545098475706123,-0.7524986076683197,-0.7403127611667557,0.6454901524293877,0.0
0.41321587309629704,-0.3098902050640421,-1.5158599724425952,0.586784126903703,0.0
0.2875562535036114,-1.2689966633590044,0.8182324636558894,0.7124437464963886,0.0
0.2592449089462173,-1.0049615908131984,0.9498905560872205,0.7407550910537827,0.0
0.3714502132593257,-0.6165871507144451,-1.135063826748778,0.6285497867406743,0.0
0.355424643767121,-0.7511478563029674,-0.6170950440950339,0.644575356232879,0.0
0.34835807424672266,-0.8018538866902406,-0.5969617190790127,0.6516419257532773,0.0
0.41321587309629704,-0.3098902050640421,-1.5158599724425952,0.586784126903703,0.0
0.3079853362798319,-1.1130701589558676,0.43876794085240367,0.6920146637201681,0.0
0.2592449089462173,-1.0049615908131984,0.9498905560872205,0.7407550910537827,0.0
0.3754785535138178,-0.584268037706233,-1.2289337960993922,0.6245214464861821,0.0
0.355424643767121,-0.7511478563029674,-0.6170950440950339,0.644575356232879,0.0
0.3398599113267572,-0.8700340975019483,-0.398934183558864,0.6601400886732428,0.0
0.43003100190300797,-0.1814903930456696,-1.7718889379767346,0.569968998096992,0.0
0.3079853362798319,-1.1130701589558676,0.43876794085240367,0.6920146637201681,0.0
0.2592449089462173,-1.0049615908131984,0.9498905560872205,0.7407550910537827,0.0
0.3845367400791144,-0.5088897922705236,-1.5052963425323447,0.6154632599208856,0.0
0.35401487371969015,-0.7628793427188332,-0.5740833841579834,0.6459851262803098,0.0
0.3398599113267572,-0.8700340975019483,-0.398934183558864,0.6601400886732428,0.0
0.43003100190300797,-0.1814903930456696,-1.7718889379767346,0.569968998096992,0.0
0.3079853362798319,-1.1130701589558676,0.43876794085240367,0.6920146637201681,0.0
0.2592449089462173,-1.0049615908131984,0.9498905560872205,0.7407550910537827,0.0
0.3845367400791144,-0.5088897922705236,-1.5052963425323447,0.6154632599208856,0.0
0.3619659579222266,-0.7026886863022496,-0.6724676824211724,0.6380340420777735,0.0
0.3398599113267572,-0.8700340975019483,-0.398934183558864,0.6601400886732428,0.0
0.43003100190300797,-0.1814903930456696,-1.7718889379767346,0.569968998096992,0.0
0.30946977512793716,-1.10135425613687,0.4010698138129969,0.6905302248720628,0.0
0.2592449089462173,-1.0049615908131984,0.9498905560872205,0.7407550910537827,0.0
0.3845367400791144,-0.5088897922705236,-1.5052963425323447,0.6154632599208856,0.0
0.3619659579222266,-0.7026886863022496,-0.6724676824211724,0.6380340420777735,0.0
0.3466674983885505,-0.8184998509231398,-0.48316919590176477,0.6533325016114495,0.0
0.43003100190300797,-0.1814903930456696,-1.7718889379767346,0.569968998096992,0.0
0.2741456939993501,-1.3801488337654069,1.298143950370044,0.7258543060006499,0.0
0.2592449089462173,-1.0049615908131984,0.9498905560872205,0.7407550910537827,0.0
0.3845367400791144,-0.5088897922705236,-1.5052963425323447,0.6154632599208856,0.0
0.3619659579222266,-0.7026886863022496,-0.6724676824211724,0.6380340420777735,0.0
0.33869941574213147,-0.879386735386171,-0.3599902869066034,0.6613005842578685,0.0
0.43003100190300797,-0.1814903930456696,-1.7718889379767346,0.569968998096992,0.0
0.31512565833021333,-1.0640225613255712,0.3785885902006927,0.6848743416697867,0.0
0.2592449089462173,-1.0049615908131984,0.9498905560872205,0.7407550910537827,0.0
0.3845367400791144,-0.5088897922705236,-1.5052963425323447,0.6154632599208856,0.0
0.36836874912028783,-0.6540626075049876,-0.7584592965642243,0.6316312508797122,0.0
0.33869941574213147,-0.879386735386171,-0.3599902869066034,0.6613005842578685,0.0
0.43003100190300797,-0.1814903930456696,-1.7718889379767346,0.569968998096992,0.0
0.31512565833021333,-1.0640225613255712,0.3785885902006927,0.6848743416697867,0.0
0.2592449089462173,-1.0049615908131984,0.9498905560872205,0.7407550910537827,0.0
0.38016195974054556,-0.5403728935928952,-1.4796604931262636,0.6198380402594544,0.0
0.36836874912028783,-0.6540626075049876,-0.7584592965642243,0.6316312508797122,0.0
0.3810144066683169,-0.5560432062205006,-1.014139427637487,0.6189855933316831,0.0
0.43003100190300797,-0.1814903930456696,-1.7718889379767346,0.569968998096992,0.0
0.32777935650028645,-0.9664669452567387,0.11112016174768136,0.6722206434997136,0.0
0.2592449089462173,-1.0049615908131984,0.9498905560872205,0.7407550910537827,0.0
0.38016195974054556,-0.5403728935928952,-1.4796604931262636,0.6198380402594544,0.0
0.36836874912028783,-0.6540626075049876,-0.7584592965642243,0.6316312508797122,0.0
0.38223195175173014,-0.546656356691809,-1.0398753718376916,0.6177680482482699,0.0
0.4148954242057109,-0.2976848420420942,-1.4931606063068974,0.5851045757942891,0.0
0.32493680601772135,-0.9882889459541522,0.16346698124398307,0.6750631939822787,0.0
0.24080257500720187,-1.0887636519010897,1.239356770136416,0.7591974249927982,0.0
0.38016195974054556,-0.5403728935928952,-1.4796604931262636,0.6198380402594544,0.0
0.36652654878925056,-0.6683351992043074,-0.72106355181386,0.6334734512107494,0.0
0.38223195175173014,-0.546656356691809,-1.0398753718376916,0.6177680482482699,0.0
0.4168947534459976,-0.2823361738852762,-1.5299791351234975,0.5831052465540024,0.0
0.32493680601772135,-0.9882889459541522,0.16346698124398307,0.6750631939822787,0.0
0.2756594029378646,-0.9751719214902888,0.6990084779967071,0.7243405970621354,0.0
0.38460196946106595,-0.509183173776322,-1.4857426675827614,0.615398030538934,0.0
0.36413879296911983,-0.6868345248879647,-0.6725933036701482,0.6358612070308802,0.0
0.3533724095612059,-0.7667239535004582,-0.6318249678618185,0.6466275904387941,0.0
0.4168947534459976,-0.2823361738852762,-1.5299791351234975,0.5831052465540024,0.0
0.32493680601772135,-0.9882889459541522,0.16346698124398307,0.6750631939822787,0.0
0.2677237266605189,-1.0010327715400051,0.8220268183909364,0.7322762733394811,0.0
0.3698142148952368,-0.6130626584298831,-1.4654855715963355,0.6301857851047632,0.0
0.3634860709850331,-0.6920854370511955,-0.6435977222486078,0.6365139290149668,0.0
0.3799611876393561,-0.5595490853732746,-1.3754645783162553,0.620038812360644,0.0
0.4168947534459976,-0.2823361738852762,-1.5299791351234975,0.5831052465540024,0.0
0.32493680601772135,-0.9882889459541522,0.16346698124398307,0.6750631939822787,0.0
0.2677237266605189,-1.0010327715400051,0.8220268183909364,0.7322762733394811,0.0
0.3720363590826136,-0.5948040396986879,-1.5308388307202625,0.6279636409173863,0.0
0.3138694550663931,-1.0727421182623131,0.1798497790481819,0.6861305449336069,0.0
0.3754631897939313,-0.5945966572369861,-1.2496637853740125,0.6245368102060687,0.0
0.41026387194932157,-0.3323116534155231,-1.485116288973219,0.5897361280506784,0.0
0.32493680601772135,-0.9882889459541522,0.16346698124398307,0.6750631939822787,0.0
0.2677237266605189,-1.0010327715400051,0.8220268183909364,0.7322762733394811,0.0
0.3638943449168243,-0.6628250605423938,-1.2379472632952884,0.6361056550831756,0.0
0.31603771969093924,-1.0560871164916876,0.14239857447535864,0.6839622803090608,0.0
0.3486359417773994,-0.7967876607672295,-1.0681574952971409,0.6513640582226006,0.0
0.394949285815533,-0.44773428406078764,-1.38150172099764,0.605050714184467,0.0
0.32113009306011014,-1.0190491572594338,0.3612987039406872,0.6788699069398898,0.0
0.2501556965821745,-0.8584110960232575,0.7581455173199644,0.7498443034178255,0.0
0.3533445872035741,-0.7358941282194846,-1.1891799913704588,0.6466554127964259,0.0
0.29505980682813304,-1.2229539282194382,0.9214269423376817,0.704940193171867,0.0
0.3384849099854653,-0.8788132524951828,-0.5406167721301547,0.6615150900145347,0.0
0.394949285815533,-0.44773428406078764,-1.38150172099764,0.605050714184467,0.0
0.32113009306011014,-1.0190491572594338,0.3612987039406872,0.6788699069398898,0.0
0.2501556965821745,-0.8584110960232575,0.7581455173199644,0.7498443034178255,0.0
0.3512453350101732,-0.7543458789481303,-1.0881433031189476,0.6487546649898268,0.0
0.29505980682813304,-1.2229539282194382,0.9214269423376817,0.704940193171867,0.0
0.34674139728684533,-0.8157788529034444,-0.6635749346916348,0.6532586027131546,0.0
0.394949285815533,-0.44773428406078764,-1.38150172099764,0.605050714184467,0.0
0.32113009306011014,-1.0190491572594338,0.3612987039406872,0.6788699069398898,0.0
0.2501556965821745,-0.8584110960232575,0.7581455173199644,0.7498443034178255,0.0
0.3512453350101732,-0.7543458789481303,-1.0881433031189476,0.6487546649898268,0.0
0.2693505478226609,-1.4240349797436151,1.473798398066616,0.7306494521773391,0.0
0.3419741626354213,-0.817883076460202,-0.5934022802094568,0.6580258373645786,0.0
0.3744280119642208,-0.5917043460053726,-1.2437547137147646,0.6255719880357792,0.0
0.32113009306011014,-1.0190491572594338,0.3612987039406872,0.6788699069398898,0.0
0.2501556965821745,-0.8584110960232575,0.7581455173199644,0.7498443034178255,0.0
0.36120576963373147,-0.685736436050726,-1.5195593499065927,0.6387942303662686,0.0
0.26080633127541714,-1.1722584545572037,1.155239368400323,0.7391936687245828,0.0
0.3379705414196609,-0.8457852816694662,-0.5131725122665621,0.6620294585803391,0.0
0.34582794984506426,-0.7378374032481182,-0.639896547244768,0.6541720501549357,0.0
0.32113009306011014,-1.0190491572594338,0.3612987039406872,0.6788699069398898,0.0
0.2501556965821745,-0.8584110960232575,0.7581455173199644,0.7498443034178255,0.0
0.34947933396901554,-0.742561147849639,-1.2071486870665336,0.6505206660309845,0.0
0.26080633127541714,-1.1722584545572037,1.155239368400323,0.7391936687245828,0.0
0.3379705414196609,-0.8457852816694662,-0.5131725122665621,0.6620294585803391,0.0
0.34582794984506426,-0.7378374032481182,-0.639896547244768,0.6541720501549357,0.0
0.3239046605010659,-0.991989010175139,0.20779325108132585,0.6760953394989341,0.0
0.2501556965821745,-0.8584110960232575,0.7581455173199644,0.7498443034178255,0.0
0.34947933396901554,-0.742561147849639,-1.2071486870665336,0.6505206660309845,0.0
0.26080633127541714,-1.1722584545572037,1.155239368400323,0.7391936687245828,0.0
0.3379705414196609,-0.8457852816694662,-0.5131725122665621,0.6620294585803391,0.0
0.3956939252145997,-0.4830453890636197,-1.6927605700720632,0.6043060747854003,0.0
0.3196262320872387,-1.036459896134312,0.4270898898880995,0.6803737679127613,0.0
0.2501556965821745,-0.8584110960232575,0.7581455173199644,0.7498443034178255,0.0
0.34947933396901554,-0.742561147849639,-1.2071486870665336,0.6505206660309845,0.0
0.26080633127541714,-1.1722584545572037,1.155239368400323,0.7391936687245828,0.0
0.3379705414196609,-0.8457852816694662,-0.5131725122665621,0.6620294585803391,0.0
0.35467107479230875,-0.6926531348106431,-0.8266091912334459,0.6453289252076913,0.0
0.3196262320872387,-1.036459896134312,0.4270898898880995,0.6803737679127613,0.0
0.2501556965821745,-0.8584110960232575,0.7581455173199644,0.7498443034178255,0.0
0.34947933396901554,-0.742561147849639,-1.2071486870665336,0.6505206660309845,0.0
0.26080633127541714,-1.1722584545572037,1.155239368400323,0.7391936687245828,0.0
0.3379705414196609,-0.8457852816694662,-0.5131725122665621,0.6620294585803391,0.0
0.3810274944613993,-0.6508527178382355,-1.226248563797577,0.6189725055386007,0.0
0.3196262320872387,-1.036459896134312,0.4270898898880995,0.6803737679127613,0.0
0.2501556965821745,-0.8584110960232575,0.7581455173199644,0.7498443034178255,0.0
0.34947933396901554,-0.742561147849639,-1.2071486870665336,0.6505206660309845,0.0
0.26080633127541714,-1.1722584545572037,1.155239368400323,0.7391936687245828,0.0
0.32769271335304345,-0.8892696267179141,-0.29094966540864897,0.6723072866469566,0.0
0.3810274944613993,-0.6508527178382355,-1.226248563797577,0.6189725055386007,0.0
0.3196262320872387,-1.036459896134312,0.4270898898880995,0.6803737679127613,0.0
0.2501556965821745,-0.8584110960232575,0.7581455173199644,0.7498443034178255,0.0
0.34947933396901554,-0.742561147849639,-1.2071486870665336,0.6505206660309845,0.0
0.2754587565992309,-1.1384301377985826,0.9738525297416288,0.7245412434007691,0.0
0.32769271335304345,-0.8892696267179141,-0.29094966540864897,0.6723072866469566,0.0
0.3810274944613993,-0.6508527178382355,-1.226248563797577,0.6189725055386007,0.0
0.3196262320872387,-1.036459896134312,0.4270898898880995,0.6803737679127613,0.0
0.2501556965821745,-0.8584110960232575,0.7581455173199644,0.7498443034178255,0.0
0.34947933396901554,-0.742561147849639,-1.2071486870665336,0.6505206660309845,0.0
0.2710219715805146,-1.1621584801918803,1.1045814955019866,0.7289780284194853,0.0
0.32769271335304345,-0.8892696267179141,-0.29094966540864897,0.6723072866469566,0.0
0.3810274944613993,-0.6508527178382355,-1.226248563797577,0.6189725055386007,0.0
0.3196262320872387,-1.036459896134312,0.4270898898880995,0.6803737679127613,0.0
0.2501556965821745,-0.8584110960232575,0.7581455173199644,0.7498443034178255,0.0
0.34947933396901554,-0.742561147849639,-1.2071486870665336,0.6505206660309845,0.0
0.28566399096486517,-1.124291818192122,0.9004873457563907,0.7143360090351348,0.0
0.32769271335304345,-0.8892696267179141,-0.29094966540864897,0.6723072866469566,0.0
0.3810274944613993,-0.6508527178382355,-1.226248563797577,0.6189725055386007,0.0
0.3196262320872387,-1.036459896134312,0.4270898898880995,0.6803737679127613,0.0
0.2501556965821745,-0.8584110960232575,0.7581455173199644,0.7498443034178255,0.0
0.35954623266556607,-0.6747718646595137,-1.6304948727593682,0.6404537673344339,0.0
0.28566399096486517,-1.124291818192122,0.9004873457563907,0.7143360090351348,0.0
0.325752999058797,-0.9246638785797866,-0.11828558260122457,0.6742470009412029,0.0
0.3810274944613993,-0.6508527178382355,-1.226248563797577,0.6189725055386007,0.0
0.3196262320872387,-1.036459896134312,0.4270898898880995,0.6803737679127613,0.0
0.2501556965821745,-0.8584110960232575,0.7581455173199644,0.7498443034178255,0.0
0.35954623266556607,-0.6747718646595137,-1.6304948727593682,0.6404537673344339,0.0
0.28566399096486517,-1.124291818192122,0.9004873457563907,0.7143360090351348,0.0
0.325752999058797,-0.9246638785797866,-0.11828558260122457,0.6742470009412029,0.0
0.3810274944613993,-0.6508527178382355,-1.226248563797577,0.6189725055386007,0.0
0.3196262320872387,-1.036459896134312,0.4270898898880995,0.6803737679127613,0.0
0.2501556965821745,-0.8584110960232575,0.7581455173199644,0.7498443034178255,0.0
0.3577309685303069,-0.6767931411461252,-1.6646555209300251,0.642269031469693,0.0
0.2794440030441349,-1.1403777264302035,0.9871873502288698,0.720555996955865,0.0
0.325752999058797,-0.9246638785797866,-0.11828558260122457,0.6742470009412029,0.0
0.3771469299554456,-0.6551736833871658,-1.299275180815215,0.6228530700445545,0.0
0.3196262320872387,-1.036459896134312,0.4270898898880995,0.6803737679127613,0.0
0.2603189054281209,-0.956255119751141,0.8376243354392336,0.739681094571879,0.0
0.3577309685303069,-0.6767931411461252,-1.6646555209300251,0.642269031469693,0.0
0.27689699122674116,-1.1522420674208078,1.047988768226265,0.7231030087732588,0.0
0.325752999058797,-0.9246638785797866,-0.11828558260122457,0.6742470009412029,0.0
0.3771469299554456,-0.6551736833871658,-1.299275180815215,0.6228530700445545,0.0
0.3071095827269967,-1.1194287405281234,0.8027512962791086,0.6928904172730033,0.0
0.2603189054281209,-0.956255119751141,0.8376243354392336,0.739681094571879,0.0
0.3577309685303069,-0.6767931411461252,-1.6646555209300251,0.642269031469693,0.0
0.27689699122674116,-1.1522420674208078,1.047988768226265,0.7231030087732588,0.0
0.325752999058797,-0.9246638785797866,-0.11828558260122457,0.6742470009412029,0.0
0.3771469299554456,-0.6551736833871658,-1.299275180815215,0.6228530700445545,0.0
0.32626336419392893,-0.9924644812966708,0.22789006333372397,0.673736635806071,0.0
0.2603189054281209,-0.956255119751141,0.8376243354392336,0.739681094571879,0.0
0.3577309685303069,-0.6767931411461252,-1.6646555209300251,0.642269031469693,0.0
0.27689699122674116,-1.1522420674208078,1.047988768226265,0.7231030087732588,0.0
0.31062773159820817,-1.0419043182105054,0.6131323059259248,0.6893722684017918,0.0
0.37925133654142934,-0.6528304499877398,-1.259673289500626,0.6207486634585706,0.0
0.3352790782293541,-0.9246875691935055,-0.11365964105696547,0.6647209217706459,0.0
0.2603189054281209,-0.956255119751141,0.8376243354392336,0.739681094571879,0.0
0.3577309685303069,-0.6767931411461252,-1.6646555209300251,0.642269031469693,0.0
0.27628519481387187,-1.145009380064136,1.0402254952562882,0.7237148051861282,0.0
0.31062773159820817,-1.0419043182105054,0.6131323059259248,0.6893722684017918,0.0
0.37008375698414364,-0.6630384481728836,-1.4321938906352,0.6299162430158564,0.0
0.3444223826649341,-0.8812113065272992,-0.3832303112529878,0.6555776173350659,0.0
0.25955084610034196,-0.9471750845100911,0.8278781942503358,0.740449153899658,0.0
0.3577309685303069,-0.6767931411461252,-1.6646555209300251,0.642269031469693,0.0
0.27628519481387187,-1.145009380064136,1.0402254952562882,0.7237148051861282,0.0
0.31734372778523695,-1.0217411833023067,0.5296103387206091,0.6826562722147631,0.0
0.3353811029963446,-0.8413532335449367,-0.5174728919746048,0.6646188970036554,0.0
0.3444223826649341,-0.8812113065272992,-0.3832303112529878,0.6555776173350659,0.0
0.25955084610034196,-0.9471750845100911,0.8278781942503358,0.740449153899658,0.0
0.3577309685303069,-0.6767931411461252,-1.6646555209300251,0.642269031469693,0.0
0.27628519481387187,-1.145009380064136,1.0402254952562882,0.7237148051861282,0.0
0.31734372778523695,-1.0217411833023067,0.5296103387206091,0.6826562722147631,0.0
0.3217547566398257,-0.9416828221985925,0.1819455368555185,0.6782452433601742,0.0
0.3457918459229487,-0.8601765272057296,-0.5150899062767031,0.6542081540770512,0.0
0.25861171414694867,-0.9497613954287276,0.8517202714335843,0.7413882858530514,0.0
0.3577309685303069,-0.6767931411461252,-1.6646555209300251,0.642269031469693,0.0
0.27628519481387187,-1.145009380064136,1.0402254952562882,0.7237148051861282,0.0
0.31734372778523695,-1.0217411833023067,0.5296103387206091,0.6826562722147631,0.0
0.32264780879803007,-0.9393003840235353,0.15967891262415002,0.67735219120197,0.0
0.3457918459229487,-0.8601765272057296,-0.5150899062767031,0.6542081540770512,0.0
0.25798318351491856,-0.9428176959108862,0.8450163680144915,0.7420168164850814,0.0
0.35530013918142744,-0.697554891868452,-1.5325869331165825,0.6446998608185726,0.0
0.27628519481387187,-1.145009380064136,1.0402254952562882,0.7237148051861282,0.0
0.31734372778523695,-1.0217411833023067,0.5296103387206091,0.6826562722147631,0.0
0.34549630692992295,-0.8379225451175316,-0.2742734731319605,0.654503693070077,0.0
0.34589133094630287,-0.8676677144264096,-0.596154094220863,0.6541086690536971,0.0
0.25798318351491856,-0.9428176959108862,0.8450163680144915,0.7420168164850814,0.0
0.32059206106874444,-0.8941036011344338,-0.40245420382096087,0.6794079389312555,0.0
0.27628519481387187,-1.145009380064136,1.0402254952562882,0.7237148051861282,0.0
0.31734372778523695,-1.0217411833023067,0.5296103387206091,0.6826562722147631,0.0
0.34549630692992295,-0.8379225451175316,-0.2742734731319605,0.654503693070077,0.0
0.34589133094630287,-0.8676677144264096,-0.596154094220863,0.6541086690536971,0.0
0.25798318351491856,-0.9428176959108862,0.8450163680144915,0.7420168164850814,0.0
0.32059206106874444,-0.8941036011344338,-0.40245420382096087,0.6794079389312555,0.0
0.26908306487545924,-1.065443765228051,0.9634076266300158,0.7309169351245408,0.0
0.3017916650606787,-1.0358243983755215,0.6694020909375784,0.6982083349393213,0.0
0.34549630692992295,-0.8379225451175316,-0.2742734731319605,0.654503693070077,0.0
0.3325005822389276,-0.9158240951834761,-0.2339446269581279,0.6674994177610725,0.0
0.25798318351491856,-0.9428176959108862,0.8450163680144915,0.7420168164850814,0.0
0.33861940485244696,-0.8800770641965693,-0.7616457711701101,0.6613805951475531,0.0
0.2713679240537488,-1.0906857737573434,0.9877779189863444,0.7286320759462512,0.0
0.30421777761551455,-1.0175359216157536,0.5310835144257927,0.6957822223844854,0.0
0.3451628527552016,-0.8128135632011023,-0.0025623051690322196,0.6548371472447985,0.0
0.3325005822389276,-0.9158240951834761,-0.2339446269581279,0.6674994177610725,0.0
0.25798318351491856,-0.9428176959108862,0.8450163680144915,0.7420168164850814,0.0
0.33861940485244696,-0.8800770641965693,-0.7616457711701101,0.6613805951475531,0.0
0.26168597631152457,-1.1122454755214517,1.1223809957034938,0.7383140236884754,0.0
0.3001681998924466,-1.0265534964162415,0.5873826843286608,0.6998318001075534,0.0
0.3451628527552016,-0.8128135632011023,-0.0025623051690322196,0.6548371472447985,0.0
0.3325005822389276,-0.9158240951834761,-0.2339446269581279,0.6674994177610725,0.0
0.25798318351491856,-0.9428176959108862,0.8450163680144915,0.7420168164850814,0.0
0.3362930123480536,-0.8818871606137877,-0.7152928208992104,0.6637069876519464,0.0
0.28184546847686587,-1.039933291026287,0.8507095265907963,0.7181545315231341,0.0
0.297128153186692,-1.0287734274737559,0.6310729989001576,0.7028718468133079,0.0
0.33469226019750725,-0.8503716234238398,0.13854051822052416,0.6653077398024927,0.0
0.3325005822389276,-0.9158240951834761,-0.2339446269581279,0.6674994177610725,0.0
0.25798318351491856,-0.9428176959108862,0.8450163680144915,0.7420168164850814,0.0
0.3362930123480536,-0.8818871606137877,-0.7152928208992104,0.6637069876519464,0.0
0.29120978202218617,-1.0063434583456825,0.7245150373038672,0.7087902179778138,0.0
0.297128153186692,-1.0287734274737559,0.6310729989001576,0.7028718468133079,0.0
0.33469226019750725,-0.8503716234238398,0.13854051822052416,0.6653077398024927,0.0
0.3325005822389276,-0.9158240951834761,-0.2339446269581279,0.6674994177610725,0.0
0.25798318351491856,-0.9428176959108862,0.8450163680144915,0.7420168164850814,0.0
0.3356530162817094,-0.8692869465060598,-0.37392206080769563,0.6643469837182906,0.0
0.29120978202218617,-1.0063434583456825,0.7245150373038672,0.7087902179778138,0.0
0.29513269740271936,-1.0212108717659678,0.6625781970055291,0.7048673025972807,0.0
0.3267919618309566,-0.8598926812575238,0.21130074743341987,0.6732080381690434,0.0
0.3325005822389276,-0.9158240951834761,-0.2339446269581279,0.6674994177610725,0.0
0.25798318351491856,-0.9428176959108862,0.8450163680144915,0.7420168164850814,0.0
0.3356530162817094,-0.8692869465060598,-0.37392206080769563,0.6643469837182906,0.0
0.29120978202218617,-1.0063434583456825,0.7245150373038672,0.7087902179778138,0.0
0.2980677355638968,-1.0129333304411408,0.5921613480927901,0.7019322644361032,0.0
0.3267919618309566,-0.8598926812575238,0.21130074743341987,0.6732080381690434,0.0
0.3325005822389276,-0.9158240951834761,-0.2339446269581279,0.6674994177610725,0.0
0.2608844910239231,-0.9467846572062437,0.8278244447354565,0.7391155089760769,0.0
0.3356530162817094,-0.8692869465060598,-0.37392206080769563,0.6643469837182906,0.0
0.2952750160650226,-0.993806864035977,0.6240407140563251,0.7047249839349774,0.0
0.288450739350007,-1.0496883234612657,0.8393544063395151,0.711549260649993,0.0
0.32879031062933234,-0.8794719255972449,0.05543899883031972,0.6712096893706676,0.0
0.3325005822389276,-0.9158240951834761,-0.2339446269581279,0.6674994177610725,0.0
0.25911066899565993,-0.9443593081837311,0.8383353651139123,0.7408893310043401,0.0
0.3381558745101277,-0.8668321553373285,-0.4135616666077395,0.6618441254898724,0.0
0.29655940210561954,-0.9839079929601618,0.5843798735809104,0.7034405978943805,0.0
0.28774678161098044,-1.0518275991838284,0.8565067299626631,0.7122532183890196,0.0
0.35774765074731646,-0.7806861102619133,-0.4358350142288494,0.6422523492526835,0.0
0.32230861329591703,-0.9467967381649217,0.014388390744512591,0.677691386704083,0.0
0.25911066899565993,-0.9443593081837311,0.8383353651139123,0.7408893310043401,0.0
0.3381558745101277,-0.8668321553373285,-0.4135616666077395,0.6618441254898724,0.0
0.28852561029407237,-0.9954867591090287,0.7622180556370718,0.7114743897059277,0.0
0.28242695753513924,-1.0318628641120031,0.8531309762243027,0.7175730424648608,0.0
0.35774765074731646,-0.7806861102619133,-0.4358350142288494,0.6422523492526835,0.0
0.3212431693541569,-0.9560569139597802,0.1979909955683467,0.6787568306458431,0.0
0.24942691477563145,-0.9080172065000458,0.8321904307996218,0.7505730852243686,0.0
0.3247032524630831,-0.9259840245306608,-0.3982677533023972,0.6752967475369169,0.0
0.28852561029407237,-0.9954867591090287,0.7622180556370718,0.7114743897059277,0.0
0.28242695753513924,-1.0318628641120031,0.8531309762243027,0.7175730424648608,0.0
0.362036238319431,-0.7673783344856402,-0.5100592854655678,0.637963761680569,0.0
0.3212431693541569,-0.9560569139597802,0.1979909955683467,0.6787568306458431,0.0
0.24942691477563145,-0.9080172065000458,0.8321904307996218,0.7505730852243686,0.0
0.3247032524630831,-0.9259840245306608,-0.3982677533023972,0.6752967475369169,0.0
0.28460169494427556,-1.000215699135915,0.8298875054792347,0.7153983050557244,0.0
0.282220320599195,-1.032266414807234,0.8566185942033189,0.717779679400805,0.0
0.3473270874719693,-0.8162462906431057,-0.2581870037988352,0.6526729125280307,0.0
0.3214332000286973,-0.9544052855787016,0.16524396358053467,0.6785667999713028,0.0
0.21501508973158986,-0.817818536239751,0.8344434047438712,0.7849849102684101,0.0
0.3070831692881594,-1.0114508783053147,-0.5073666066351301,0.6929168307118406,0.0
0.28460169494427556,-1.000215699135915,0.8298875054792347,0.7153983050557244,0.0
0.2935401195837107,-0.9947080395476171,0.662792731204211,0.7064598804162894,0.0
0.3473270874719693,-0.8162462906431057,-0.2581870037988352,0.6526729125280307,0.0
0.2962623951476469,-1.0887062132283076,0.5768506906063687,0.7037376048523531,0.0
0.21501508973158986,-0.817818536239751,0.8344434047438712,0.7849849102684101,0.0
0.3070831692881594,-1.0114508783053147,-0.5073666066351301,0.6929168307118406,0.0
0.28460169494427556,-1.000215699135915,0.8298875054792347,0.7153983050557244,0.0
0.29281702434053347,-0.969740092453543,0.6856207951843998,0.7071829756594665,0.0
0.3402912479335357,-0.8368819405127252,-0.13613886117843865,0.6597087520664643,0.0
0.26857754561697683,-1.247050495606152,1.0251705356428173,0.7314224543830232,0.0
0.21501508973158986,-0.817818536239751,0.8344434047438712,0.7849849102684101,0.0
0.3070831692881594,-1.0114508783053147,-0.5073666066351301,0.6929168307118406,0.0
0.28460169494427556,-1.000215699135915,0.8298875054792347,0.7153983050557244,0.0
0.29281702434053347,-0.969740092453543,0.6856207951843998,0.7071829756594665,0.0
0.3402912479335357,-0.8368819405127252,-0.13613886117843865,0.6597087520664643,0.0
0.26857754561697683,-1.247050495606152,1.0251705356428173,0.7314224543830232,0.0
0.21501508973158986,-0.817818536239751,0.8344434047438712,0.7849849102684101,0.0
0.32051270453861136,-0.9292812349162501,-1.0418667552524234,0.6794872954613886,0.0
0.28460169494427556,-1.000215699135915,0.8298875054792347,0.7153983050557244,0.0
0.29812832141285767,-0.9500372914163604,0.5923508459147058,0.7018716785871424,0.0
0.3402912479335357,-0.8368819405127252,-0.13613886117843865,0.6597087520664643,0.0
0.2742546540159293,-1.1596007428877573,0.9559847768190475,0.7257453459840707,0.0
0.21501508973158986,-0.817818536239751,0.8344434047438712,0.7849849102684101,0.0
0.32051270453861136,-0.9292812349162501,-1.0418667552524234,0.6794872954613886,0.0
0.28460169494427556,-1.000215699135915,0.8298875054792347,0.7153983050557244,0.0
0.2924536195877064,-0.999849918893224,0.6787855816040913,0.7075463804122937,0.0
0.3398172869109812,-0.8381539401163463,-0.1279497776639208,0.6601827130890188,0.0
0.2742546540159293,-1.1596007428877573,0.9559847768190475,0.7257453459840707,0.0
0.2249225898092082,-0.8749797810902448,0.8547705487365049,0.7750774101907918,0.0
0.3189182409410785,-0.9332913157126824,-0.944090312437988,0.6810817590589215,0.0
0.3088631426009223,-0.9290065941793255,0.4090187203981124,0.6911368573990777,0.0
0.2924536195877064,-0.999849918893224,0.6787855816040913,0.7075463804122937,0.0
0.35775889385138065,-0.7501880984027498,-0.4245749567774666,0.6422411061486193,0.0
0.2789378886481684,-1.136639328242141,0.8785577483352903,0.7210621113518316,0.0
0.20414052314951164,-0.7550778086928078,0.8121321376190038,0.7958594768504883,0.0
0.31350723855113166,-0.9469000031778272,-0.6122742919480544,0.6864927614488683,0.0
0.31470370729055747,-0.938706908479571,0.3865363760595914,0.6852962927094426,0.0
0.29070479624938117,-1.0041617775725238,0.7091298226825663,0.7092952037506188,0.0
0.32138834936679295,-0.9285091133372865,0.1767323457421044,0.678611650633207,0.0
0.2789378886481684,-1.136639328242141,0.8785577483352903,0.7210621113518316,0.0
0.20414052314951164,-0.7550778086928078,0.8121321376190038,0.7958594768504883,0.0
0.3195610705068761,-0.9136725924061464,-0.8733508430388041,0.6804389294931239,0.0
0.31442587217790335,-0.9391307614742216,0.39525650284181346,0.6855741278220966,0.0
0.28650192999740565,-1.01447171391223,0.7828393812231021,0.7134980700025944,0.0
0.32180201159484795,-0.9278780484856914,0.16374915208023488,0.6781979884051521,0.0
0.25521468658517943,-1.268670939299465,1.2016376183011115,0.7447853134148206,0.0
0.20414052314951164,-0.7550778086928078,0.8121321376190038,0.7958594768504883,0.0
0.3195610705068761,-0.9136725924061464,-0.8733508430388041,0.6804389294931239,0.0
0.31442587217790335,-0.9391307614742216,0.39525650284181346,0.6855741278220966,0.0
0.28650192999740565,-1.01447171391223,0.7828393812231021,0.7134980700025944,0.0
0.3350461778016147,-0.8953891463227761,-0.06852605864753769,0.6649538221983853,0.0
0.25521468658517943,-1.268670939299465,1.2016376183011115,0.7447853134148206,0.0
0.20414052314951164,-0.7550778086928078,0.8121321376190038,0.7958594768504883,0.0
0.3195610705068761,-0.9136725924061464,-0.8733508430388041,0.6804389294931239,0.0
0.31442587217790335,-0.9391307614742216,0.39525650284181346,0.6855741278220966,0.0
0.2746940602067369,-1.0463302584738312,0.9467320053890095,0.7253059397932631,0.0
0.3350461778016147,-0.8953891463227761,-0.06852605864753769,0.6649538221983853,0.0
0.264801368558545,-1.1592470205314593,1.0761870215986713,0.7351986314414549,0.0
0.21170969435035258,-0.8055094493646033,0.84508051823888,0.7882903056496474,0.0
0.31789473545267627,-0.9156400535635285,-0.959957136763074,0.6821052645473238,0.0
0.3108911000873618,-0.9466290325112301,0.4747589934619,0.6891088999126382,0.0
0.2794446724601244,-0.9921060116742408,0.8845658520165354,0.7205553275398756,0.0
0.3422209573318866,-0.880169369723115,-0.22989794563084753,0.6577790426681134,0.0
0.2523162972846404,-1.30175361756723,1.2395657219180645,0.7476837027153596,0.0
0.21170969435035258,-0.8055094493646033,0.84508051823888,0.7882903056496474,0.0
0.31789473545267627,-0.9156400535635285,-0.959957136763074,0.6821052645473238,0.0
0.3017647667694094,-0.9659886175252682,0.6800243430859355,0.6982352332305906,0.0
0.2794446724601244,-0.9921060116742408,0.8845658520165354,0.7205553275398756,0.0
0.3422209573318866,-0.880169369723115,-0.22989794563084753,0.6577790426681134,0.0
0.2523162972846404,-1.30175361756723,1.2395657219180645,0.7476837027153596,0.0
0.21170969435035258,-0.8055094493646033,0.84508051823888,0.7882903056496474,0.0
0.31789473545267627,-0.9156400535635285,-0.959957136763074,0.6821052645473238,0.0
0.3017647667694094,-0.9659886175252682,0.6800243430859355,0.6982352332305906,0.0
0.2794446724601244,-0.9921060116742408,0.8845658520165354,0.7205553275398756,0.0
0.3422209573318866,-0.880169369723115,-0.22989794563084753,0.6577790426681134,0.0
0.2523162972846404,-1.30175361756723,1.2395657219180645,0.7476837027153596,0.0
0.21170969435035258,-0.8055094493646033,0.84508051823888,0.7882903056496474,0.0
0.313572686024878,-0.9410874712664523,-0.8149941462076546,0.686427313975122,0.0
0.3017647667694094,-0.9659886175252682,0.6800243430859355,0.6982352332305906,0.0
0.2717470193091385,-1.001113260415244,0.9551072022863709,0.7282529806908615,0.0
0.3422209573318866,-0.880169369723115,-0.22989794563084753,0.6577790426681134,0.0
0.2546515356238021,-1.3302920404697196,1.2622521055427773,0.7453484643761978,0.0
0.21170969435035258,-0.8055094493646033,0.84508051823888,0.7882903056496474,0.0
0.313572686024878,-0.9410874712664523,-0.8149941462076546,0.686427313975122,0.0
0.3035807473734122,-0.9621589844082816,0.4501002963132297,0.6964192526265878,0.0
0.2717470193091385,-1.001113260415244,0.9551072022863709,0.7282529806908615,0.0
0.3391865820366652,-0.8866217095649843,-0.2918703221603821,0.6608134179633348,0.0
0.2546515356238021,-1.3302920404697196,1.2622521055427773,0.7453484643761978,0.0
0.21170969435035258,-0.8055094493646033,0.84508051823888,0.7882903056496474,0.0
0.313572686024878,-0.9410874712664523,-0.8149941462076546,0.686427313975122,0.0
0.3124752293396914,-0.9432894666668822,0.26475302534099354,0.6875247706603086,0.0
0.2695240177610954,-1.0042693623632526,0.9927876798447108,0.7304759822389046,0.0
0.3391865820366652,-0.8866217095649843,-0.2918703221603821,0.6608134179633348,0.0
0.2546515356238021,-1.3302920404697196,1.2622521055427773,0.7453484643761978,0.0
0.222317486920702,-0.8223791650958969,0.7942116389279378,0.777682513079298,0.0
0.313572686024878,-0.9410874712664523,-0.8149941462076546,0.686427313975122,0.0
0.3064218920906387,-0.9561315360587499,0.3908952271735583,0.6935781079093613,0.0
0.2695240177610954,-1.0042693623632526,0.9927876798447108,0.7304759822389046,0.0
0.3391865820366652,-0.8866217095649843,-0.2918703221603821,0.6608134179633348,0.0
0.2546515356238021,-1.3302920404697196,1.2622521055427773,0.7453484643761978,0.0
0.20276734209480257,-0.7912883058496099,0.8879629025452052,0.7972326579051974,0.0
0.313572686024878,-0.9410874712664523,-0.8149941462076546,0.686427313975122,0.0
0.3064218920906387,-0.9561315360587499,0.3908952271735583,0.6935781079093613,0.0
0.2848594334500469,-0.9842624218509364,0.7426304247324779,0.7151405665499531,0.0
0.3391865820366652,-0.8866217095649843,-0.2918703221603821,0.6608134179633348,0.0
0.27754818577743434,-1.210122184518399,0.8413119270842223,0.7224518142225657,0.0
0.20276734209480257,-0.7912883058496099,0.8879629025452052,0.7972326579051974,0.0
0.313572686024878,-0.9410874712664523,-0.8149941462076546,0.686427313975122,0.0
0.3064218920906387,-0.9561315360587499,0.3908952271735583,0.6935781079093613,0.0
0.2695482930140137,-1.004237692302857,0.992391692493578,0.7304517069859864,0.0
0.3391865820366652,-0.8866217095649843,-0.2918703221603821,0.6608134179633348,0.0
0.2771185137198187,-1.321640061930945,0.8377636065624591,0.7228814862801813,0.0
0.20549723496821465,-0.8065779383840315,0.8862598973479231,0.7945027650317853,0.0
0.31298258740819374,-0.942342265563341,-0.8270459888786331,0.6870174125918063,0.0
0.29314408379150775,-0.9734540740429037,0.6074879916207626,0.7068559162084922,0.0
0.27838587036642387,-0.9927079830371311,0.8482296992902413,0.7216141296335761,0.0
0.3391865820366652,-0.8866217095649843,-0.2918703221603821,0.6608134179633348,0.0
0.2771185137198187,-1.321640061930945,0.8377636065624591,0.7228814862801813,0.0
0.20549723496821465,-0.8065779383840315,0.8862598973479231,0.7945027650317853,0.0
0.31298258740819374,-0.942342265563341,-0.8270459888786331,0.6870174125918063,0.0
0.29314408379150775,-0.9734540740429037,0.6074879916207626,0.7068559162084922,0.0
0.27838587036642387,-0.9927079830371311,0.8482296992902413,0.7216141296335761,0.0
0.3391865820366652,-0.8866217095649843,-0.2918703221603821,0.6608134179633348,0.0
0.2775131049771469,-1.2192271200538825,0.8410222225959422,0.7224868950228531,0.0
0.20549723496821465,-0.8065779383840315,0.8862598973479231,0.7945027650317853,0.0
0.31360948439981323,-0.9412288881536175,-0.8165992115851602,0.6863905156001868,0.0
0.30951501708981266,-1.0046236839333649,0.5554181644065318,0.6904849829101873,0.0
0.27838587036642387,-0.9927079830371311,0.8482296992902413,0.7216141296335761,0.0
0.34305306891273135,-0.888936689760254,-0.3259435309231823,0.6569469310872686,0.0
0.2775131049771469,-1.2192271200538825,0.8410222225959422,0.7224868950228531,0.0
0.21236953193374317,-0.819662520158554,0.8644016862710382,0.7876304680662568,0.0
0.31360948439981323,-0.9412288881536175,-0.8165992115851602,0.6863905156001868,0.0
0.30951501708981266,-1.0046236839333649,0.5554181644065318,0.6904849829101873,0.0
0.27838587036642387,-0.9927079830371311,0.8482296992902413,0.7216141296335761,0.0
0.3356290014258931,-0.9008500724612588,-0.1911434854859101,0.6643709985741069,0.0
0.27771343244572844,-1.1672337597976519,0.8426765681723928,0.7222865675542716,0.0
0.21236953193374317,-0.819662520158554,0.8644016862710382,0.7876304680662568,0.0
0.31360948439981323,-0.9412288881536175,-0.8165992115851602,0.6863905156001868,0.0
0.3103076595486069,-1.0005706893483368,0.5482583574340628,0.689692340451393,0.0
0.27838587036642387,-0.9927079830371311,0.8482296992902413,0.7216141296335761,0.0
0.3356290014258931,-0.9008500724612588,-0.1911434854859101,0.6643709985741069,0.0
0.27771343244572844,-1.1672337597976519,0.8426765681723928,0.7222865675542716,0.0
0.21236953193374317,-0.819662520158554,0.8644016862710382,0.7876304680662568,0.0
0.31360948439981323,-0.9412288881536175,-0.8165992115851602,0.6863905156001868,0.0
0.3103076595486069,-1.0005706893483368,0.5482583574340628,0.689692340451393,0.0
0.27838587036642387,-0.9927079830371311,0.8482296992902413,0.7216141296335761,0.0
0.3356290014258931,-0.9008500724612588,-0.1911434854859101,0.6643709985741069,0.0
0.2723892408941088,-1.191722473326331,0.9377158830320574,0.7276107591058911,0.0
0.21236953193374317,-0.819662520158554,0.8644016862710382,0.7876304680662568,0.0
0.31360948439981323,-0.9412288881536175,-0.8165992115851602,0.6863905156001868,0.0
0.3103076595486069,-1.0005706893483368,0.5482583574340628,0.689692340451393,0.0
0.2975159674769981,-1.0428527894290693,0.8435434096722695,0.702484032523002,0.0
0.3356290014258931,-0.9008500724612588,-0.1911434854859101,0.6643709985741069,0.0
0.27155132188834114,-1.1959465343094902,0.9463220927374587,0.7284486781116588,0.0
0.21236953193374317,-0.819662520158554,0.8644016862710382,0.7876304680662568,0.0
0.31751149751201885,-0.9340734783369397,-0.705764062864469,0.6824885024879812,0.0
0.3103076595486069,-1.0005706893483368,0.5482583574340628,0.689692340451393,0.0
0.2975159674769981,-1.0428527894290693,0.8435434096722695,0.702484032523002,0.0
0.3356290014258931,-0.9008500724612588,-0.1911434854859101,0.6643709985741069,0.0
0.2828605377200153,-1.1292646996809321,0.9015555926244262,0.7171394622799847,0.0
0.21236953193374317,-0.819662520158554,0.8644016862710382,0.7876304680662568,0.0
0.3151677746329412,-0.955983937047714,-0.2869843607415514,0.6848322253670588,0.0
0.31050461573169497,-0.9995778070737401,0.5462354337352757,0.689495384268305,0.0
0.2975159674769981,-1.0428527894290693,0.8435434096722695,0.702484032523002,0.0
0.36212268905397926,-0.8021390742570924,-0.9103901198512637,0.6378773109460207,0.0
0.2828605377200153,-1.1292646996809321,0.9015555926244262,0.7171394622799847,0.0
0.21236953193374317,-0.819662520158554,0.8644016862710382,0.7876304680662568,0.0
0.32865672059874784,-0.9117882427974475,-0.4660728907301374,0.6713432794012522,0.0
0.3070207779609694,-1.0159215641215271,0.5910145647200467,0.6929792220390306,0.0
0.2975159674769981,-1.0428527894290693,0.8435434096722695,0.702484032523002,0.0
0.3624410361176105,-0.8008252128422862,-0.9176675856696653,0.6375589638823895,0.0
0.2828605377200153,-1.1292646996809321,0.9015555926244262,0.7171394622799847,0.0
0.21236953193374317,-0.819662520158554,0.8644016862710382,0.7876304680662568,0.0
0.323086477695021,-0.907375352102684,-0.40234216805801903,0.6769135223049789,0.0
0.3070207779609694,-1.0159215641215271,0.5910145647200467,0.6929792220390306,0.0
0.26470761666896075,-0.9568538324034694,0.8515804537544711,0.7352923833310392,0.0
0.3624410361176105,-0.8008252128422862,-0.9176675856696653,0.6375589638823895,0.0
0.2828605377200153,-1.1292646996809321,0.9015555926244262,0.7171394622799847,0.0
0.21236953193374317,-0.819662520158554,0.8644016862710382,0.7876304680662568,0.0
0.332553602766172,-0.8434117163947421,-0.9877030664412594,0.667446397233828,0.0
0.31520076514019935,-0.9775467223781058,0.4858739865822195,0.6847992348598007,0.0
0.26470761666896075,-0.9568538324034694,0.8515804537544711,0.7352923833310392,0.0
0.3624410361176105,-0.8008252128422862,-0.9176675856696653,0.6375589638823895,0.0
0.2828605377200153,-1.1292646996809321,0.9015555926244262,0.7171394622799847,0.0
0.21236953193374317,-0.819662520158554,0.8644016862710382,0.7876304680662568,0.0
0.332553602766172,-0.8434117163947421,-0.9877030664412594,0.667446397233828,0.0
0.3405013653976734,-0.8588538064088251,0.16067546487068474,0.6594986346023266,0.0
0.285203176124621,-1.0105778597755235,0.8465596675589586,0.714796823875379,0.0
0.34327212801763024,-0.803231336608156,-0.6900406135312576,0.6567278719823697,0.0
0.290661456821523,-1.1635269651879294,0.9056672465089877,0.709338543178477,0.0
0.21236953193374317,-0.819662520158554,0.8644016862710382,0.7876304680662568,0.0
0.3354664544737697,-0.8490712359793,-0.566822811079551,0.6645335455262302,0.0
0.3394777150419008,-0.8568649069323692,0.01276741242334356,0.6605222849580992,0.0
0.285203176124621,-1.0105778597755235,0.8465596675589586,0.714796823875379,0.0
0.34400327970538347,-0.7885536221122109,-0.9145284466073704,0.6559967202946165,0.0
0.29800543261651685,-1.1119015237156393,0.655067015963751,0.7019945673834831,0.0
0.21236953193374317,-0.819662520158554,0.8644016862710382,0.7876304680662568,0.0
0.3354664544737697,-0.8490712359793,-0.566822811079551,0.6645335455262302,0.0
0.3394777150419008,-0.8568649069323692,0.01276741242334356,0.6605222849580992,0.0
0.285203176124621,-1.0105778597755235,0.8465596675589586,0.714796823875379,0.0
0.3731327960240187,-0.5837838649938758,-1.9085218513919142,0.6268672039759813,0.0
0.3038537403273218,-1.0707900772914944,0.455503822737235,0.6961462596726782,0.0
0.21236953193374317,-0.819662520158554,0.8644016862710382,0.7876304680662568,0.0
0.3364785178697443,-0.8419704976549416,-0.5998339225376554,0.6635214821302557,0.0
0.3394777150419008,-0.8568649069323692,0.01276741242334356,0.6605222849580992,0.0
0.2664724364915814,-0.9614798699928475,0.8511481267900791,0.7335275635084186,0.0
0.3731327960240187,-0.5837838649938758,-1.9085218513919142,0.6268672039759813,0.0
0.3038537403273218,-1.0707900772914944,0.455503822737235,0.6961462596726782,0.0
0.21236953193374317,-0.819662520158554,0.8644016862710382,0.7876304680662568,0.0
0.3364785178697443,-0.8419704976549416,-0.5998339225376554,0.6635214821302557,0.0
0.3652622761447936,-0.702026299764982,-0.3076843090838054,0.6347377238552063,0.0
0.2875449083720542,-0.9312834799352551,0.6091552958683151,0.7124550916279457,0.0
0.3731327960240187,-0.5837838649938758,-1.9085218513919142,0.6268672039759813,0.0
0.3038537403273218,-1.0707900772914944,0.455503822737235,0.6961462596726782,0.0
0.21236953193374317,-0.819662520158554,0.8644016862710382,0.7876304680662568,0.0
0.3364785178697443,-0.8419704976549416,-0.5998339225376554,0.6635214821302557,0.0
0.35188030593115677,-0.7415015527775666,-0.14981586042469552,0.6481196940688432,0.0
0.2875449083720542,-0.9312834799352551,0.6091552958683151,0.7124550916279457,0.0
0.37094585175676054,-0.6166393330998502,-1.463704667815085,0.6290541482432395,0.0
0.3038537403273218,-1.0707900772914944,0.455503822737235,0.6961462596726782,0.0
0.21533615294227246,-0.8240673811643049,0.8543289824151239,0.7846638470577275,0.0
0.33018732671594736,-0.841040749187849,-0.5243160241600253,0.6698126732840526,0.0
0.35188030593115677,-0.7415015527775666,-0.14981586042469552,0.6481196940688432,0.0
0.25302486160203663,-1.0331135960166713,1.0163917598733805,0.7469751383979634,0.0
0.3846079821152609,-0.5241595089094652,-1.8545177757114266,0.6153920178847391,0.0
0.3038537403273218,-1.0707900772914944,0.455503822737235,0.6961462596726782,0.0
0.21533615294227246,-0.8240673811643049,0.8543289824151239,0.7846638470577275,0.0
0.32010346908897525,-0.8873109767553358,-0.698400288701112,0.6798965309110248,0.0
0.35188030593115677,-0.7415015527775666,-0.14981586042469552,0.6481196940688432,0.0
0.25302486160203663,-1.0331135960166713,1.0163917598733805,0.7469751383979634,0.0
0.3846079821152609,-0.5241595089094652,-1.8545177757114266,0.6153920178847391,0.0
0.3038537403273218,-1.0707900772914944,0.455503822737235,0.6961462596726782,0.0
0.21533615294227246,-0.8240673811643049,0.8543289824151239,0.7846638470577275,0.0
0.32010346908897525,-0.8873109767553358,-0.698400288701112,0.6798965309110248,0.0
0.36176001290087373,-0.675891159496447,-0.6644248201017131,0.6382399870991262,0.0
0.25302486160203663,-1.0331135960166713,1.0163917598733805,0.7469751383979634,0.0
0.3846079821152609,-0.5241595089094652,-1.8545177757114266,0.6153920178847391,0.0
0.3038537403273218,-1.0707900772914944,0.455503822737235,0.6961462596726782,0.0
0.21533615294227246,-0.8240673811643049,0.8543289824151239,0.7846638470577275,0.0
0.32010346908897525,-0.8873109767553358,-0.698400288701112,0.6798965309110248,0.0
0.3674609082528236,-0.6469573559873563,-0.6597751162786295,0.6325390917471764,0.0
0.25302486160203663,-1.0331135960166713,1.0163917598733805,0.7469751383979634,0.0
0.3903046997849858,-0.49208777800869774,-1.9566203202860317,0.6096953002150143,0.0
0.2992401798832024,-1.122882757296948,0.7831158366313682,0.7007598201167976,0.0
0.21533615294227246,-0.8240673811643049,0.8543289824151239,0.7846638470577275,0.0
0.3220920121963813,-0.8648579188565952,-0.8396080652163127,0.6779079878036187,0.0
0.3674609082528236,-0.6469573559873563,-0.6597751162786295,0.6325390917471764,0.0
0.25302486160203663,-1.0331135960166713,1.0163917598733805,0.7469751383979634,0.0
0.3903046997849858,-0.49208777800869774,-1.9566203202860317,0.6096953002150143,0.0
0.2992401798832024,-1.122882757296948,0.7831158366313682,0.7007598201167976,0.0
0.21533615294227246,-0.8240673811643049,0.8543289824151239,0.7846638470577275,0.0
0.3320036036285595,-0.810692843929726,-1.001914660783391,0.6679963963714405,0.0
0.3620730438933725,-0.6728345268827409,-0.681131499626175,0.6379269561066274,0.0
0.25302486160203663,-1.0331135960166713,1.0163917598733805,0.7469751383979634,0.0
0.3874241714059485,-0.50782935054497,-1.9094504225117899,0.6125758285940515,0.0
0.2992401798832024,-1.122882757296948,0.7831158366313682,0.7007598201167976,0.0
0.21533615294227246,-0.8240673811643049,0.8543289824151239,0.7846638470577275,0.0
0.3320036036285595,-0.810692843929726,-1.001914660783391,0.6679963963714405,0.0
0.3620730438933725,-0.6728345268827409,-0.681131499626175,0.6379269561066274,0.0
0.25302486160203663,-1.0331135960166713,1.0163917598733805,0.7469751383979634,0.0
0.3874241714059485,-0.50782935054497,-1.9094504225117899,0.6125758285940515,0.0
0.2992401798832024,-1.122882757296948,0.7831158366313682,0.7007598201167976,0.0
0.21533615294227246,-0.8240673811643049,0.8543289824151239,0.7846638470577275,0.0
0.32156255255829863,-0.9101815559282516,-0.43306096800893457,0.6784374474417014,0.0
0.3620730438933725,-0.6728345268827409,-0.681131499626175,0.6379269561066274,0.0
0.25302486160203663,-1.0331135960166713,1.0163917598733805,0.7469751383979634,0.0
0.38474126786413787,-0.5224909386822645,-1.8655167169019695,0.6152587321358621,0.0
0.2992401798832024,-1.122882757296948,0.7831158366313682,0.7007598201167976,0.0
0.21533615294227246,-0.8240673811643049,0.8543289824151239,0.7846638470577275,0.0
0.32156255255829863,-0.9101815559282516,-0.43306096800893457,0.6784374474417014,0.0
0.36036936216761545,-0.6745904087779042,-0.6633041083892455,0.6396306378323846,0.0
0.25302486160203663,-1.0331135960166713,1.0163917598733805,0.7469751383979634,0.0
0.38474126786413787,-0.5224909386822645,-1.8655167169019695,0.6152587321358621,0.0
0.2992401798832024,-1.122882757296948,0.7831158366313682,0.7007598201167976,0.0
0.21533615294227246,-0.8240673811643049,0.8543289824151239,0.7846638470577275,0.0
0.32156255255829863,-0.9101815559282516,-0.43306096800893457,0.6784374474417014,0.0
0.3660931304390064,-0.6388696846019111,-0.9456450328025997,0.6339068695609936,0.0
0.2516390900050054,-1.0384857922025175,1.0467119532774725,0.7483609099949946,0.0
0.38474126786413787,-0.5224909386822645,-1.8655167169019695,0.6152587321358621,0.0
0.2992401798832024,-1.122882757296948,0.7831158366313682,0.7007598201167976,0.0
0.2089935766552412,-0.786605808096434,0.8207172758220294,0.7910064233447588,0.0
0.3109033270086081,-0.975125119843441,-0.31036439814968886,0.6890966729913919,0.0
0.3660931304390064,-0.6388696846019111,-0.9456450328025997,0.6339068695609936,0.0
0.24287760940010739,-0.9867372863888415,1.0002815593671834,0.7571223905998926,0.0
0.38474126786413787,-0.5224909386822645,-1.8655167169019695,0.6152587321358621,0.0
0.2992401798832024,-1.122882757296948,0.7831158366313682,0.7007598201167976,0.0
0.2089935766552412,-0.786605808096434,0.8207172758220294,0.7910064233447588,0.0
0.3157178753151544,-0.9679725754265435,-0.42871745465443656,0.6842821246848456,0.0
0.34782539652422717,-0.752874419516117,-0.044537818833823906,0.6521746034757728,0.0
0.2549782392700133,-1.0582080278548331,1.0644073660382902,0.7450217607299867,0.0
0.38474126786413787,-0.5224909386822645,-1.8655167169019695,0.6152587321358621,0.0
0.2992401798832024,-1.122882757296948,0.7831158366313682,0.7007598201167976,0.0
0.2089935766552412,-0.786605808096434,0.8207172758220294,0.7910064233447588,0.0
0.31219165723755604,-1.0011232721347882,-0.1693857734484977,0.687808342762444,0.0
0.34782539652422717,-0.752874419516117,-0.044537818833823906,0.6521746034757728,0.0
0.2549782392700133,-1.0582080278548331,1.0644073660382902,0.7450217607299867,0.0
0.38474126786413787,-0.5224909386822645,-1.8655167169019695,0.6152587321358621,0.0
0.29815983009038394,-1.133039346461998,0.8625689282713825,0.7018401699096161,0.0
0.2089935766552412,-0.786605808096434,0.8207172758220294,0.7910064233447588,0.0
0.31219165723755604,-1.0011232721347882,-0.1693857734484977,0.687808342762444,0.0
0.34782539652422717,-0.752874419516117,-0.044537818833823906,0.6521746034757728,0.0
0.2549782392700133,-1.0582080278548331,1.0644073660382902,0.7450217607299867,0.0
0.38474126786413787,-0.5224909386822645,-1.8655167169019695,0.6152587321358621,0.0
0.29815983009038394,-1.133039346461998,0.8625689282713825,0.7018401699096161,0.0
0.2089935766552412,-0.786605808096434,0.8207172758220294,0.7910064233447588,0.0
0.31315199186383474,-1.003119516129784,-0.17859941614837527,0.6868480081361652,0.0
0.34782539652422717,-0.752874419516117,-0.044537818833823906,0.6521746034757728,0.0
0.2549782392700133,-1.0582080278548331,1.0644073660382902,0.7450217607299867,0.0
0.38474126786413787,-0.5224909386822645,-1.8655167169019695,0.6152587321358621,0.0
0.29815983009038394,-1.133039346461998,0.8625689282713825,0.7018401699096161,0.0
0.2089935766552412,-0.786605808096434,0.8207172758220294,0.7910064233447588,0.0
0.32811140993216037,-0.8951543175443497,-0.12076017305187113,0.6718885900678396,0.0
0.34782539652422717,-0.752874419516117,-0.044537818833823906,0.6521746034757728,0.0
0.25525099684282365,-1.0586807017060211,1.063132448617713,0.7447490031571764,0.0
0.38474126786413787,-0.5224909386822645,-1.8655167169019695,0.6152587321358621,0.0
0.2708447638022,-1.0269133772713273,0.8497481511625222,0.7291552361978,0.0
0.2089935766552412,-0.786605808096434,0.8207172758220294,0.7910064233447588,0.0
0.32811140993216037,-0.8951543175443497,-0.12076017305187113,0.6718885900678396,0.0
0.34782539652422717,-0.752874419516117,-0.044537818833823906,0.6521746034757728,0.0
0.2736665049025103,-1.0905937629144364,0.9770550877137787,0.7263334950974897,0.0
0.38474126786413787,-0.5224909386822645,-1.8655167169019695,0.6152587321358621,0.0
0.2708447638022,-1.0269133772713273,0.8497481511625222,0.7291552361978,0.0
0.2089935766552412,-0.786605808096434,0.8207172758220294,0.7910064233447588,0.0
0.323064725103821,-0.9315772804698548,-0.14027272556457926,0.676935274896179,0.0
0.34782539652422717,-0.752874419516117,-0.044537818833823906,0.6521746034757728,0.0
0.2736665049025103,-1.0905937629144364,0.9770550877137787,0.7263334950974897,0.0
0.38474126786413787,-0.5224909386822645,-1.8655167169019695,0.6152587321358621,0.0
0.2708447638022,-1.0269133772713273,0.8497481511625222,0.7291552361978,0.0
0.2089935766552412,-0.786605808096434,0.8207172758220294,0.7910064233447588,0.0
0.2880541674935531,-1.1637942676052504,0.8390583368981044,0.7119458325064469,0.0
0.37271743381731903,-0.6395161652780281,-0.38744381664534155,0.627282566182681,0.0
0.2736665049025103,-1.0905937629144364,0.9770550877137787,0.7263334950974897,0.0
0.38474126786413787,-0.5224909386822645,-1.8655167169019695,0.6152587321358621,0.0
0.2591670236437428,-1.0573467747441119,0.9612247434640375,0.7408329763562572,0.0
0.2089935766552412,-0.786605808096434,0.8207172758220294,0.7910064233447588,0.0
0.2831535321706276,-1.1248153849992852,0.8421024215345779,0.7168464678293724,0.0
0.37271743381731903,-0.6395161652780281,-0.38744381664534155,0.627282566182681,0.0
0.3101336635276051,-0.9245224450030072,0.4746933377111221,0.6898663364723949,0.0
0.38474126786413787,-0.5224909386822645,-1.8655167169019695,0.6152587321358621,0.0
0.26771652158720105,-1.1034807255985288,0.9851670551397965,0.732283478412799,0.0
0.2089935766552412,-0.786605808096434,0.8207172758220294,0.7910064233447588,0.0
0.2961585065574409,-1.1613954294563171,0.7775168340217483,0.7038414934425591,0.0
0.37271743381731903,-0.6395161652780281,-0.38744381664534155,0.627282566182681,0.0
0.2639848648901565,-1.1346839190169518,1.1104267515032045,0.7360151351098435,0.0
0.3472528505419584,-0.7928767092976752,-0.7469791674740606,0.6527471494580416,0.0
0.26771652158720105,-1.1034807255985288,0.9851670551397965,0.732283478412799,0.0
0.2089935766552412,-0.786605808096434,0.8207172758220294,0.7910064233447588,0.0
0.2899904959680017,-1.14883588035829,0.8225484576617882,0.7100095040319983,0.0
0.37271743381731903,-0.6395161652780281,-0.38744381664534155,0.627282566182681,0.0
0.2639848648901565,-1.1346839190169518,1.1104267515032045,0.7360151351098435,0.0
0.3125359698728099,-0.935386222633332,0.027428176939805926,0.6874640301271902,0.0
0.2636549410202392,-1.0952103733015188,1.0148199820962265,0.7363450589797609,0.0
0.2089935766552412,-0.786605808096434,0.8207172758220294,0.7910064233447588,0.0
0.2899904959680017,-1.14883588035829,0.8225484576617882,0.7100095040319983,0.0
0.37271743381731903,-0.6395161652780281,-0.38744381664534155,0.627282566182681,0.0
0.2639848648901565,-1.1346839190169518,1.1104267515032045,0.7360151351098435,0.0
0.3193268844339035,-0.9020000577082257,-0.019386241945468674,0.6806731155660966,0.0
0.2636549410202392,-1.0952103733015188,1.0148199820962265,0.7363450589797609,0.0
0.2089935766552412,-0.786605808096434,0.8207172758220294,0.7910064233447588,0.0
0.2899904959680017,-1.14883588035829,0.8225484576617882,0.7100095040319983,0.0
0.39013096311270856,-0.5667574721870808,-0.6113371195857296,0.6098690368872914,0.0
0.2639848648901565,-1.1346839190169518,1.1104267515032045,0.7360151351098435,0.0
0.3193268844339035,-0.9020000577082257,-0.019386241945468674,0.6806731155660966,0.0
0.26600925529371133,-1.0853733766331553,0.9845495418020269,0.7339907447062887,0.0
0.22412649966198617,-0.8774665634577257,0.8865307339148898,0.7758735003380138,0.0
0.2899904959680017,-1.14883588035829,0.8225484576617882,0.7100095040319983,0.0
0.39013096311270856,-0.5667574721870808,-0.6113371195857296,0.6098690368872914,0.0
0.26726338004603994,-1.1364680487542447,1.0741340983242162,0.73273661995396,0.0
0.35248396020733613,-0.7869279283461443,-0.63533840803223,0.6475160397926638,0.0
0.26600925529371133,-1.0853733766331553,0.9845495418020269,0.7339907447062887,0.0
0.22412649966198617,-0.8774665634577257,0.8865307339148898,0.7758735003380138,0.0
0.2899904959680017,-1.14883588035829,0.8225484576617882,0.7100095040319983,0.0
0.38021933867119534,-0.6127155445634841,-0.4753715760148214,0.6197806613288046,0.0
0.26726338004603994,-1.1364680487542447,1.0741340983242162,0.73273661995396,0.0
0.34031948742116436,-0.7955083003652904,-0.49111043964865764,0.6596805125788356,0.0
0.26652242686904,-1.1062806534687297,1.021206379895886,0.73347757313096,0.0
0.22412649966198617,-0.8774665634577257,0.8865307339148898,0.7758735003380138,0.0
0.2899904959680017,-1.14883588035829,0.8225484576617882,0.7100095040319983,0.0
0.38021933867119534,-0.6127155445634841,-0.4753715760148214,0.6197806613288046,0.0
0.3081320813997049,-0.9457299622178461,0.1985124170402468,0.6918679186002952,0.0
0.36527341099549127,-0.6790459838127285,-1.0257542083776672,0.6347265890045087,0.0
0.26652242686904,-1.1062806534687297,1.021206379895886,0.73347757313096,0.0
0.22412649966198617,-0.8774665634577257,0.8865307339148898,0.7758735003380138,0.0
0.2739408160832986,-1.3285216625692664,1.3746269254560455,0.7260591839167014,0.0
0.38021933867119534,-0.6127155445634841,-0.4753715760148214,0.6197806613288046,0.0
0.3081320813997049,-0.9457299622178461,0.1985124170402468,0.6918679186002952,0.0
0.36527341099549127,-0.6790459838127285,-1.0257542083776672,0.6347265890045087,0.0
0.26652242686904,-1.1062806534687297,1.021206379895886,0.73347757313096,0.0
0.22412649966198617,-0.8774665634577257,0.8865307339148898,0.7758735003380138,0.0
0.2739408160832986,-1.3285216625692664,1.3746269254560455,0.7260591839167014,0.0
0.38168973010837837,-0.6058988122666674,-0.49524792771338766,0.6183102698916216,0.0
0.27012113589325126,-1.1231306324911656,1.012905997191761,0.7298788641067487,0.0
0.35996512170288986,-0.7167937867155464,-0.8862430351416279,0.6400348782971101,0.0
0.26652242686904,-1.1062806534687297,1.021206379895886,0.73347757313096,0.0
0.22412649966198617,-0.8774665634577257,0.8865307339148898,0.7758735003380138,0.0
0.26277656635066027,-1.2274324149106006,1.2652361284444504,0.7372234336493397,0.0
0.33058370441556845,-0.8279455782619067,0.17768571427346136,0.6694162955844316,0.0
0.27012113589325126,-1.1231306324911656,1.012905997191761,0.7298788641067487,0.0
0.35996512170288986,-0.7167937867155464,-0.8862430351416279,0.6400348782971101,0.0
0.26652242686904,-1.1062806534687297,1.021206379895886,0.73347757313096,0.0
0.21862735281566237,-0.8480948170721765,0.8714212301238815,0.7813726471843376,0.0
0.26277656635066027,-1.2274324149106006,1.2652361284444504,0.7372234336493397,0.0
0.33058370441556845,-0.8279455782619067,0.17768571427346136,0.6694162955844316,0.0
0.27012113589325126,-1.1231306324911656,1.012905997191761,0.7298788641067487,0.0
0.35996512170288986,-0.7167937867155464,-0.8862430351416279,0.6400348782971101,0.0
0.2665585838960187,-1.1053504149031717,1.0192568228889658,0.7334414161039813,0.0
0.21862735281566237,-0.8480948170721765,0.8714212301238815,0.7813726471843376,0.0
0.26062680903822755,-1.2579615722908501,1.3390932199542978,0.7393731909617725,0.0
0.3891608745261733,-0.46787928462999895,-0.7947983369561091,0.6108391254738267,0.0
0.27012113589325126,-1.1231306324911656,1.012905997191761,0.7298788641067487,0.0
0.35996512170288986,-0.7167937867155464,-0.8862430351416279,0.6400348782971101,0.0
0.2646840358523863,-1.1535782983572775,1.1203309038807228,0.7353159641476137,0.0
0.21862735281566237,-0.8480948170721765,0.8714212301238815,0.7813726471843376,0.0
0.26062680903822755,-1.2579615722908501,1.3390932199542978,0.7393731909617725,0.0
0.3891608745261733,-0.46787928462999895,-0.7947983369561091,0.6108391254738267,0.0
0.27012113589325126,-1.1231306324911656,1.012905997191761,0.7298788641067487,0.0
0.35996512170288986,-0.7167937867155464,-0.8862430351416279,0.6400348782971101,0.0
0.2646840358523863,-1.1535782983572775,1.1203309038807228,0.7353159641476137,0.0
0.2030624227356284,-0.7448561834298746,0.7873018056924672,0.7969375772643716,0.0
0.26062680903822755,-1.2579615722908501,1.3390932199542978,0.7393731909617725,0.0
0.39075432889783296,-0.4591081537725552,-0.818996091479063,0.609245671102167,0.0
0.27579802090606165,-1.0425119901061122,0.8178708583613468,0.7242019790939384,0.0
0.35996512170288986,-0.7167937867155464,-0.8862430351416279,0.6400348782971101,0.0
0.2640560238920206,-1.1697356263783891,1.1541927896624258,0.7359439761079793,0.0
0.2030624227356284,-0.7448561834298746,0.7873018056924672,0.7969375772643716,0.0
0.26156484590565393,-1.2338280042707788,1.2885150474536942,0.7384351540943461,0.0
0.39075432889783296,-0.4591081537725552,-0.818996091479063,0.609245671102167,0.0
0.28437901986674885,-1.0776280025123945,0.8214772493965342,0.7156209801332511,0.0
0.35996512170288986,-0.7167937867155464,-0.8862430351416279,0.6400348782971101,0.0
0.2640560238920206,-1.1697356263783891,1.1541927896624258,0.7359439761079793,0.0
0.2030624227356284,-0.7448561834298746,0.7873018056924672,0.7969375772643716,0.0
0.26156484590565393,-1.2338280042707788,1.2885150474536942,0.7384351540943461,0.0
0.39075432889783296,-0.4591081537725552,-0.818996091479063,0.609245671102167,0.0
0.2992210064903514,-1.0103613395139444,0.5784934096008821,0.7007789935096487,0.0
0.35996512170288986,-0.7167937867155464,-0.8862430351416279,0.6400348782971101,0.0
0.2640560238920206,-1.1697356263783891,1.1541927896624258,0.7359439761079793,0.0
0.21110512331145748,-0.7670630253813925,0.7698370787600549,0.7888948766885425,0.0
0.26156484590565393,-1.2338280042707788,1.2885150474536942,0.7384351540943461,0.0
0.3483597417277561,-0.7133388192542353,-0.12739904640998656,0.6516402582722439,0.0
0.2992210064903514,-1.0103613395139444,0.5784934096008821,0.7007789935096487,0.0
0.3528985434842144,-0.7509455406271222,-0.7158450530440791,0.6471014565157855,0.0
0.2640560238920206,-1.1697356263783891,1.1541927896624258,0.7359439761079793,0.0
0.21110512331145748,-0.7670630253813925,0.7698370787600549,0.7888948766885425,0.0
0.26156484590565393,-1.2338280042707788,1.2885150474536942,0.7384351540943461,0.0
0.3629725566885936,-0.6250106376926381,-0.3373164525479869,0.6370274433114065,0.0
0.29798189342904835,-1.0178512450350532,0.5962936349809712,0.7020181065709516,0.0
0.3528985434842144,-0.7509455406271222,-0.7158450530440791,0.6471014565157855,0.0
0.2640560238920206,-1.1697356263783891,1.1541927896624258,0.7359439761079793,0.0
0.21110512331145748,-0.7670630253813925,0.7698370787600549,0.7888948766885425,0.0
0.26156484590565393,-1.2338280042707788,1.2885150474536942,0.7384351540943461,0.0
0.34071923710660046,-0.7595223835577812,-0.017640939162560487,0.6592807628933995,0.0
0.3093566960550154,-1.050687024905977,0.5735715377236057,0.6906433039449846,0.0
0.34088491849052094,-0.8144617344093332,-0.4522005139736014,0.6591150815094791,0.0
0.2640560238920206,-1.1697356263783891,1.1541927896624258,0.7359439761079793,0.0
0.21110512331145748,-0.7670630253813925,0.7698370787600549,0.7888948766885425,0.0
0.26156484590565393,-1.2338280042707788,1.2885150474536942,0.7384351540943461,0.0
0.3638092536946687,-0.545158490417528,-0.4529087918509376,0.6361907463053313,0.0
0.3093566960550154,-1.050687024905977,0.5735715377236057,0.6906433039449846,0.0
0.36859964953718527,-0.6679335858525172,-1.0604130639820957,0.6314003504628147,0.0
0.2604657397705509,-1.1424328037699079,1.1281319259052653,0.7395342602294491,0.0
0.21110512331145748,-0.7670630253813925,0.7698370787600549,0.7888948766885425,0.0
0.26156484590565393,-1.2338280042707788,1.2885150474536942,0.7384351540943461,0.0
0.3638092536946687,-0.545158490417528,-0.4529087918509376,0.6361907463053313,0.0
0.30733507119287395,-1.05843400176508,0.6038140909995297,0.692664928807126,0.0
0.36859964953718527,-0.6679335858525172,-1.0604130639820957,0.6314003504628147,0.0
0.2630469643558009,-1.1275146044246105,1.0886420632521505,0.7369530356441991,0.0
0.21110512331145748,-0.7670630253813925,0.7698370787600549,0.7888948766885425,0.0
0.26253054062058373,-1.2301274093930552,1.2740687105434891,0.7374694593794162,0.0
0.36565928034699635,-0.5326463768878683,-0.48445495106272385,0.6343407196530036,0.0
0.30733507119287395,-1.05843400176508,0.6038140909995297,0.692664928807126,0.0
0.36859964953718527,-0.6679335858525172,-1.0604130639820957,0.6314003504628147,0.0
0.23914890656528773,-1.2660573820833176,1.4550109829577174,0.7608510934347122,0.0
0.21110512331145748,-0.7670630253813925,0.7698370787600549,0.7888948766885425,0.0
0.29706487537374837,-1.0470864665906052,0.5140003371962891,0.7029351246262516,0.0
0.3670593426807998,-0.5970636365125453,-0.7586984924647867,0.6329406573192002,0.0
0.28423969539602567,-1.128758238637052,0.8921234893100815,0.7157603046039743,0.0
0.36859964953718527,-0.6679335858525172,-1.0604130639820957,0.6314003504628147,0.0
0.22558383304808935,-1.2730050656810958,1.5485152167477618,0.7744161669519106,0.0
0.21110512331145748,-0.7670630253813925,0.7698370787600549,0.7888948766885425,0.0
0.29706487537374837,-1.0470864665906052,0.5140003371962891,0.7029351246262516,0.0
0.3670593426807998,-0.5970636365125453,-0.7586984924647867,0.6329406573192002,0.0
0.264908293033741,-1.2528640833792006,1.277451186353547,0.735091706966259,0.0
0.36859964953718527,-0.6679335858525172,-1.0604130639820957,0.6314003504628147,0.0
0.22558383304808935,-1.2730050656810958,1.5485152167477618,0.7744161669519106,0.0
0.21110512331145748,-0.7670630253813925,0.7698370787600549,0.7888948766885425,0.0
0.29706487537374837,-1.0470864665906052,0.5140003371962891,0.7029351246262516,0.0
0.3670593426807998,-0.5970636365125453,-0.7586984924647867,0.6329406573192002,0.0
0.264908293033741,-1.2528640833792006,1.277451186353547,0.735091706966259,0.0
0.3683379120437984,-0.6558909705646591,-1.009144048759665,0.6316620879562016,0.0
0.22604403457200808,-1.272769362234642,1.545343041467733,0.7739559654279919,0.0
0.21110512331145748,-0.7670630253813925,0.7698370787600549,0.7888948766885425,0.0
0.23543147084289204,-1.4432139736207068,1.6602206714943342,0.7645685291571079,0.0
0.3887881201335456,-0.4575668617597558,-1.1918124289773053,0.6112118798664544,0.0
0.26453643032675395,-1.2530545419437402,1.2800144409830065,0.7354635696732461,0.0
0.3683379120437984,-0.6558909705646591,-1.009144048759665,0.6316620879562016,0.0
0.22604403457200808,-1.272769362234642,1.545343041467733,0.7739559654279919,0.0
0.21110512331145748,-0.7670630253813925,0.7698370787600549,0.7888948766885425,0.0
0.23543147084289204,-1.4432139736207068,1.6602206714943342,0.7645685291571079,0.0
0.3887881201335456,-0.4575668617597558,-1.1918124289773053,0.6112118798664544,0.0
0.26453643032675395,-1.2530545419437402,1.2800144409830065,0.7354635696732461,0.0
0.3683379120437984,-0.6558909705646591,-1.009144048759665,0.6316620879562016,0.0
0.24662689541022143,-1.2622273475187098,1.4034651054989982,0.7533731045897786,0.0
0.21110512331145748,-0.7670630253813925,0.7698370787600549,0.7888948766885425,0.0
0.24619797452956954,-1.37943440102501,1.4439803986977922,0.7538020254704305,0.0
0.39744732262130456,-0.37359076680710857,-1.2691594410699854,0.6025526773786954,0.0
0.2681263746418374,-1.2512158643130424,1.2552689066440128,0.7318736253581626,0.0
0.3683379120437984,-0.6558909705646591,-1.009144048759665,0.6316620879562016,0.0
0.24669541763864403,-1.2435029420272092,1.3969925873717468,0.753304582361356,0.0
0.21110512331145748,-0.7670630253813925,0.7698370787600549,0.7888948766885425,0.0
0.24619797452956954,-1.37943440102501,1.4439803986977922,0.7538020254704305,0.0
0.39744732262130456,-0.37359076680710857,-1.2691594410699854,0.6025526773786954,0.0
0.25178219522948847,-1.112441623519049,1.1161280652508532,0.7482178047705115,0.0
0.3767789614247655,-0.6138395980520589,-1.1764662318401116,0.6232210385752345,0.0
0.24669541763864403,-1.2435029420272092,1.3969925873717468,0.753304582361356,0.0
0.21110512331145748,-0.7670630253813925,0.7698370787600549,0.7888948766885425,0.0
0.24642421250772226,-1.3176125406152301,1.4226102616141694,0.7535757874922777,0.0
0.419235334582596,-0.26307638637926023,-1.625941284805614,0.580764665417404,0.0
0.25178219522948847,-1.112441623519049,1.1161280652508532,0.7482178047705115,0.0
0.3767789614247655,-0.6138395980520589,-1.1764662318401116,0.6232210385752345,0.0
0.24377949113068817,-1.3186320716147577,1.5579943788931079,0.7562205088693118,0.0
0.21110512331145748,-0.7670630253813925,0.7698370787600549,0.7888948766885425,0.0
0.24642421250772226,-1.3176125406152301,1.4226102616141694,0.7535757874922777,0.0
0.4128160837659908,-0.3022482405281266,-1.5126996324810646,0.5871839162340091,0.0
0.25178219522948847,-1.112441623519049,1.1161280652508532,0.7482178047705115,0.0
0.39032823663317273,-0.4966871513145646,-1.302883619899183,0.6096717633668273,0.0
0.2669280741945541,-1.1887990921767377,1.1060951028975508,0.7330719258054459,0.0
0.21110512331145748,-0.7670630253813925,0.7698370787600549,0.7888948766885425,0.0
0.24348733948605975,-1.430072950164834,1.5906024595850103,0.7565126605139403,0.0
0.4128160837659908,-0.3022482405281266,-1.5126996324810646,0.5871839162340091,0.0
0.2545557890853995,-1.0062335925080779,0.9574756057484847,0.7454442109146004,0.0
0.39032823663317273,-0.4966871513145646,-1.302883619899183,0.6096717633668273,0.0
0.2756205332922002,-1.0993282130437216,0.9264266567976854,0.7243794667077998,0.0
0.21110512331145748,-0.7670630253813925,0.7698370787600549,0.7888948766885425,0.0
0.24348733948605975,-1.430072950164834,1.5906024595850103,0.7565126605139403,0.0
0.37231104892157174,-0.5720345627293361,-0.7703604631543775,0.6276889510784283,0.0
0.2545557890853995,-1.0062335925080779,0.9574756057484847,0.7454442109146004,0.0
0.39032823663317273,-0.4966871513145646,-1.302883619899183,0.6096717633668273,0.0
0.27788110583313325,-1.1093187043036874,0.9230946248141046,0.7221188941668668,0.0
0.21110512331145748,-0.7670630253813925,0.7698370787600549,0.7888948766885425,0.0
0.24348733948605975,-1.430072950164834,1.5906024595850103,0.7565126605139403,0.0
0.37231104892157174,-0.5720345627293361,-0.7703604631543775,0.6276889510784283,0.0
0.2545557890853995,-1.0062335925080779,0.9574756057484847,0.7454442109146004,0.0
0.3991020215259704,-0.4599954105965238,-1.5622050912908656,0.6008979784740296,0.0
0.288567602712094,-1.0096570617630412,0.7156930764934718,0.711432397287906,0.0
0.21110512331145748,-0.7670630253813925,0.7698370787600549,0.7888948766885425,0.0
0.2538396716282167,-1.3335277083424244,1.389686318464908,0.7461603283717833,0.0
0.37231104892157174,-0.5720345627293361,-0.7703604631543775,0.6276889510784283,0.0
0.2545557890853995,-1.0062335925080779,0.9574756057484847,0.7454442109146004,0.0
0.35008143772297984,-0.7655820474127792,-0.5690310235459333,0.6499185622770202,0.0
0.29090679359493055,-1.000375604214584,0.6668387837763821,0.7090932064050695,0.0
0.20682864515389596,-0.7435235079072491,0.7513694201433194,0.793171354846104,0.0
0.2538396716282167,-1.3335277083424244,1.389686318464908,0.7461603283717833,0.0
0.37231104892157174,-0.5720345627293361,-0.7703604631543775,0.6276889510784283,0.0
0.2650476742497786,-1.063985299652172,1.0027840456195372,0.7349523257502214,0.0
0.35008143772297984,-0.7655820474127792,-0.5690310235459333,0.6499185622770202,0.0
0.29090679359493055,-1.000375604214584,0.6668387837763821,0.7090932064050695,0.0
0.20682864515389596,-0.7435235079072491,0.7513694201433194,0.793171354846104,0.0
0.2538396716282167,-1.3335277083424244,1.389686318464908,0.7461603283717833,0.0
0.37231104892157174,-0.5720345627293361,-0.7703604631543775,0.6276889510784283,0.0
0.2650476742497786,-1.063985299652172,1.0027840456195372,0.7349523257502214,0.0
0.33434112940774435,-0.8584693682930975,-0.24868346430338972,0.6656588705922557,0.0
0.2848727450449975,-1.033210680213822,0.7715092893640749,0.7151272549550025,0.0
0.20682864515389596,-0.7435235079072491,0.7513694201433194,0.793171354846104,0.0
0.2538396716282167,-1.3335277083424244,1.389686318464908,0.7461603283717833,0.0
0.37927125026455166,-0.5195286858697588,-0.8659881862176853,0.6207287497354483,0.0
0.2627344499608969,-1.0696754970069469,1.03283598702782,0.7372655500391031,0.0
0.3578508516211465,-0.7891267112366926,-0.6694286593690537,0.6421491483788535,0.0
0.2848727450449975,-1.033210680213822,0.7715092893640749,0.7151272549550025,0.0
0.20682864515389596,-0.7435235079072491,0.7513694201433194,0.793171354846104,0.0
0.2543610762968125,-1.340071512374571,1.3967659641520798,0.7456389237031875,0.0
0.40219852252695565,-0.41129364174318617,-1.2395599565511504,0.5978014774730444,0.0
0.2627344499608969,-1.0696754970069469,1.03283598702782,0.7372655500391031,0.0
0.3578508516211465,-0.7891267112366926,-0.6694286593690537,0.6421491483788535,0.0
0.2848727450449975,-1.033210680213822,0.7715092893640749,0.7151272549550025,0.0
0.20682864515389596,-0.7435235079072491,0.7513694201433194,0.793171354846104,0.0
0.2551827051105808,-1.3135391771096225,1.3610557035814943,0.7448172948894192,0.0
0.35700900329129776,-0.6246242792717689,-0.503252187001733,0.6429909967087022,0.0
0.2627344499608969,-1.0696754970069469,1.03283598702782,0.7372655500391031,0.0
0.3547346103743386,-0.7995493512241719,-0.6078991064579016,0.6452653896256614,0.0
0.27720529023002244,-1.0588553960196383,0.9229016333346021,0.7227947097699776,0.0
0.20029245341866567,-0.6664724451975241,0.6689559382048508,0.7997075465813344,0.0
0.2551827051105808,-1.3135391771096225,1.3610557035814943,0.7448172948894192,0.0
0.34601241169051455,-0.6765369779796906,-0.324076219406364,0.6539875883094854,0.0
0.2627344499608969,-1.0696754970069469,1.03283598702782,0.7372655500391031,0.0
0.34675629900233323,-0.8262337638073136,-0.4503689626642162,0.6532437009976668,0.0
0.27719928436880725,-1.0588754833377574,0.9230202178491336,0.7228007156311927,0.0
0.20029245341866567,-0.6664724451975241,0.6689559382048508,0.7997075465813344,0.0
0.2565039308026573,-1.2708736784861487,1.3036315809777441,0.7434960691973427,0.0
0.34601241169051455,-0.6765369779796906,-0.324076219406364,0.6539875883094854,0.0
0.2627344499608969,-1.0696754970069469,1.03283598702782,0.7372655500391031,0.0
0.34675629900233323,-0.8262337638073136,-0.4503689626642162,0.6532437009976668,0.0
0.2880835917870569,-0.9473792713627507,0.72284528148338,0.7119164082129431,0.0
0.20029245341866567,-0.6664724451975241,0.6689559382048508,0.7997075465813344,0.0
0.25515083272863726,-1.449228462458338,1.533731186730922,0.7448491672713627,0.0
0.34601241169051455,-0.6765369779796906,-0.324076219406364,0.6539875883094854,0.0
0.25825001591198915,-1.0407184233340254,1.0067029968766112,0.7417499840880108,0.0
0.34675629900233323,-0.8262337638073136,-0.4503689626642162,0.6532437009976668,0.0
0.29559458931094806,-0.931870806686989,0.5726560418688817,0.7044054106890519,0.0
0.20029245341866567,-0.6664724451975241,0.6689559382048508,0.7997075465813344,0.0
0.2912606291178028,-1.1421489191029144,0.795409797950654,0.7087393708821972,0.0
0.3657439459483529,-0.5868717868670026,-0.6174123796591668,0.6342560540516471,0.0
0.2745798619638248,-1.001144945064959,0.7378660289806673,0.7254201380361752,0.0
0.34675629900233323,-0.8262337638073136,-0.4503689626642162,0.6532437009976668,0.0
0.29559458931094806,-0.931870806686989,0.5726560418688817,0.7044054106890519,0.0
0.20029245341866567,-0.6664724451975241,0.6689559382048508,0.7997075465813344,0.0
0.2978060079008427,-1.0933527683043045,0.671255065064986,0.7021939920991573,0.0
0.3298939714645634,-0.8541352744393542,0.06260082561567604,0.6701060285354365,0.0
0.30638059816431,-1.1444105682744625,0.7673648587450828,0.69361940183569,0.0
0.3555438462229835,-0.7569843480513498,-0.7154019710260116,0.6444561537770165,0.0
0.29559458931094806,-0.931870806686989,0.5726560418688817,0.7044054106890519,0.0
0.20860230472954772,-0.6785050990668005,0.630077374873326,0.7913976952704522,0.0
0.2934114963128429,-1.0671854429007108,0.6219984138350219,0.7065885036871571,0.0
0.3298939714645634,-0.8541352744393542,0.06260082561567604,0.6701060285354365,0.0
0.3059066597040362,-1.1350715468882218,0.7588093311049142,0.6940933402959638,0.0
0.3555438462229835,-0.7569843480513498,-0.7154019710260116,0.6444561537770165,0.0
0.2756156317472482,-0.8736819368924045,0.5858436294907863,0.7243843682527518,0.0
0.20860230472954772,-0.6785050990668005,0.630077374873326,0.7913976952704522,0.0
0.31933891348241367,-1.186010740395693,0.6195285566270199,0.6806610865175864,0.0
0.3570048200423917,-0.6958134820550383,-0.3530985820025553,0.6429951799576084,0.0
0.3059066597040362,-1.1350715468882218,0.7588093311049142,0.6940933402959638,0.0
0.3555438462229835,-0.7569843480513498,-0.7154019710260116,0.6444561537770165,0.0
0.2965809463214455,-1.0234436051882834,0.6019955528092975,0.7034190536785545,0.0
0.20860230472954772,-0.6785050990668005,0.630077374873326,0.7913976952704522,0.0
0.31933891348241367,-1.186010740395693,0.6195285566270199,0.6806610865175864,0.0
0.35728000605949256,-0.6842914638282138,-0.2848558624664236,0.6427199939405075,0.0
0.3059066597040362,-1.1350715468882218,0.7588093311049142,0.6940933402959638,0.0
0.3371323581841353,-0.8972249303085558,-0.1685856492435971,0.6628676418158648,0.0
0.28843143803833154,-1.0808842862154597,0.8186964908008443,0.7115685619616685,0.0
0.20860230472954772,-0.6785050990668005,0.630077374873326,0.7913976952704522,0.0
0.31933891348241367,-1.186010740395693,0.6195285566270199,0.6806610865175864,0.0
0.35729214753919436,-0.6842919363606088,-0.2849305787367875,0.6427078524608056,0.0
0.29622655115759927,-1.220010536542519,0.955463687432155,0.7037734488424008,0.0
0.3545153226179762,-0.6151011735040659,-0.9385187026859245,0.6454846773820238,0.0
0.28843143803833154,-1.0808842862154597,0.8186964908008443,0.7115685619616685,0.0
0.20860230472954772,-0.6785050990668005,0.630077374873326,0.7913976952704522,0.0
0.31933891348241367,-1.186010740395693,0.6195285566270199,0.6806610865175864,0.0
0.35484949890222456,-0.6983599843059103,-0.24578237395252933,0.6451505010977754,0.0
0.29697487281417767,-1.2122446021217457,0.9311484033011976,0.7030251271858223,0.0
0.3545153226179762,-0.6151011735040659,-0.9385187026859245,0.6454846773820238,0.0
0.30901038811393855,-0.9623630826555634,0.4888787103752905,0.6909896118860615,0.0
0.20860230472954772,-0.6785050990668005,0.630077374873326,0.7913976952704522,0.0
0.31933891348241367,-1.186010740395693,0.6195285566270199,0.6806610865175864,0.0
0.35484949890222456,-0.6983599843059103,-0.24578237395252933,0.6451505010977754,0.0
0.3061784290774516,-1.1167319121572625,0.6320964066237393,0.6938215709225484,0.0
0.3545737423832707,-0.629656246425185,-0.8174164711897285,0.6454262576167293,0.0
0.2951063332893228,-1.0424412842218125,0.7117182859766565,0.7048936667106772,0.0
0.20860230472954772,-0.6785050990668005,0.630077374873326,0.7913976952704522,0.0
0.31969130445588145,-1.1804465214725615,0.6051573655933733,0.6803086955441185,0.0
0.35484949890222456,-0.6983599843059103,-0.24578237395252933,0.6451505010977754,0.0
0.31262797605035475,-1.1456976497770035,0.6322298597630303,0.6873720239496452,0.0
0.3545737423832707,-0.629656246425185,-0.8174164711897285,0.6454262576167293,0.0
0.2951063332893228,-1.0424412842218125,0.7117182859766565,0.7048936667106772,0.0
0.20860230472954772,-0.6785050990668005,0.630077374873326,0.7913976952704522,0.0
0.3201366759343487,-1.182637578644703,0.603450335130978,0.6798633240656513,0.0
0.35484949890222456,-0.6983599843059103,-0.24578237395252933,0.6451505010977754,0.0
0.2945759695525921,-1.0646237873924211,0.6318563301263366,0.705424030447408,0.0
0.3545737423832707,-0.629656246425185,-0.8174164711897285,0.6454262576167293,0.0
0.2951063332893228,-1.0424412842218125,0.7117182859766565,0.7048936667106772,0.0
0.20860230472954772,-0.6785050990668005,0.630077374873326,0.7913976952704522,0.0
0.3201366759343487,-1.182637578644703,0.603450335130978,0.6798633240656513,0.0
0.35484949890222456,-0.6983599843059103,-0.24578237395252933,0.6451505010977754,0.0
0.2945759695525921,-1.0646237873924211,0.6318563301263366,0.705424030447408,0.0
0.3458414996498243,-0.6929626321407905,-0.6064852767304124,0.6541585003501758,0.0
0.2667016190072805,-1.206033737243657,1.1669591891182542,0.7332983809927195,0.0
0.20860230472954772,-0.6785050990668005,0.630077374873326,0.7913976952704522,0.0
0.3201366759343487,-1.182637578644703,0.603450335130978,0.6798633240656513,0.0
0.35536935648347445,-0.6911074661491627,-0.2585004425023273,0.6446306435165255,0.0
0.2969321652591255,-1.0752057626695912,0.6319050842039705,0.7030678347408745,0.0
0.33365301194151664,-0.9251524005901988,-0.0327686274254948,0.6663469880584834,0.0
0.2667016190072805,-1.206033737243657,1.1669591891182542,0.7332983809927195,0.0
0.20534575992562495,-0.6782254710947948,0.6497936084521496,0.794654240074375,0.0
0.3068484340424737,-1.1884557405908556,0.7435838428058439,0.6931515659575263,0.0
0.35536935648347445,-0.6911074661491627,-0.2585004425023273,0.6446306435165255,0.0
0.29866494996997706,-1.0829879196950218,0.6319409387469873,0.7013350500300229,0.0
0.3368304360834979,-0.89090814628835,-0.06579654874312707,0.6631695639165021,0.0
0.27552654279768746,-1.202169807297707,1.0738943927534887,0.7244734572023126,0.0
0.20534575992562495,-0.6782254710947948,0.6497936084521496,0.794654240074375,0.0
0.3068484340424737,-1.1884557405908556,0.7435838428058439,0.6931515659575263,0.0
0.3949725483374322,-0.46111711695057744,-0.8951779181884376,0.6050274516625678,0.0
0.2627950836081281,-1.2635142670450343,1.2877101423011927,0.7372049163918719,0.0
0.3368304360834979,-0.89090814628835,-0.06579654874312707,0.6631695639165021,0.0
0.2826024178496641,-1.1680758573552634,0.955060133033677,0.7173975821503359,0.0
0.20534575992562495,-0.6782254710947948,0.6497936084521496,0.794654240074375,0.0
0.29376758872260367,-1.3182727571811714,1.096708350378797,0.7062324112773963,0.0
0.3949725483374322,-0.46111711695057744,-0.8951779181884376,0.6050274516625678,0.0
0.26130448762174757,-1.270696460705996,1.3127436355838884,0.7386955123782524,0.0
0.3327848773054534,-0.9310571090016951,0.0434155026511619,0.6672151226945466,0.0
0.2826024178496641,-1.1680758573552634,0.955060133033677,0.7173975821503359,0.0
0.20534575992562495,-0.6782254710947948,0.6497936084521496,0.794654240074375,0.0
0.29466717163566153,-1.3303741899505634,1.1081210118990619,0.7053328283643385,0.0
0.3949725483374322,-0.46111711695057744,-0.8951779181884376,0.6050274516625678,0.0
0.26130448762174757,-1.270696460705996,1.3127436355838884,0.7386955123782524,0.0
0.36545717374400083,-0.6068104762276011,-0.8385908439581131,0.6345428262559991,0.0
0.2826024178496641,-1.1680758573552634,0.955060133033677,0.7173975821503359,0.0
0.20534575992562495,-0.6782254710947948,0.6497936084521496,0.794654240074375,0.0
0.2735739321734803,-1.1763693569723834,0.999887056703981,0.7264260678265198,0.0
0.37689533264395825,-0.5706043073810328,-0.5965794800266937,0.6231046673560418,0.0
0.2641974166158592,-1.2531750307993743,1.2649583961973598,0.7358025833841408,0.0
0.4017858338850848,-0.3752457494740825,-1.58898050808391,0.5982141661149152,0.0
0.2826024178496641,-1.1680758573552634,0.955060133033677,0.7173975821503359,0.0
0.20534575992562495,-0.6782254710947948,0.6497936084521496,0.794654240074375,0.0
0.26916991054336437,-1.1804148584012115,1.0217532642316005,0.7308300894566356,0.0
0.37689533264395825,-0.5706043073810328,-0.5965794800266937,0.6231046673560418,0.0
0.2641974166158592,-1.2531750307993743,1.2649583961973598,0.7358025833841408,0.0
0.4017858338850848,-0.3752457494740825,-1.58898050808391,0.5982141661149152,0.0
0.2966297698299267,-1.1551904364275436,0.8854135655949716,0.7033702301700733,0.0
0.20534575992562495,-0.6782254710947948,0.6497936084521496,0.794654240074375,0.0
0.25928186575111706,-1.1894979426126528,1.0708479457815603,0.7407181342488829,0.0
0.37689533264395825,-0.5706043073810328,-0.5965794800266937,0.6231046673560418,0.0
0.28479845616660526,-1.1284019474548996,0.9246715766634317,0.7152015438333947,0.0
0.37421760373113633,-0.5586347109093918,-1.0005202990353241,0.6257823962688637,0.0
0.31425094619869565,-1.019705101619268,0.4570941812595579,0.6857490538013044,0.0
0.20534575992562495,-0.6782254710947948,0.6497936084521496,0.794654240074375,0.0
0.25648349069259546,-1.1920685090740506,1.0847420305315791,0.7435165093074045,0.0
0.37689533264395825,-0.5706043073810328,-0.5965794800266937,0.6231046673560418,0.0
0.28479845616660526,-1.1284019474548996,0.9246715766634317,0.7152015438333947,0.0
0.37834162730648113,-0.5269260041142477,-1.1007632795157374,0.6216583726935189,0.0
0.3290112199953912,-0.9138879476582831,0.20882753494893913,0.6709887800046088,0.0
0.20670557595981662,-0.7470892575386388,0.7554811974595294,0.7932944240401834,0.0
0.21948061444599584,-1.3940425953459092,1.748382430517411,0.7805193855540041,0.0
0.389971189484211,-0.49140854780247356,-0.8125657522674765,0.6100288105157889,0.0
0.28479845616660526,-1.1284019474548996,0.9246715766634317,0.7152015438333947,0.0
0.37834162730648113,-0.5269260041142477,-1.1007632795157374,0.6216583726935189,0.0
0.2902487130699616,-1.182529169103868,0.8582990603009132,0.7097512869300384,0.0
0.20670557595981662,-0.7470892575386388,0.7554811974595294,0.7932944240401834,0.0
0.21948061444599584,-1.3940425953459092,1.748382430517411,0.7805193855540041,0.0
0.3785681303866679,-0.5704367626202955,-0.6215058138582449,0.6214318696133321,0.0
0.28479845616660526,-1.1284019474548996,0.9246715766634317,0.7152015438333947,0.0
0.37834162730648113,-0.5269260041142477,-1.1007632795157374,0.6216583726935189,0.0
0.2902487130699616,-1.182529169103868,0.8582990603009132,0.7097512869300384,0.0
0.20670557595981662,-0.7470892575386388,0.7554811974595294,0.7932944240401834,0.0
0.21948061444599584,-1.3940425953459092,1.748382430517411,0.7805193855540041,0.0
0.3785681303866679,-0.5704367626202955,-0.6215058138582449,0.6214318696133321,0.0
0.2846563193936293,-1.1269903683767462,0.9264024997111607,0.7153436806063707,0.0
0.37834162730648113,-0.5269260041142477,-1.1007632795157374,0.6216583726935189,0.0
0.2902487130699616,-1.182529169103868,0.8582990603009132,0.7097512869300384,0.0
0.20670557595981662,-0.7470892575386388,0.7554811974595294,0.7932944240401834,0.0
0.21948061444599584,-1.3940425953459092,1.748382430517411,0.7805193855540041,0.0
0.43583927717675974,-0.23102830148226783,-1.5654816919361174,0.5641607228232403,0.0
0.2846563193936293,-1.1269903683767462,0.9264024997111607,0.7153436806063707,0.0
0.37834162730648113,-0.5269260041142477,-1.1007632795157374,0.6216583726935189,0.0
0.33840505624392103,-1.038598311301193,0.2526142805339977,0.661594943756079,0.0
0.20670557595981662,-0.7470892575386388,0.7554811974595294,0.7932944240401834,0.0
0.21948061444599584,-1.3940425953459092,1.748382430517411,0.7805193855540041,0.0
0.43583927717675974,-0.23102830148226783,-1.5654816919361174,0.5641607228232403,0.0
0.28639687797703883,-1.124127946622043,0.9045830498596115,0.7136031220229612,0.0
0.37834162730648113,-0.5269260041142477,-1.1007632795157374,0.6216583726935189,0.0
0.33840505624392103,-1.038598311301193,0.2526142805339977,0.661594943756079,0.0
0.20670557595981662,-0.7470892575386388,0.7554811974595294,0.7932944240401834,0.0
0.21948061444599584,-1.3940425953459092,1.748382430517411,0.7805193855540041,0.0
0.43583927717675974,-0.23102830148226783,-1.5654816919361174,0.5641607228232403,0.0
0.2861214231234819,-1.1252390262925722,0.9080564750415588,0.7138785768765181,0.0
0.37834162730648113,-0.5269260041142477,-1.1007632795157374,0.6216583726935189,0.0
0.3427745108090036,-0.9826163168790356,0.10454143400002325,0.6572254891909963,0.0
0.20670557595981662,-0.7470892575386388,0.7554811974595294,0.7932944240401834,0.0
0.21948061444599584,-1.3940425953459092,1.748382430517411,0.7805193855540041,0.0
0.43583927717675974,-0.23102830148226783,-1.5654816919361174,0.5641607228232403,0.0
0.3060653295512197,-1.0447929252467896,0.6565681969518038,0.6939346704487803,0.0
0.37834162730648113,-0.5269260041142477,-1.1007632795157374,0.6216583726935189,0.0
0.3427745108090036,-0.9826163168790356,0.10454143400002325,0.6572254891909963,0.0
0.20670557595981662,-0.7470892575386388,0.7554811974595294,0.7932944240401834,0.0
0.21948061444599584,-1.3940425953459092,1.748382430517411,0.7805193855540041,0.0
0.42324961572293057,-0.29870276406631446,-1.3726517544651253,0.5767503842770694,0.0
0.3060653295512197,-1.0447929252467896,0.6565681969518038,0.6939346704487803,0.0
0.37834162730648113,-0.5269260041142477,-1.1007632795157374,0.6216583726935189,0.0
0.3427745108090036,-0.9826163168790356,0.10454143400002325,0.6572254891909963,0.0
0.20670557595981662,-0.7470892575386388,0.7554811974595294,0.7932944240401834,0.0
0.21948061444599584,-1.3940425953459092,1.748382430517411,0.7805193855540041,0.0
0.42324961572293057,-0.29870276406631446,-1.3726517544651253,0.5767503842770694,0.0
0.30567729077291617,-1.046358125468832,0.6614612806884923,0.6943227092270838,0.0
0.3819632021345334,-0.5085210928617238,-1.1226895445664684,0.6180367978654666,0.0
0.3427745108090036,-0.9826163168790356,0.10454143400002325,0.6572254891909963,0.0
0.20670557595981662,-0.7470892575386388,0.7554811974595294,0.7932944240401834,0.0
0.21948061444599584,-1.3940425953459092,1.748382430517411,0.7805193855540041,0.0
0.4375579685432456,-0.20771437284843686,-1.6201998657723873,0.5624420314567544,0.0
0.30567729077291617,-1.046358125468832,0.6614612806884923,0.6943227092270838,0.0
0.3819632021345334,-0.5085210928617238,-1.1226895445664684,0.6180367978654666,0.0
0.3427745108090036,-0.9826163168790356,0.10454143400002325,0.6572254891909963,0.0
0.20670557595981662,-0.7470892575386388,0.7554811974595294,0.7932944240401834,0.0
0.21948061444599584,-1.3940425953459092,1.748382430517411,0.7805193855540041,0.0
0.42400886750611017,-0.2810245224432131,-1.4989507258896744,0.5759911324938898,0.0
0.27758308508105195,-1.0946306235145384,1.0832239009475573,0.7224169149189481,0.0
0.3819632021345334,-0.5085210928617238,-1.1226895445664684,0.6180367978654666,0.0
0.37195107816770756,-0.7306288440786278,-0.47137741258624954,0.6280489218322924,0.0
0.20670557595981662,-0.7470892575386388,0.7554811974595294,0.7932944240401834,0.0
0.25732709055929065,-1.1930376484873682,1.2234418271524503,0.7426729094407094,0.0
0.42400886750611017,-0.2810245224432131,-1.4989507258896744,0.5759911324938898,0.0
0.31496931709107046,-0.8868962617399163,0.4239289455750055,0.6850306829089295,0.0
0.3819632021345334,-0.5085210928617238,-1.1226895445664684,0.6180367978654666,0.0
0.34490243364805684,-0.8397467663754639,-0.07143876015194373,0.6550975663519432,0.0
0.20670557595981662,-0.7470892575386388,0.7554811974595294,0.7932944240401834,0.0
0.24171214872829835,-1.0554783865927948,1.0790925703262744,0.7582878512717016,0.0
0.42400886750611017,-0.2810245224432131,-1.4989507258896744,0.5759911324938898,0.0
0.31496931709107046,-0.8868962617399163,0.4239289455750055,0.6850306829089295,0.0
0.3627537303361395,-0.6124578224880772,-0.9507864842252108,0.6372462696638606,0.0
0.34490243364805684,-0.8397467663754639,-0.07143876015194373,0.6550975663519432,0.0
0.20670557595981662,-0.7470892575386388,0.7554811974595294,0.7932944240401834,0.0
0.24171214872829835,-1.0554783865927948,1.0790925703262744,0.7582878512717016,0.0
0.42400886750611017,-0.2810245224432131,-1.4989507258896744,0.5759911324938898,0.0
0.30523370596117383,-0.8743241243657854,0.45374376409006084,0.6947662940388262,0.0
0.36052545112168455,-0.6143802830870789,-0.9264219486458575,0.6394745488783155,0.0
0.2907134786233978,-1.2224789042196353,0.90642584498661,0.7092865213766022,0.0
0.20670557595981662,-0.7470892575386388,0.7554811974595294,0.7932944240401834,0.0
0.24171214872829835,-1.0554783865927948,1.0790925703262744,0.7582878512717016,0.0
0.37974164728304655,-0.4690856131022122,-0.872922944899934,0.6202583527169534,0.0
0.32278137882420055,-0.896984412547676,0.40000490016131457,0.6772186211757995,0.0
0.36052545112168455,-0.6143802830870789,-0.9264219486458575,0.6394745488783155,0.0
0.31840910065434924,-0.9881070627498703,0.35289124702891495,0.6815908993456508,0.0
0.20670557595981662,-0.7470892575386388,0.7554811974595294,0.7932944240401834,0.0
0.24723470922195906,-1.0320168106358065,1.0009924259348555,0.7527652907780409,0.0
0.3942248310553488,-0.4075564878779726,-1.0777443760391106,0.6057751689446512,0.0
0.32278137882420055,-0.896984412547676,0.40000490016131457,0.6772186211757995,0.0
0.36052545112168455,-0.6143802830870789,-0.9264219486458575,0.6394745488783155,0.0
0.31840910065434924,-0.9881070627498703,0.35289124702891495,0.6815908993456508,0.0
0.20670557595981662,-0.7470892575386388,0.7554811974595294,0.7932944240401834,0.0
0.24723470922195906,-1.0320168106358065,1.0009924259348555,0.7527652907780409,0.0
0.3942248310553488,-0.4075564878779726,-1.0777443760391106,0.6057751689446512,0.0
0.32278137882420055,-0.896984412547676,0.40000490016131457,0.6772186211757995,0.0
0.36052545112168455,-0.6143802830870789,-0.9264219486458575,0.6394745488783155,0.0
0.31840910065434924,-0.9881070627498703,0.35289124702891495,0.6815908993456508,0.0
0.20670557595981662,-0.7470892575386388,0.7554811974595294,0.7932944240401834,0.0
0.24723470922195906,-1.0320168106358065,1.0009924259348555,0.7527652907780409,0.0
0.3942248310553488,-0.4075564878779726,-1.0777443760391106,0.6057751689446512,0.0
0.32278137882420055,-0.896984412547676,0.40000490016131457,0.6772186211757995,0.0
0.37431966979404485,-0.5110977562636192,-1.4111873936970953,0.6256803302059551,0.0
0.31840910065434924,-0.9881070627498703,0.35289124702891495,0.6815908993456508,0.0
0.20670557595981662,-0.7470892575386388,0.7554811974595294,0.7932944240401834,0.0
0.24723470922195906,-1.0320168106358065,1.0009924259348555,0.7527652907780409,0.0
0.39144053511387367,-0.41259788862416463,-1.0505245445530038,0.6085594648861263,0.0
0.31795079879922533,-0.8907464152755555,0.41479830807844204,0.6820492012007746,0.0
0.37431966979404485,-0.5110977562636192,-1.4111873936970953,0.6256803302059551,0.0
0.31840910065434924,-0.9881070627498703,0.35289124702891495,0.6815908993456508,0.0
0.20949164670867115,-0.7666758674000498,0.7723582337323325,0.7905083532913288,0.0
0.2593378900138904,-1.1171044848634428,1.074309236473748,0.7406621099861096,0.0
0.38974292950626466,-0.4259755198928984,-1.0179023383040375,0.6102570704937353,0.0
0.31795079879922533,-0.8907464152755555,0.41479830807844204,0.6820492012007746,0.0
0.37431966979404485,-0.5110977562636192,-1.4111873936970953,0.6256803302059551,0.0
0.31840910065434924,-0.9881070627498703,0.35289124702891495,0.6815908993456508,0.0
0.21018283393395634,-0.7715350456992434,0.7765452027377795,0.7898171660660437,0.0
0.2593378900138904,-1.1171044848634428,1.074309236473748,0.7406621099861096,0.0
0.3975352076409268,-0.3829692972381904,-0.819203321688201,0.6024647923590731,0.0
0.3178664792931344,-0.8728337631316743,0.42618812191593475,0.6821335207068656,0.0
0.3757229999119844,-0.5033526621502938,-1.3754032097135158,0.6242770000880156,0.0
0.31883436868552933,-1.0784500766454341,0.2954463694349525,0.6811656313144707,0.0
0.21018283393395634,-0.7715350456992434,0.7765452027377795,0.7898171660660437,0.0
0.2593378900138904,-1.1171044848634428,1.074309236473748,0.7406621099861096,0.0
0.3975352076409268,-0.3829692972381904,-0.819203321688201,0.6024647923590731,0.0
0.3178664792931344,-0.8728337631316743,0.42618812191593475,0.6821335207068656,0.0
0.3757229999119844,-0.5033526621502938,-1.3754032097135158,0.6242770000880156,0.0
0.3331945031555364,-0.9332808920920335,-0.12631847388173645,0.6668054968444637,0.0
0.21018283393395634,-0.7715350456992434,0.7765452027377795,0.7898171660660437,0.0
0.2593378900138904,-1.1171044848634428,1.074309236473748,0.7406621099861096,0.0
0.3975352076409268,-0.3829692972381904,-0.819203321688201,0.6024647923590731,0.0
0.3178539469156274,-0.8701714121618208,0.42788098580192596,0.6821460530843726,0.0
0.3757229999119844,-0.5033526621502938,-1.3754032097135158,0.6242770000880156,0.0
0.3331945031555364,-0.9332808920920335,-0.12631847388173645,0.6668054968444637,0.0
0.21018283393395634,-0.7715350456992434,0.7765452027377795,0.7898171660660437,0.0
0.2593378900138904,-1.1171044848634428,1.074309236473748,0.7406621099861096,0.0
0.4299707901903938,-0.1846455725250491,-1.3268497323190729,0.5700292098096063,0.0
0.3178539469156274,-0.8701714121618208,0.42788098580192596,0.6821460530843726,0.0
0.3757229999119844,-0.5033526621502938,-1.3754032097135158,0.6242770000880156,0.0
0.36845257195607595,-0.6605339577702052,-0.5637026203920885,0.631547428043924,0.0
0.19552129076593858,-0.7581037612555348,0.8240227046060693,0.8044787092340614,0.0
0.2593378900138904,-1.1171044848634428,1.074309236473748,0.7406621099861096,0.0
0.4299707901903938,-0.1846455725250491,-1.3268497323190729,0.5700292098096063,0.0
0.33936432796207905,-0.7810507785088909,0.006341048864959342,0.660635672037921,0.0
0.381259308600088,-0.4682592620081493,-1.5479226729122753,0.6187406913999121,0.0
0.36845257195607595,-0.6605339577702052,-0.5637026203920885,0.631547428043924,0.0
0.19552129076593858,-0.7581037612555348,0.8240227046060693,0.8044787092340614,0.0
0.2593378900138904,-1.1171044848634428,1.074309236473748,0.7406621099861096,0.0
0.40087616095269113,-0.3761571702277676,-0.8987490149118429,0.5991238390473088,0.0
0.33936432796207905,-0.7810507785088909,0.006341048864959342,0.660635672037921,0.0
0.381259308600088,-0.4682592620081493,-1.5479226729122753,0.6187406913999121,0.0
0.36845257195607595,-0.6605339577702052,-0.5637026203920885,0.631547428043924,0.0
0.19552129076593858,-0.7581037612555348,0.8240227046060693,0.8044787092340614,0.0
0.2593378900138904,-1.1171044848634428,1.074309236473748,0.7406621099861096,0.0
0.4096486454004786,-0.29921655312679796,-0.9893987355679561,0.5903513545995214,0.0
0.33936432796207905,-0.7810507785088909,0.006341048864959342,0.660635672037921,0.0
0.3794688587801931,-0.495140285954127,-1.410323480803047,0.6205311412198069,0.0
0.36454381965014077,-0.7192182409973705,-0.26330818683944224,0.6354561803498593,0.0
0.19552129076593858,-0.7581037612555348,0.8240227046060693,0.8044787092340614,0.0
0.2593378900138904,-1.1171044848634428,1.074309236473748,0.7406621099861096,0.0
0.42952419907588835,-0.19106743601343912,-1.2622823257221825,0.5704758009241117,0.0
0.3280469427800571,-0.8088425485918225,0.12753985233212556,0.6719530572199429,0.0
0.3794688587801931,-0.495140285954127,-1.410323480803047,0.6205311412198069,0.0
0.36454381965014077,-0.7192182409973705,-0.26330818683944224,0.6354561803498593,0.0
0.19552129076593858,-0.7581037612555348,0.8240227046060693,0.8044787092340614,0.0
0.2718041746885494,-1.0611747216486618,0.9025313383832532,0.7281958253114507,0.0
0.42952419907588835,-0.19106743601343912,-1.2622823257221825,0.5704758009241117,0.0
0.3280469427800571,-0.8088425485918225,0.12753985233212556,0.6719530572199429,0.0
0.3794688587801931,-0.495140285954127,-1.410323480803047,0.6205311412198069,0.0
0.32138357902326575,-0.8783618736362657,0.2792635952907643,0.6786164209767342,0.0
0.19552129076593858,-0.7581037612555348,0.8240227046060693,0.8044787092340614,0.0
0.2718041746885494,-1.0611747216486618,0.9025313383832532,0.7281958253114507,0.0
0.3567093347057545,-0.5927713048601652,-0.26284922297721725,0.6432906652942455,0.0
0.3280469427800571,-0.8088425485918225,0.12753985233212556,0.6719530572199429,0.0
0.3846851759773873,-0.41682480013066864,-1.811206557303638,0.6153148240226127,0.0
0.3176630571358459,-0.9171783302889418,0.3639792925155392,0.6823369428641541,0.0
0.19552129076593858,-0.7581037612555348,0.8240227046060693,0.8044787092340614,0.0
0.2761766239798562,-1.0785464089505077,0.9070313651581817,0.7238233760201438,0.0
0.36474903061650354,-0.5321641127192186,-0.37235192814229723,0.6352509693834965,0.0
0.31845511346188293,-0.8811504877133141,0.2581830096706398,0.6815448865381171,0.0
0.3846851759773873,-0.41682480013066864,-1.811206557303638,0.6153148240226127,0.0
0.31610266731185,-0.9232477146323611,0.3844045945622425,0.68389733268815,0.0
0.19552129076593858,-0.7581037612555348,0.8240227046060693,0.8044787092340614,0.0
0.2879819731763941,-1.032627626041133,0.7525008629734097,0.7120180268236058,0.0
0.3709742688007527,-0.4821174410571151,-0.46919348589280774,0.6290257311992473,0.0
0.31845511346188293,-0.8811504877133141,0.2581830096706398,0.6815448865381171,0.0
0.3846851759773873,-0.41682480013066864,-1.811206557303638,0.6153148240226127,0.0
0.3393367248222524,-0.83287515341774,0.08027377089077603,0.6606632751777476,0.0
0.19552129076593858,-0.7581037612555348,0.8240227046060693,0.8044787092340614,0.0
0.2762878914715954,-1.0781136163483593,0.9055748880062532,0.7237121085284046,0.0
0.3447448888855297,-0.6929837767162162,-0.061161867721636676,0.6552551111144703,0.0
0.2959636424893742,-1.0421311750788287,0.5313894530253179,0.7040363575106259,0.0
0.3846851759773873,-0.41682480013066864,-1.811206557303638,0.6153148240226127,0.0
0.3382069005298318,-0.8620999834798972,0.10982121406162745,0.6617930994701682,0.0
0.19552129076593858,-0.7581037612555348,0.8240227046060693,0.8044787092340614,0.0
0.2762878914715954,-1.0781136163483593,0.9055748880062532,0.7237121085284046,0.0
0.3447448888855297,-0.6929837767162162,-0.061161867721636676,0.6552551111144703,0.0
0.3138104206012263,-0.9660722516264448,0.35328683573704855,0.6861895793987737,0.0
0.38722211038926013,-0.39928368408320064,-1.922366213845541,0.6127778896107399,0.0
0.3309173975826064,-0.8931661929208463,0.1825670926451241,0.6690826024173936,0.0
0.19552129076593858,-0.7581037612555348,0.8240227046060693,0.8044787092340614,0.0
0.2762878914715954,-1.0781136163483593,0.9055748880062532,0.7237121085284046,0.0
0.3576307421780159,-0.6038871698365438,-0.6257752134741132,0.6423692578219842,0.0
0.3087840947620844,-1.004878932559666,0.5090954509189802,0.6912159052379157,0.0
0.38722211038926013,-0.39928368408320064,-1.922366213845541,0.6127778896107399,0.0
0.3309173975826064,-0.8931661929208463,0.1825670926451241,0.6690826024173936,0.0
0.19552129076593858,-0.7581037612555348,0.8240227046060693,0.8044787092340614,0.0
0.2674810995866619,-1.0432197348390828,0.8966824361673454,0.7325189004133381,0.0
0.3576307421780159,-0.6038871698365438,-0.6257752134741132,0.6423692578219842,0.0
0.3087840947620844,-1.004878932559666,0.5090954509189802,0.6912159052379157,0.0
0.38722211038926013,-0.39928368408320064,-1.922366213845541,0.6127778896107399,0.0
0.3309173975826064,-0.8931661929208463,0.1825670926451241,0.6690826024173936,0.0
0.19552129076593858,-0.7581037612555348,0.8240227046060693,0.8044787092340614,0.0
0.25667596410042504,-1.0687784276039083,1.0183180498983275,0.743324035899575,0.0
0.3565785262466206,-0.611162502487329,-0.5796707651310951,0.6434214737533794,0.0
0.3087840947620844,-1.004878932559666,0.5090954509189802,0.6912159052379157,0.0
0.38722211038926013,-0.39928368408320064,-1.922366213845541,0.6127778896107399,0.0
0.3309173975826064,-0.8931661929208463,0.1825670926451241,0.6690826024173936,0.0
0.19552129076593858,-0.7581037612555348,0.8240227046060693,0.8044787092340614,0.0
0.25667596410042504,-1.0687784276039083,1.0183180498983275,0.743324035899575,0.0
0.3565785262466206,-0.611162502487329,-0.5796707651310951,0.6434214737533794,0.0
0.3087840947620844,-1.004878932559666,0.5090954509189802,0.6912159052379157,0.0
0.38722211038926013,-0.39928368408320064,-1.922366213845541,0.6127778896107399,0.0
0.3309173975826064,-0.8931661929208463,0.1825670926451241,0.6690826024173936,0.0
0.19552129076593858,-0.7581037612555348,0.8240227046060693,0.8044787092340614,0.0
0.25667596410042504,-1.0687784276039083,1.0183180498983275,0.743324035899575,0.0
0.34577259808503547,-0.7001785515802861,-0.3335096716739081,0.6542274019149645,0.0
0.2965166398960337,-1.0667960807862484,0.6900748524159905,0.7034833601039663,0.0
0.39017664403581154,-0.38413161102587123,-1.988920078881836,0.6098233559641885,0.0
0.3309173975826064,-0.8931661929208463,0.1825670926451241,0.6690826024173936,0.0
0.19552129076593858,-0.7581037612555348,0.8240227046060693,0.8044787092340614,0.0
0.25667596410042504,-1.0687784276039083,1.0183180498983275,0.743324035899575,0.0
0.34577259808503547,-0.7001785515802861,-0.3335096716739081,0.6542274019149645,0.0
0.306464030448262,-1.0663011298946925,0.6081193329308292,0.693535969551738,0.0
0.39017664403581154,-0.38413161102587123,-1.988920078881836,0.6098233559641885,0.0
0.3280628799622909,-0.9193703236271004,0.30862880058653275,0.6719371200377091,0.0
0.19552129076593858,-0.7581037612555348,0.8240227046060693,0.8044787092340614,0.0
0.25667596410042504,-1.0687784276039083,1.0183180498983275,0.743324035899575,0.0
0.34814043824251917,-0.6694173452950175,-0.4157695702662602,0.6518595617574808,0.0
0.306464030448262,-1.0663011298946925,0.6081193329308292,0.693535969551738,0.0
0.35626740935609114,-0.6604561135750928,-0.9369445746701706,0.6437325906439089,0.0
0.3266600435625402,-0.9368347548759763,0.35924314264789525,0.6733399564374598,0.0
0.19552129076593858,-0.7581037612555348,0.8240227046060693,0.8044787092340614,0.0
0.26510425853319297,-1.0760020042204597,0.9552469620206283,0.734895741466807,0.0
0.3548528098741517,-0.5858525383806951,-0.6579519615036185,0.6451471901258483,0.0
0.30056976089270876,-1.1063981627294015,0.6898495160976146,0.6994302391072913,0.0
0.35626740935609114,-0.6604561135750928,-0.9369445746701706,0.6437325906439089,0.0
0.3266600435625402,-0.9368347548759763,0.35924314264789525,0.6733399564374598,0.0
0.19552129076593858,-0.7581037612555348,0.8240227046060693,0.8044787092340614,0.0
0.26510425853319297,-1.0760020042204597,0.9552469620206283,0.734895741466807,0.0
0.3553841022200882,-0.6138719947613369,-0.7627354297860945,0.6446158977799118,0.0
0.29585972057815624,-1.1370091950807697,0.7495333979053334,0.7041402794218438,0.0
0.35626740935609114,-0.6604561135750928,-0.9369445746701706,0.6437325906439089,0.0
0.3266600435625402,-0.9368347548759763,0.35924314264789525,0.6733399564374598,0.0
0.19552129076593858,-0.7581037612555348,0.8240227046060693,0.8044787092340614,0.0
0.2716377067401187,-1.0889618915131023,0.9115467921241567,0.7283622932598812,0.0
0.3842779906869137,-0.39026928747683887,-1.4441021240637655,0.6157220093130863,0.0
0.2894320088882546,-1.1242590489998041,0.7925263296617188,0.7105679911117454,0.0
0.35626740935609114,-0.6604561135750928,-0.9369445746701706,0.6437325906439089,0.0
0.3266600435625402,-0.9368347548759763,0.35924314264789525,0.6733399564374598,0.0
0.19552129076593858,-0.7581037612555348,0.8240227046060693,0.8044787092340614,0.0
0.2716377067401187,-1.0889618915131023,0.9115467921241567,0.7283622932598812,0.0
0.3565253928356432,-0.6535312114634246,-0.575492281612962,0.6434746071643568,0.0
0.2781296727909762,-1.2117250525075145,1.0590545054404719,0.7218703272090238,0.0
0.34528622417305044,-0.762963207989526,-0.4561967278302169,0.6547137758269496,0.0
0.3159555121961944,-0.926677560219558,0.4040415433823872,0.6840444878038057,0.0
0.20747489412454,-0.8237436982415819,0.8580322912238139,0.79252510587546,0.0
0.28851644972890234,-1.0422951196309005,0.7421212117209945,0.7114835502710977,0.0
0.37289128664044385,-0.559977797080522,-0.892567088581085,0.6271087133595561,0.0
0.2769782342290939,-1.2305074100585776,1.094188524213945,0.7230217657709062,0.0
0.33864450172122423,-0.8073453502663204,-0.30633974546501475,0.6613554982787757,0.0
0.3410136190652059,-0.8210924235875328,0.09529788752435042,0.6589863809347941,0.0
0.20747489412454,-0.8237436982415819,0.8580322912238139,0.79252510587546,0.0
0.24679612292660597,-1.2180883840135652,1.2561618887707984,0.753203877073394,0.0
0.37289128664044385,-0.559977797080522,-0.892567088581085,0.6271087133595561,0.0
0.2769782342290939,-1.2305074100585776,1.094188524213945,0.7230217657709062,0.0
0.3895491056743847,-0.45803124487673363,-1.462455394953786,0.6104508943256153,0.0
0.3410136190652059,-0.8210924235875328,0.09529788752435042,0.6589863809347941,0.0
0.20747489412454,-0.8237436982415819,0.8580322912238139,0.79252510587546,0.0
0.24947776551091522,-1.2449820375050513,1.2833136669675114,0.7505222344890847,0.0
0.37289128664044385,-0.559977797080522,-0.892567088581085,0.6271087133595561,0.0
0.2769782342290939,-1.2305074100585776,1.094188524213945,0.7230217657709062,0.0
0.3895491056743847,-0.45803124487673363,-1.462455394953786,0.6104508943256153,0.0
0.3410136190652059,-0.8210924235875328,0.09529788752435042,0.6589863809347941,0.0
0.20747489412454,-0.8237436982415819,0.8580322912238139,0.79252510587546,0.0
0.24947776551091522,-1.2449820375050513,1.2833136669675114,0.7505222344890847,0.0
0.38914814564848854,-0.4463258476862696,-1.2293138093728442,0.6108518543515115,0.0
0.2732993933948382,-1.2540283520227855,1.1515749157006876,0.7267006066051618,0.0
0.39817130283873997,-0.39886459087956816,-1.6582777037544014,0.6018286971612601,0.0
0.34209754038584006,-0.8142451188452895,0.07851287891054226,0.6579024596141599,0.0
0.20747489412454,-0.8237436982415819,0.8580322912238139,0.79252510587546,0.0
0.24947776551091522,-1.2449820375050513,1.2833136669675114,0.7505222344890847,0.0
0.38914814564848854,-0.4463258476862696,-1.2293138093728442,0.6108518543515115,0.0
0.27252675229125267,-1.2537349398988777,1.1558477880106641,0.7274732477087473,0.0
0.39817130283873997,-0.39886459087956816,-1.6582777037544014,0.6018286971612601,0.0
0.34228351447131156,-0.8127908665652355,0.07334351135509931,0.6577164855286884,0.0
0.20747489412454,-0.8237436982415819,0.8580322912238139,0.79252510587546,0.0
0.24947776551091522,-1.2449820375050513,1.2833136669675114,0.7505222344890847,0.0
0.38914814564848854,-0.4463258476862696,-1.2293138093728442,0.6108518543515115,0.0
0.27252675229125267,-1.2537349398988777,1.1558477880106641,0.7274732477087473,0.0
0.39817130283873997,-0.39886459087956816,-1.6582777037544014,0.6018286971612601,0.0
0.34228351447131156,-0.8127908665652355,0.07334351135509931,0.6577164855286884,0.0
0.20747489412454,-0.8237436982415819,0.8580322912238139,0.79252510587546,0.0
0.25976299653381685,-1.1861695433164803,1.0982855024905778,0.7402370034661832,0.0
0.38914814564848854,-0.4463258476862696,-1.2293138093728442,0.6108518543515115,0.0
0.27252675229125267,-1.2537349398988777,1.1558477880106641,0.7274732477087473,0.0
0.39817130283873997,-0.39886459087956816,-1.6582777037544014,0.6018286971612601,0.0
0.34228351447131156,-0.8127908665652355,0.07334351135509931,0.6577164855286884,0.0
0.20747489412454,-0.8237436982415819,0.8580322912238139,0.79252510587546,0.0
0.25976299653381685,-1.1861695433164803,1.0982855024905778,0.7402370034661832,0.0
0.41215725688644433,-0.2664026481986336,-1.8688790090700422,0.5878427431135557,0.0
0.27252675229125267,-1.2537349398988777,1.1558477880106641,0.7274732477087473,0.0
0.39882072482339903,-0.3954486708263166,-1.6891514409355872,0.601179275176601,0.0
0.34228351447131156,-0.8127908665652355,0.07334351135509931,0.6577164855286884,0.0
0.20747489412454,-0.8237436982415819,0.8580322912238139,0.79252510587546,0.0
0.25976299653381685,-1.1861695433164803,1.0982855024905778,0.7402370034661832,0.0
0.41215725688644433,-0.2664026481986336,-1.8688790090700422,0.5878427431135557,0.0
0.312645943307869,-0.9700507054084749,0.2867712742720059,0.687354056692131,0.0
0.37557046162384766,-0.527656126168103,-1.2230957719414133,0.6244295383761523,0.0
0.318448962769622,-0.9206345107614193,0.36937937600460413,0.681551037230378,0.0
0.20747489412454,-0.8237436982415819,0.8580322912238139,0.79252510587546,0.0
0.25976299653381685,-1.1861695433164803,1.0982855024905778,0.7402370034661832,0.0
0.41668523583889167,-0.23406993796782616,-1.9488010925587558,0.5833147641611083,0.0
0.312645943307869,-0.9700507054084749,0.2867712742720059,0.687354056692131,0.0
0.37557046162384766,-0.527656126168103,-1.2230957719414133,0.6244295383761523,0.0
0.318448962769622,-0.9206345107614193,0.36937937600460413,0.681551037230378,0.0
0.20747489412454,-0.8237436982415819,0.8580322912238139,0.79252510587546,0.0
0.2639831033159381,-1.1670749238758837,1.0458698759751464,0.7360168966840619,0.0
0.41668523583889167,-0.23406993796782616,-1.9488010925587558,0.5833147641611083,0.0
0.3419646553171317,-0.8502327611574871,-0.1631384489931429,0.6580353446828683,0.0
0.37557046162384766,-0.527656126168103,-1.2230957719414133,0.6244295383761523,0.0
0.319835769735077,-0.9109422402585124,0.3366534925753899,0.680164230264923,0.0
0.20747489412454,-0.8237436982415819,0.8580322912238139,0.79252510587546,0.0
0.2506136191501609,-1.2436848519258472,1.3177187732203697,0.7493863808498391,0.0
0.41668523583889167,-0.23406993796782616,-1.9488010925587558,0.5833147641611083,0.0
0.3419646553171317,-0.8502327611574871,-0.1631384489931429,0.6580353446828683,0.0
0.355591488958011,-0.6703189655270574,-0.8704525423268643,0.644408511041989,0.0
0.3240762071198853,-0.8372149689225294,0.22607219942872658,0.6759237928801147,0.0
0.2007964532059687,-0.8425673440372424,0.9476324073952198,0.7992035467940313,0.0
0.24999181237260648,-1.2469575314322494,1.330914682973114,0.7500081876273935,0.0
0.41668523583889167,-0.23406993796782616,-1.9488010925587558,0.5833147641611083,0.0
0.3065136879500811,-1.1425694639126966,0.6840641244286569,0.6934863120499188,0.0
0.34448681460832853,-0.7496135518593777,-0.6744470573608594,0.6555131853916715,0.0
0.3240762071198853,-0.8372149689225294,0.22607219942872658,0.6759237928801147,0.0
0.2007964532059687,-0.8425673440372424,0.9476324073952198,0.7992035467940313,0.0
0.24999181237260648,-1.2469575314322494,1.330914682973114,0.7500081876273935,0.0
0.41668523583889167,-0.23406993796782616,-1.9488010925587558,0.5833147641611083,0.0
0.3097936046899648,-1.1365119124495966,0.6465279324057118,0.6902063953100352,0.0
0.3542386329159715,-0.6408613630339886,-1.0457562593475438,0.6457613670840285,0.0
0.31999229839139975,-0.9227947087547212,0.3462955863269955,0.6800077016086002,0.0
0.2007964532059687,-0.8425673440372424,0.9476324073952198,0.7992035467940313,0.0
0.24999181237260648,-1.2469575314322494,1.330914682973114,0.7500081876273935,0.0
0.41668523583889167,-0.23406993796782616,-1.9488010925587558,0.5833147641611083,0.0
0.3097936046899648,-1.1365119124495966,0.6465279324057118,0.6902063953100352,0.0
0.3365214975894677,-0.8384426946060508,-0.37116048940602386,0.6634785024105323,0.0
0.31999229839139975,-0.9227947087547212,0.3462955863269955,0.6800077016086002,0.0
0.2007964532059687,-0.8425673440372424,0.9476324073952198,0.7992035467940313,0.0
0.2618089921937351,-1.2251328387366256,1.1956759052499693,0.7381910078062649,0.0
0.41668523583889167,-0.23406993796782616,-1.9488010925587558,0.5833147641611083,0.0
0.3097936046899648,-1.1365119124495966,0.6465279324057118,0.6902063953100352,0.0
0.3617799397405674,-0.7077123625928455,-0.900868952869176,0.6382200602594326,0.0
0.3263825080579046,-0.8895892385430457,0.25300906345252916,0.6736174919420954,0.0
0.2007964532059687,-0.8425673440372424,0.9476324073952198,0.7992035467940313,0.0
0.2688835180261648,-1.1883714538916492,1.0923994948761102,0.7311164819738352,0.0
0.41668523583889167,-0.23406993796782616,-1.9488010925587558,0.5833147641611083,0.0
0.2957146087304956,-1.2526398742299192,1.0655956446088226,0.7042853912695044,0.0
0.35989232138672556,-0.7232820291146507,-0.8446831348368147,0.6401076786132744,0.0
0.3263825080579046,-0.8895892385430457,0.25300906345252916,0.6736174919420954,0.0
0.2007964532059687,-0.8425673440372424,0.9476324073952198,0.7992035467940313,0.0
0.26151694984875035,-1.1509577460456768,1.0767366575575985,0.7384830501512496,0.0
0.41668523583889167,-0.23406993796782616,-1.9488010925587558,0.5833147641611083,0.0
0.2957146087304956,-1.2526398742299192,1.0655956446088226,0.7042853912695044,0.0
0.3694346521831632,-0.644573900409024,-1.1287149470100994,0.6305653478168368,0.0
0.3263825080579046,-0.8895892385430457,0.25300906345252916,0.6736174919420954,0.0
0.2007964532059687,-0.8425673440372424,0.9476324073952198,0.7992035467940313,0.0
0.26151694984875035,-1.1509577460456768,1.0767366575575985,0.7384830501512496,0.0
0.41668523583889167,-0.23406993796782616,-1.9488010925587558,0.5833147641611083,0.0
0.2957146087304956,-1.2526398742299192,1.0655956446088226,0.7042853912695044,0.0
0.3694346521831632,-0.644573900409024,-1.1287149470100994,0.6305653478168368,0.0
0.3284500535499277,-0.8778225688886464,0.18665285037425905,0.6715499464500723,0.0
0.2007964532059687,-0.8425673440372424,0.9476324073952198,0.7992035467940313,0.0
0.26151694984875035,-1.1509577460456768,1.0767366575575985,0.7384830501512496,0.0
0.41668523583889167,-0.23406993796782616,-1.9488010925587558,0.5833147641611083,0.0
0.29640297759821504,-1.2546866462527506,1.065371385793466,0.7035970224017849,0.0
0.34176942017272816,-0.8756915731478196,-0.2975699980149764,0.6582305798272718,0.0
0.3284500535499277,-0.8778225688886464,0.18665285037425905,0.6715499464500723,0.0
0.2007964532059687,-0.8425673440372424,0.9476324073952198,0.7992035467940313,0.0
0.26151694984875035,-1.1509577460456768,1.0767366575575985,0.7384830501512496,0.0
0.41668523583889167,-0.23406993796782616,-1.9488010925587558,0.5833147641611083,0.0
0.29640297759821504,-1.2546866462527506,1.065371385793466,0.7035970224017849,0.0
0.33887632001954426,-0.8998607749152909,-0.21065275913735548,0.6611236799804557,0.0
0.32593027162233845,-0.8724964559004302,0.2826722162224839,0.6740697283776615,0.0
0.2007964532059687,-0.8425673440372424,0.9476324073952198,0.7992035467940313,0.0
0.2630309310636138,-1.1586470322224964,1.0799556926497318,0.7369690689363861,0.0
0.41668523583889167,-0.23406993796782616,-1.9488010925587558,0.5833147641611083,0.0
0.29640297759821504,-1.2546866462527506,1.065371385793466,0.7035970224017849,0.0
0.29380399147384745,-1.2855330726155092,0.7962034850367168,0.7061960085261525,0.0
0.32634955596469184,-0.8725967390064969,0.2804441423094882,0.6736504440353082,0.0
0.2007964532059687,-0.8425673440372424,0.9476324073952198,0.7992035467940313,0.0
0.24724381199923035,-1.2299674382556018,1.279296472053745,0.7527561880007696,0.0
0.41668523583889167,-0.23406993796782616,-1.9488010925587558,0.5833147641611083,0.0
0.28658814526985826,-1.2264410692963086,1.0696606800167356,0.7134118547301418,0.0
0.2935110860546913,-1.283134411736149,0.807303651538688,0.7064889139453088,0.0
0.3273096455282012,-0.8640527200021024,0.2613875105662854,0.6726903544717988,0.0
0.2007964532059687,-0.8425673440372424,0.9476324073952198,0.7992035467940313,0.0
0.24724381199923035,-1.2299674382556018,1.279296472053745,0.7527561880007696,0.0
0.41668523583889167,-0.23406993796782616,-1.9488010925587558,0.5833147641611083,0.0
0.28658814526985826,-1.2264410692963086,1.0696606800167356,0.7134118547301418,0.0
0.2935110860546913,-1.283134411736149,0.807303651538688,0.7064889139453088,0.0
0.36363320992861353,-0.540802435507725,-0.45959188207393886,0.6363667900713865,0.0
0.2007964532059687,-0.8425673440372424,0.9476324073952198,0.7992035467940313,0.0
0.22390541709642858,-1.3366279427298053,1.5760068199164103,0.7760945829035715,0.0
0.4021833521982294,-0.317009988417293,-1.683647019192355,0.5978166478017706,0.0
0.28658814526985826,-1.2264410692963086,1.0696606800167356,0.7134118547301418,0.0
0.2935110860546913,-1.283134411736149,0.807303651538688,0.7064889139453088,0.0
0.36363320992861353,-0.540802435507725,-0.45959188207393886,0.6363667900713865,0.0
0.2007964532059687,-0.8425673440372424,0.9476324073952198,0.7992035467940313,0.0
0.24558754322337498,-1.2984007877218393,1.401199706866312,0.754412456776625,0.0
0.4021833521982294,-0.317009988417293,-1.683647019192355,0.5978166478017706,0.0
0.286555257754277,-1.2261717468738305,1.0709070103162563,0.7134447422457231,0.0
0.2983963561653919,-1.3231408627379895,0.622167740458243,0.701603643834608,0.0
0.36363320992861353,-0.540802435507725,-0.45959188207393886,0.6363667900713865,0.0
0.2007964532059687,-0.8425673440372424,0.9476324073952198,0.7992035467940313,0.0
0.24558754322337498,-1.2984007877218393,1.401199706866312,0.754412456776625,0.0
0.3797564125564215,-0.4933487578106439,-1.1493805223088245,0.6202435874435785,0.0
0.2992346821516166,-1.1264758396054657,0.7688510114390017,0.7007653178483835,0.0
0.2784560924613721,-1.31379917159979,0.916325135381968,0.7215439075386278,0.0
0.35551230567620273,-0.6145010140449005,-0.3284100495551361,0.6444876943237973,0.0
0.2007964532059687,-0.8425673440372424,0.9476324073952198,0.7992035467940313,0.0
0.24558754322337498,-1.2984007877218393,1.401199706866312,0.754412456776625,0.0
0.3771776898173445,-0.5009384334200816,-1.0390566807748332,0.6228223101826555,0.0
0.2800596678626086,-1.1879267091696009,0.9948704322821711,0.7199403321373914,0.0
0.2886756925625875,-1.2210545735515663,0.7512418112572197,0.7113243074374125,0.0
0.3944274821193554,-0.37238922987351153,-0.9407203911655897,0.6055725178806446,0.0
0.2007964532059687,-0.8425673440372424,0.9476324073952198,0.7992035467940313,0.0
0.25585203808327683,-1.2799753080955625,1.2463661950784028,0.7441479619167232,0.0
0.37791152434029124,-0.4954697389681035,-1.0348732933513602,0.6220884756597087,0.0
0.2765742653365542,-1.1745256400895676,1.0934244453807638,0.7234257346634458,0.0
0.2886756925625875,-1.2210545735515663,0.7512418112572197,0.7113243074374125,0.0
0.38701475419420206,-0.42763049041754686,-0.9829783005525582,0.6129852458057979,0.0
0.2007964532059687,-0.8425673440372424,0.9476324073952198,0.7992035467940313,0.0
0.25878414926041404,-1.3032704703073954,1.2622759466468656,0.741215850739586,0.0
0.37791152434029124,-0.4954697389681035,-1.0348732933513602,0.6220884756597087,0.0
0.2799815881051272,-1.1876264993040433,0.9970782327826977,0.7200184118948728,0.0
0.2917893858850193,-1.2330264531253103,0.6631983298544197,0.7082106141149807,0.0
0.40920117463893635,-0.27894387329572146,-1.4013198465763104,0.5907988253610637,0.0
0.2007964532059687,-0.8425673440372424,0.9476324073952198,0.7992035467940313,0.0
0.2628371840907134,-1.2722612837810356,1.226651545008233,0.7371628159092867,0.0
0.3786994222260126,-0.48959815257957046,-1.0303817056663436,0.6213005777739874,0.0
0.2759336131938796,-1.172062388411727,1.1115396671345819,0.7240663868061203,0.0
0.2917893858850193,-1.2330264531253103,0.6631983298544197,0.7082106141149807,0.0
0.41168110599549534,-0.25836319706597866,-1.4322103863556466,0.5883188940045047,0.0
0.2007964532059687,-0.8425673440372424,0.9476324073952198,0.7992035467940313,0.0
0.2628371840907134,-1.2722612837810356,1.226651545008233,0.7371628159092867,0.0
0.38542586766953113,-0.47625251803136126,-1.105169687515704,0.6145741323304689,0.0
0.30207191368336334,-1.0059566893132108,0.5823605440342947,0.6979280863166366,0.0
0.3197443202280937,-1.0058659936853516,0.1716508397368286,0.6802556797719064,0.0
0.4213650607044364,-0.17799712727090672,-1.5528357364753784,0.5786349392955636,0.0
0.22794941171047461,-1.0306286635786894,1.0697488776161097,0.7720505882895254,0.0
0.26679680601554523,-1.2996856148698763,1.2444593670468322,0.7332031939844548,0.0
0.3952628813174424,-0.413739500795013,-1.3043235023638269,0.6047371186825576,0.0
0.3342114021491194,-0.8017141754427712,-0.06831474872405541,0.6657885978508806,0.0
0.3197443202280937,-1.0058659936853516,0.1716508397368286,0.6802556797719064,0.0
0.4184247324732154,-0.20455276256446242,-1.5248416166385461,0.5815752675267847,0.0
0.22794941171047461,-1.0306286635786894,1.0697488776161097,0.7720505882895254,0.0
0.26679680601554523,-1.2996856148698763,1.2444593670468322,0.7332031939844548,0.0
0.37956991299690024,-0.555470869071739,-1.154914728507842,0.6204300870030998,0.0
0.31145021333468376,-0.9252806304661991,0.4769480221067619,0.6885497866653163,0.0
0.3197443202280937,-1.0058659936853516,0.1716508397368286,0.6802556797719064,0.0
0.4184247324732154,-0.20455276256446242,-1.5248416166385461,0.5815752675267847,0.0
0.22794941171047461,-1.0306286635786894,1.0697488776161097,0.7720505882895254,0.0
0.26679680601554523,-1.2996856148698763,1.2444593670468322,0.7332031939844548,0.0
0.3804882203755389,-0.5494107550015368,-1.174452745993045,0.6195117796244611,0.0
0.31460356968261194,-0.8988407145639861,0.4227475272962269,0.6853964303173881,0.0
0.35413569112468507,-0.8150192708668111,-0.525178020172145,0.6458643088753149,0.0
0.44423236835635077,-0.01966129191771382,-1.9949037299777537,0.5557676316436493,0.0
0.2233212905765061,-1.038536547000915,1.1282458466768948,0.7766787094234939,0.0
0.3199602089875686,-0.9157128830969624,0.27349400739332963,0.6800397910124314,0.0
0.3804882203755389,-0.5494107550015368,-1.174452745993045,0.6195117796244611,0.0
0.32441928157072614,-0.8780280915282387,0.18738034420774674,0.6755807184292739,0.0
0.35458371489915635,-0.8136992270987231,-0.5356482179273339,0.6454162851008436,0.0
0.44423236835635077,-0.01966129191771382,-1.9949037299777537,0.5557676316436493,0.0
0.2233212905765061,-1.038536547000915,1.1282458466768948,0.7766787094234939,0.0
0.3199602089875686,-0.9157128830969624,0.27349400739332963,0.6800397910124314,0.0
0.3804882203755389,-0.5494107550015368,-1.174452745993045,0.6195117796244611,0.0
0.32441928157072614,-0.8780280915282387,0.18738034420774674,0.6755807184292739,0.0
0.35458371489915635,-0.8136992270987231,-0.5356482179273339,0.6454162851008436,0.0
0.44423236835635077,-0.01966129191771382,-1.9949037299777537,0.5557676316436493,0.0
0.2233212905765061,-1.038536547000915,1.1282458466768948,0.7766787094234939,0.0
0.31871164511607647,-0.9262648237482857,0.297606287848569,0.6812883548839235,0.0
0.3804882203755389,-0.5494107550015368,-1.174452745993045,0.6195117796244611,0.0
0.32414169390739267,-0.8803740576545318,0.19274112049002984,0.6758583060926073,0.0
0.33169989891801044,-0.8528965517016023,-0.24557094880018027,0.6683001010819896,0.0
0.4361809700899478,-0.05679555673096626,-1.88107638668692,0.5638190299100523,0.0
0.22020275883107196,-1.0529196864050006,1.1723343604735774,0.779797241168928,0.0
0.31871164511607647,-0.9262648237482857,0.297606287848569,0.6812883548839235,0.0
0.3804882203755389,-0.5494107550015368,-1.174452745993045,0.6195117796244611,0.0
0.32414169390739267,-0.8803740576545318,0.19274112049002984,0.6758583060926073,0.0
0.34798768451808465,-0.751579034688407,-0.5556744143120973,0.6520123154819153,0.0
0.4361809700899478,-0.05679555673096626,-1.88107638668692,0.5638190299100523,0.0
0.22020275883107196,-1.0529196864050006,1.1723343604735774,0.779797241168928,0.0
0.3346814119124308,-0.8288448620740421,-0.08293341319800862,0.6653185880875692,0.0
0.3804882203755389,-0.5494107550015368,-1.174452745993045,0.6195117796244611,0.0
0.3251139340747283,-0.8756207280388915,0.16731142164657792,0.6748860659252718,0.0
0.3640420024141426,-0.6517137941635269,-0.861332883685298,0.6359579975858574,0.0
0.4361809700899478,-0.05679555673096626,-1.88107638668692,0.5638190299100523,0.0
0.22020275883107196,-1.0529196864050006,1.1723343604735774,0.779797241168928,0.0
0.3346814119124308,-0.8288448620740421,-0.08293341319800862,0.6653185880875692,0.0
0.3804882203755389,-0.5494107550015368,-1.174452745993045,0.6195117796244611,0.0
0.3125713676379751,-0.9477632132322297,0.49873910582863257,0.6874286323620249,0.0
0.40532167553274356,-0.41428087150281023,-1.952116539046325,0.5946783244672564,0.0
0.4361809700899478,-0.05679555673096626,-1.88107638668692,0.5638190299100523,0.0
0.22020275883107196,-1.0529196864050006,1.1723343604735774,0.779797241168928,0.0
0.3401802153647408,-0.7992696775210589,-0.227596301070778,0.6598197846352591,0.0
0.38129080507691343,-0.5445147679877447,-1.193577342251729,0.6187091949230865,0.0
0.3125713676379751,-0.9477632132322297,0.49873910582863257,0.6874286323620249,0.0
0.40532167553274356,-0.41428087150281023,-1.952116539046325,0.5946783244672564,0.0
0.4361809700899478,-0.05679555673096626,-1.88107638668692,0.5638190299100523,0.0
0.22020275883107196,-1.0529196864050006,1.1723343604735774,0.779797241168928,0.0
0.3401802153647408,-0.7992696775210589,-0.227596301070778,0.6598197846352591,0.0
0.38129080507691343,-0.5445147679877447,-1.193577342251729,0.6187091949230865,0.0
0.3125713676379751,-0.9477632132322297,0.49873910582863257,0.6874286323620249,0.0
0.40532167553274356,-0.41428087150281023,-1.952116539046325,0.5946783244672564,0.0
0.4361809700899478,-0.05679555673096626,-1.88107638668692,0.5638190299100523,0.0
0.22020275883107196,-1.0529196864050006,1.1723343604735774,0.779797241168928,0.0
0.32271052545831924,-0.9025162894520253,0.23488694258207676,0.6772894745416808,0.0
0.3682231330889122,-0.6153342517893206,-0.7810936816214142,0.6317768669110878,0.0
0.3125713676379751,-0.9477632132322297,0.49873910582863257,0.6874286323620249,0.0
0.40532167553274356,-0.41428087150281023,-1.952116539046325,0.5946783244672564,0.0
0.3896114947750586,-0.39246443247159934,-0.9844894174362535,0.6103885052249414,0.0
0.22020275883107196,-1.0529196864050006,1.1723343604735774,0.779797241168928,0.0
0.32271052545831924,-0.9025162894520253,0.23488694258207676,0.6772894745416808,0.0
0.3682231330889122,-0.6153342517893206,-0.7810936816214142,0.6317768669110878,0.0
0.3125713676379751,-0.9477632132322297,0.49873910582863257,0.6874286323620249,0.0
0.40532167553274356,-0.41428087150281023,-1.952116539046325,0.5946783244672564,0.0
0.40018139900998523,-0.3162774484604305,-1.1879883475655508,0.5998186009900148,0.0
0.22020275883107196,-1.0529196864050006,1.1723343604735774,0.779797241168928,0.0
0.32271052545831924,-0.9025162894520253,0.23488694258207676,0.6772894745416808,0.0
0.3682231330889122,-0.6153342517893206,-0.7810936816214142,0.6317768669110878,0.0
0.3125713676379751,-0.9477632132322297,0.49873910582863257,0.6874286323620249,0.0
0.4061466725581801,-0.40980984839074414,-1.9781577339411505,0.5938533274418198,0.0
0.40018139900998523,-0.3162774484604305,-1.1879883475655508,0.5998186009900148,0.0
0.22020275883107196,-1.0529196864050006,1.1723343604735774,0.779797241168928,0.0
0.32271052545831924,-0.9025162894520253,0.23488694258207676,0.6772894745416808,0.0
0.3798381797861614,-0.5404423267186109,-1.0314917477463164,0.6201618202138386,0.0
0.2778321862944702,-1.1981603213567453,1.1675612710864,0.7221678137055298,0.0
0.35370558892809095,-0.7320022546141933,-0.6925280422134574,0.6462944110719091,0.0
0.3917241889333692,-0.3919269532997777,-1.097829362071732,0.6082758110666309,0.0
0.22020275883107196,-1.0529196864050006,1.1723343604735774,0.779797241168928,0.0
0.32271052545831924,-0.9025162894520253,0.23488694258207676,0.6772894745416808,0.0
0.37094730319339897,-0.6515335972065752,-0.9818704210990881,0.629052696806601,0.0
0.31955936249277284,-0.902776615509308,0.33757890254836265,0.6804406375072272,0.0
0.31984984797150606,-1.0348408995257616,-0.3316053230028956,0.6801501520284939,0.0
0.41673521774068034,-0.2207633414886977,-1.6060017956149535,0.5832647822593197,0.0
0.22020275883107196,-1.0529196864050006,1.1723343604735774,0.779797241168928,0.0
0.3244567906850456,-0.9023720257797196,0.17797861993605682,0.6755432093149544,0.0
0.37094730319339897,-0.6515335972065752,-0.9818704210990881,0.629052696806601,0.0
0.3170467081278806,-0.9029841926518671,0.419462767099266,0.6829532918721194,0.0
0.31984984797150606,-1.0348408995257616,-0.3316053230028956,0.6801501520284939,0.0
0.41673521774068034,-0.2207633414886977,-1.6060017956149535,0.5832647822593197,0.0
0.22020275883107196,-1.0529196864050006,1.1723343604735774,0.779797241168928,0.0
0.3244567906850456,-0.9023720257797196,0.17797861993605682,0.6755432093149544,0.0
0.37094730319339897,-0.6515335972065752,-0.9818704210990881,0.629052696806601,0.0
0.3170467081278806,-0.9029841926518671,0.419462767099266,0.6829532918721194,0.0
0.31984984797150606,-1.0348408995257616,-0.3316053230028956,0.6801501520284939,0.0
0.41673521774068034,-0.2207633414886977,-1.6060017956149535,0.5832647822593197,0.0
0.22020275883107196,-1.0529196864050006,1.1723343604735774,0.779797241168928,0.0
0.3244567906850456,-0.9023720257797196,0.17797861993605682,0.6755432093149544,0.0
0.37094730319339897,-0.6515335972065752,-0.9818704210990881,0.629052696806601,0.0
0.3170467081278806,-0.9029841926518671,0.419462767099266,0.6829532918721194,0.0
0.3291650137725538,-0.9649632303081812,-0.45014991934524606,0.6708349862274462,0.0
0.41673521774068034,-0.2207633414886977,-1.6060017956149535,0.5832647822593197,0.0
0.22020275883107196,-1.0529196864050006,1.1723343604735774,0.779797241168928,0.0
0.3244567906850456,-0.9023720257797196,0.17797861993605682,0.6755432093149544,0.0
0.3681577775620571,-0.664546957822691,-0.9093470131148577,0.631842222437943,0.0
0.3170467081278806,-0.9029841926518671,0.419462767099266,0.6829532918721194,0.0
0.3291650137725538,-0.9649632303081812,-0.45014991934524606,0.6708349862274462,0.0
0.39933252667676455,-0.3797472061363533,-1.3564277564422653,0.6006674733232354,0.0
0.22020275883107196,-1.0529196864050006,1.1723343604735774,0.779797241168928,0.0
0.3244567906850456,-0.9023720257797196,0.17797861993605682,0.6755432093149544,0.0
0.3788531588168982,-0.5762538019231418,-1.0077324166941382,0.6211468411831018,0.0
0.3170467081278806,-0.9029841926518671,0.419462767099266,0.6829532918721194,0.0
0.3307715605988283,-0.973179909203887,-0.5654361270429006,0.6692284394011717,0.0
0.3682999346660759,-0.5963514583395775,-0.7204860000632177,0.6317000653339241,0.0
0.22020275883107196,-1.0529196864050006,1.1723343604735774,0.779797241168928,0.0
0.3244567906850456,-0.9023720257797196,0.17797861993605682,0.6755432093149544,0.0
0.38429490079996426,-0.5474868615059013,-1.1333896557541099,0.6157050992000357,0.0
0.3170467081278806,-0.9029841926518671,0.419462767099266,0.6829532918721194,0.0
0.33087640230283283,-0.9737161217826897,-0.5729595943116839,0.6691235976971672,0.0
0.39021695944035467,-0.4652284503174579,-1.2079535617920336,0.6097830405596454,0.0
0.22020275883107196,-1.0529196864050006,1.1723343604735774,0.779797241168928,0.0
0.3244567906850456,-0.9023720257797196,0.17797861993605682,0.6755432093149544,0.0
0.38494475437825876,-0.5384602837393385,-1.141571881580088,0.6150552456217413,0.0
0.31600759586932703,-0.909200890694482,0.4425741850155369,0.683992404130673,0.0
0.3249129178917288,-1.021299105594066,-0.5103948268818121,0.6750870821082712,0.0
0.38939793806985595,-0.4766047977597325,-1.1976413652703033,0.610602061930144,0.0
0.22020275883107196,-1.0529196864050006,1.1723343604735774,0.779797241168928,0.0
0.28340761900448785,-1.1752481758542972,1.0431127754923923,0.7165923809955121,0.0
0.38494475437825876,-0.5384602837393385,-1.141571881580088,0.6150552456217413,0.0
0.31600759586932703,-0.909200890694482,0.4425741850155369,0.683992404130673,0.0
0.3249129178917288,-1.021299105594066,-0.5103948268818121,0.6750870821082712,0.0
0.38939793806985595,-0.4766047977597325,-1.1976413652703033,0.610602061930144,0.0
0.22020275883107196,-1.0529196864050006,1.1723343604735774,0.779797241168928,0.0
0.2643973995783063,-1.1384552548649305,1.0819789430363325,0.7356026004216937,0.0
0.38657975264310784,-0.5282064283902362,-1.1767506918784787,0.6134202473568922,0.0
0.3222541144699923,-0.8754781152497315,0.29924367867345936,0.6777458855300077,0.0
0.3249129178917288,-1.021299105594066,-0.5103948268818121,0.6750870821082712,0.0
0.38939793806985595,-0.4766047977597325,-1.1976413652703033,0.610602061930144,0.0
0.20638472209492587,-1.0964984704007144,1.3674319085540754,0.7936152779050741,0.0
0.27540531953609804,-1.0801707311039834,0.8812287847504754,0.724594680463902,0.0
0.38657975264310784,-0.5282064283902362,-1.1767506918784787,0.6134202473568922,0.0
0.31921637967558386,-0.8918777859913876,0.36894651541345347,0.6807836203244162,0.0
0.3249129178917288,-1.021299105594066,-0.5103948268818121,0.6750870821082712,0.0
0.38939793806985595,-0.4766047977597325,-1.1976413652703033,0.610602061930144,0.0
0.20638472209492587,-1.0964984704007144,1.3674319085540754,0.7936152779050741,0.0
0.27540531953609804,-1.0801707311039834,0.8812287847504754,0.724594680463902,0.0
0.38657975264310784,-0.5282064283902362,-1.1767506918784787,0.6134202473568922,0.0
0.3151009639012999,-0.9527349296119038,0.18909869546174446,0.6848990360987002,0.0
0.309200885277062,-1.0399829628364576,-0.06874069096027002,0.690799114722938,0.0
0.40793888241736687,-0.3457547434066254,-1.4541588014857911,0.5920611175826331,0.0
0.20638472209492587,-1.0964984704007144,1.3674319085540754,0.7936152779050741,0.0
0.2683489866371807,-1.1028238320410915,1.0042624424094,0.7316510133628193,0.0
0.3704125034958131,-0.5791940666378492,-0.9484844968992174,0.6295874965041869,0.0
0.3222407437226287,-0.9045171519934254,0.042256036923501994,0.6777592562773713,0.0
0.3088644112633667,-1.04495860770422,-0.08344494471067637,0.6911355887366333,0.0
0.4290812565780741,-0.20790386252156068,-1.8233355758610097,0.5709187434219258,0.0
0.2087759413758864,-1.096742567975748,1.3534170915282218,0.7912240586241136,0.0
0.2683489866371807,-1.1028238320410915,1.0042624424094,0.7316510133628193,0.0
0.3704125034958131,-0.5791940666378492,-0.9484844968992174,0.6295874965041869,0.0
0.32097527155392885,-0.9130633897121938,0.06828279155855665,0.6790247284460711,0.0
0.32397015624729464,-0.9397792088835701,-0.30206941539346266,0.6760298437527054,0.0
0.4290812565780741,-0.20790386252156068,-1.8233355758610097,0.5709187434219258,0.0
0.2087759413758864,-1.096742567975748,1.3534170915282218,0.7912240586241136,0.0
0.2676884505792207,-1.1061997947896427,1.016925738539394,0.7323115494207793,0.0
0.3696628979671766,-0.5850141130434539,-0.9380509949855904,0.6303371020328234,0.0
0.31802401963109606,-0.8867367959457515,0.43323930067348515,0.681975980368904,0.0
0.3251850716466392,-0.9506168415274272,-0.4523077869754988,0.6748149283533609,0.0
0.3891835130304805,-0.4931171452364266,-1.296839678502722,0.6108164869695195,0.0
0.2087759413758864,-1.096742567975748,1.3534170915282218,0.7912240586241136,0.0
0.27228225660991345,-1.0861708079997252,0.9636564037765618,0.7277177433900865,0.0
0.40504497225366,-0.37827890259046004,-1.877635600088107,0.59495502774634,0.0
0.3136169365252362,-0.9111146326883404,0.540387363099077,0.6863830634747639,0.0
0.3251850716466392,-0.9506168415274272,-0.4523077869754988,0.6748149283533609,0.0
0.389721289561611,-0.4913177995495147,-1.3047398230438896,0.610278710438389,0.0
0.2087759413758864,-1.096742567975748,1.3534170915282218,0.7912240586241136,0.0
0.27228225660991345,-1.0861708079997252,0.9636564037765618,0.7277177433900865,0.0
0.3866423487673586,-0.47640184426938603,-1.483795908663995,0.6133576512326414,0.0
0.3172656806916405,-0.9235741564187498,0.22727806762145064,0.6827343193083595,0.0
0.3251850716466392,-0.9506168415274272,-0.4523077869754988,0.6748149283533609,0.0
0.3697560252175594,-0.5581195474986206,-1.0114423937398311,0.6302439747824407,0.0
0.2087759413758864,-1.096742567975748,1.3534170915282218,0.7912240586241136,0.0
0.2585459297208002,-1.1358220029184065,1.1885199784370963,0.7414540702791999,0.0
0.38845829441392127,-0.4676139688630787,-1.5345925374586216,0.6115417055860788,0.0
0.3172656806916405,-0.9235741564187498,0.22727806762145064,0.6827343193083595,0.0
0.3354874470095529,-0.8711219284208983,-0.625221041676773,0.6645125529904471,0.0
0.407594224341532,-0.2946778728823439,-1.9043866466163437,0.592405775658468,0.0
0.2087759413758864,-1.096742567975748,1.3534170915282218,0.7912240586241136,0.0
0.2585459297208002,-1.1358220029184065,1.1885199784370963,0.7414540702791999,0.0
0.38845829441392127,-0.4676139688630787,-1.5345925374586216,0.6115417055860788,0.0
0.3172656806916405,-0.9235741564187498,0.22727806762145064,0.6827343193083595,0.0
0.3342473458237557,-0.8733300343166739,-0.6058564900286776,0.6657526541762443,0.0
0.407594224341532,-0.2946778728823439,-1.9043866466163437,0.592405775658468,0.0
0.23130190455209504,-1.1144299724084101,1.2787844379778135,0.768698095447905,0.0
0.2585459297208002,-1.1358220029184065,1.1885199784370963,0.7414540702791999,0.0
0.37013024300628394,-0.6332490683519048,-1.1804103540725428,0.6298697569937161,0.0
0.3172656806916405,-0.9235741564187498,0.22727806762145064,0.6827343193083595,0.0
0.3371361206724801,-0.8540021675446962,-0.6521113044948708,0.6628638793275199,0.0
0.407594224341532,-0.2946778728823439,-1.9043866466163437,0.592405775658468,0.0
0.23130190455209504,-1.1144299724084101,1.2787844379778135,0.768698095447905,0.0
0.27715153448327745,-1.0683524703010245,0.9375710559949406,0.7228484655167225,0.0
0.37013024300628394,-0.6332490683519048,-1.1804103540725428,0.6298697569937161,0.0
0.31176519421082527,-0.9428329038150917,0.47070847768598134,0.6882348057891747,0.0
0.3371361206724801,-0.8540021675446962,-0.6521113044948708,0.6628638793275199,0.0
0.4060414795929782,-0.30388742820151693,-1.870556963227134,0.5939585204070218,0.0
0.23130190455209504,-1.1144299724084101,1.2787844379778135,0.768698095447905,0.0
0.27715153448327745,-1.0683524703010245,0.9375710559949406,0.7228484655167225,0.0
0.37013024300628394,-0.6332490683519048,-1.1804103540725428,0.6298697569937161,0.0
0.3286772644548915,-0.9067660006343419,0.3008640994489059,0.6713227355451086,0.0
0.3371361206724801,-0.8540021675446962,-0.6521113044948708,0.6628638793275199,0.0
0.3964513123019565,-0.3786210289429375,-1.6013848244916442,0.6035486876980435,0.0
0.2385729602049796,-1.098923623601324,1.2057627494045504,0.7614270397950205,0.0
0.27715153448327745,-1.0683524703010245,0.9375710559949406,0.7228484655167225,0.0
0.3904940347596082,-0.49700146353966096,-1.5064736365032028,0.6095059652403918,0.0
0.3286772644548915,-0.9067660006343419,0.3008640994489059,0.6713227355451086,0.0
0.33465570174846165,-0.8694742841917643,-0.37266711425656796,0.6653442982515383,0.0
0.3974136829150954,-0.3364864743497908,-1.5935985197350784,0.6025863170849046,0.0
0.21883891309381917,-1.1145616452430411,1.342950491864603,0.7811610869061808,0.0
0.2996841930703326,-1.0504967207609053,0.7809278420728957,0.7003158069296673,0.0
0.39432791145081136,-0.47158786299234984,-1.6185647403386612,0.6056720885491886,0.0
0.3286772644548915,-0.9067660006343419,0.3008640994489059,0.6713227355451086,0.0
0.33465570174846165,-0.8694742841917643,-0.37266711425656796,0.6653442982515383,0.0
0.39854029613904934,-0.2871610421909414,-1.584483368269811,0.6014597038609506,0.0
0.21883891309381917,-1.1145616452430411,1.342950491864603,0.7811610869061808,0.0
0.2996841930703326,-1.0504967207609053,0.7809278420728957,0.7003158069296673,0.0
0.39432791145081136,-0.47158786299234984,-1.6185647403386612,0.6056720885491886,0.0
0.35667465147803384,-0.7211798518134417,-0.5176958774886169,0.6433253485219661,0.0
0.3430782221625315,-0.8127498309667383,-0.4281424086712105,0.6569217778374685,0.0
0.39854029613904934,-0.2871610421909414,-1.584483368269811,0.6014597038609506,0.0
0.21883891309381917,-1.1145616452430411,1.342950491864603,0.7811610869061808,0.0
0.27951887821559096,-1.066476495630914,0.9211136846086436,0.720481121784409,0.0
0.39432791145081136,-0.47158786299234984,-1.6185647403386612,0.6056720885491886,0.0
0.3681194115704872,-0.669960907564406,-0.7311190545322801,0.6318805884295128,0.0
0.3430782221625315,-0.8127498309667383,-0.4281424086712105,0.6569217778374685,0.0
0.39854029613904934,-0.2871610421909414,-1.584483368269811,0.6014597038609506,0.0
0.21883891309381917,-1.1145616452430411,1.342950491864603,0.7811610869061808,0.0
0.27951887821559096,-1.066476495630914,0.9211136846086436,0.720481121784409,0.0
0.39432791145081136,-0.47158786299234984,-1.6185647403386612,0.6056720885491886,0.0
0.372029006883013,-0.6476677610001695,-0.7784217626890618,0.627970993116987,0.0
0.3430782221625315,-0.8127498309667383,-0.4281424086712105,0.6569217778374685,0.0
0.39854029613904934,-0.2871610421909414,-1.584483368269811,0.6014597038609506,0.0
0.21883891309381917,-1.1145616452430411,1.342950491864603,0.7811610869061808,0.0
0.27951887821559096,-1.066476495630914,0.9211136846086436,0.720481121784409,0.0
0.37614235389659123,-0.5658172207558217,-1.2162839540222596,0.6238576461034088,0.0
0.372029006883013,-0.6476677610001695,-0.7784217626890618,0.627970993116987,0.0
0.3619705405674963,-0.6869863265212485,-0.8669711711196344,0.6380294594325038,0.0
0.39854029613904934,-0.2871610421909414,-1.584483368269811,0.6014597038609506,0.0
0.21805305741703904,-1.1169092220672505,1.3550839351485826,0.7819469425829609,0.0
0.27951887821559096,-1.066476495630914,0.9211136846086436,0.720481121784409,0.0
0.37614235389659123,-0.5658172207558217,-1.2162839540222596,0.6238576461034088,0.0
0.36871849391433226,-0.6609301804007591,-0.8160250570278186,0.6312815060856678,0.0
0.3629296306549872,-0.6841212487108446,-0.8817793165904133,0.6370703693450128,0.0
0.39854029613904934,-0.2871610421909414,-1.584483368269811,0.6014597038609506,0.0
0.21805305741703904,-1.1169092220672505,1.3550839351485826,0.7819469425829609,0.0
0.27951887821559096,-1.066476495630914,0.9211136846086436,0.720481121784409,0.0
0.37614235389659123,-0.5658172207558217,-1.2162839540222596,0.6238576461034088,0.0
0.3695464272953161,-0.6503228690502755,-0.8606632509928739,0.6304535727046838,0.0
0.3629296306549872,-0.6841212487108446,-0.8817793165904133,0.6370703693450128,0.0
0.39854029613904934,-0.2871610421909414,-1.584483368269811,0.6014597038609506,0.0
0.24437080102656517,-1.0953155046705385,1.1692714357872953,0.7556291989734348,0.0
0.2886297097723988,-1.019268275386385,0.7195739478289795,0.7113702902276011,0.0
0.3649807899519478,-0.6236514113768075,-0.9693801839956993,0.6350192100480522,0.0
0.3753477013846667,-0.5776591859883424,-1.0054896939329652,0.6246522986153333,0.0
0.3636142755523795,-0.6639373626332296,-0.9110191162320325,0.6363857244476205,0.0
0.39854029613904934,-0.2871610421909414,-1.584483368269811,0.6014597038609506,0.0
0.23793188112003236,-1.1063790855935656,1.2346947864568976,0.7620681188799676,0.0
0.3100059876389719,-0.9825387953737518,0.5023779362033702,0.6899940123610281,0.0
0.3649807899519478,-0.6236514113768075,-0.9693801839956993,0.6350192100480522,0.0
0.3597816025493663,-0.7726318859259876,-0.6168883815231939,0.6402183974506337,0.0
0.3640386324849387,-0.6514269765693848,-0.9291425430359431,0.6359613675150613,0.0
0.39854029613904934,-0.2871610421909414,-1.584483368269811,0.6014597038609506,0.0
0.23793188112003236,-1.1063790855935656,1.2346947864568976,0.7620681188799676,0.0
0.3100059876389719,-0.9825387953737518,0.5023779362033702,0.6899940123610281,0.0
0.3649807899519478,-0.6236514113768075,-0.9693801839956993,0.6350192100480522,0.0
0.3597816025493663,-0.7726318859259876,-0.6168883815231939,0.6402183974506337,0.0
0.3472972582041542,-0.828181129827227,-0.6111490066456713,0.6527027417958458,0.0
0.39854029613904934,-0.2871610421909414,-1.584483368269811,0.6014597038609506,0.0
0.23793188112003236,-1.1063790855935656,1.2346947864568976,0.7620681188799676,0.0
0.3100059876389719,-0.9825387953737518,0.5023779362033702,0.6899940123610281,0.0
0.3681922876733226,-0.5316273280928574,-1.187111635622479,0.6318077123266774,0.0
0.3597816025493663,-0.7726318859259876,-0.6168883815231939,0.6402183974506337,0.0
0.34500702744598283,-0.8383715397885295,-0.6100961285357993,0.6549929725540171,0.0
0.39854029613904934,-0.2871610421909414,-1.584483368269811,0.6014597038609506,0.0
0.23687749250827295,-1.109267063033384,1.2507168846869359,0.763122507491727,0.0
0.3026989608520535,-1.0399306015065064,0.6746134425365524,0.6973010391479465,0.0
0.3665416642935495,-0.5534653045688734,-1.1460322913688472,0.6334583357064505,0.0
0.3597816025493663,-0.7726318859259876,-0.6168883815231939,0.6402183974506337,0.0
0.3687756233071031,-0.5936358852757879,-1.0427208697272494,0.6312243766928969,0.0
0.39854029613904934,-0.2871610421909414,-1.584483368269811,0.6014597038609506,0.0
0.23687749250827295,-1.109267063033384,1.2507168846869359,0.763122507491727,0.0
0.32569676093693906,-1.0157046746028389,0.4733248337563618,0.674303239063061,0.0
0.3779578447120083,-0.4242690619250914,-1.598643794472187,0.6220421552879918,0.0
0.3582389590742228,-0.8226456150152199,-0.49613794597610683,0.6417610409257772,0.0
0.3687756233071031,-0.5936358852757879,-1.0427208697272494,0.6312243766928969,0.0
0.39854029613904934,-0.2871610421909414,-1.584483368269811,0.6014597038609506,0.0
0.23687749250827295,-1.109267063033384,1.2507168846869359,0.763122507491727,0.0
0.3386466295030755,-0.938878596763395,0.08753603349357064,0.6613533704969246,0.0
0.37552713377962066,-0.47337621030002436,-1.4627399169312827,0.6244728662203793,0.0
0.3579574676171846,-0.8283325284868577,-0.48039943096126025,0.6420425323828154,0.0
0.3578234997653512,-0.7064054884511908,-0.8433754965115899,0.6421765002346488,0.0
0.3703962209278329,-0.5929597470679568,-0.7986717380662263,0.6296037790721671,0.0
0.23687749250827295,-1.109267063033384,1.2507168846869359,0.763122507491727,0.0
0.33846290653120886,-0.9399303300994586,0.09293936144554871,0.6615370934687912,0.0
0.3770125075597897,-0.46135703953770296,-1.4705977909470824,0.6229874924402103,0.0
0.3486056734328077,-0.8818674435591831,-0.20536136465850613,0.6513943265671923,0.0
0.3513744419648445,-0.7841931462688239,-0.5314868800104088,0.6486255580351554,0.0
0.3638321575221597,-0.6946565637856164,-0.38884319156610836,0.6361678424778403,0.0
0.23098291028495466,-1.1212642668135775,1.3275370109373517,0.7690170897150453,0.0
0.3434220029938756,-0.8801143832347481,-0.1468919104521088,0.6565779970061244,0.0
0.3870427559712495,-0.3350555315432733,-1.8380013178521803,0.6129572440287505,0.0
0.34727972177768346,-0.8814190212942838,-0.19040523068113963,0.6527202782223165,0.0
0.3513744419648445,-0.7841931462688239,-0.5314868800104088,0.6486255580351554,0.0
0.3638321575221597,-0.6946565637856164,-0.38884319156610836,0.6361678424778403,0.0
0.23098291028495466,-1.1212642668135775,1.3275370109373517,0.7690170897150453,0.0
0.3434220029938756,-0.8801143832347481,-0.1468919104521088,0.6565779970061244,0.0
0.39233784040924613,-0.30837960077556525,-1.9454075034019802,0.6076621595907539,0.0
0.3443871007444174,-0.9140566959636637,-0.155727203331247,0.6556128992555825,0.0
0.3513744419648445,-0.7841931462688239,-0.5314868800104088,0.6486255580351554,0.0
0.375139697822335,-0.5414294917113602,-1.0062959905612274,0.624860302177665,0.0
0.23098291028495466,-1.1212642668135775,1.3275370109373517,0.7690170897150453,0.0
0.3434220029938756,-0.8801143832347481,-0.1468919104521088,0.6565779970061244,0.0
0.39233784040924613,-0.30837960077556525,-1.9454075034019802,0.6076621595907539,0.0
0.3451211326742914,-0.9398724657163178,-0.16244713100638108,0.6548788673257087,0.0
0.33901470373951403,-0.9277586483925079,-0.10486971834509595,0.660985296260486,0.0
0.39859465622648815,-0.2909749714267277,-1.6418178044993659,0.6014053437735118,0.0
0.23098291028495466,-1.1212642668135775,1.3275370109373517,0.7690170897150453,0.0
0.3606496911491045,-0.6961553116310615,-0.613683257412375,0.6393503088508955,0.0
0.3737813204052494,-0.5565610294010762,-1.2446907147090018,0.6262186795947506,0.0
0.3451211326742914,-0.9398724657163178,-0.16244713100638108,0.6548788673257087,0.0
0.33901470373951403,-0.9277586483925079,-0.10486971834509595,0.660985296260486,0.0
0.39859465622648815,-0.2909749714267277,-1.6418178044993659,0.6014053437735118,0.0
0.23098291028495466,-1.1212642668135775,1.3275370109373517,0.7690170897150453,0.0
0.3606496911491045,-0.6961553116310615,-0.613683257412375,0.6393503088508955,0.0
0.3722314764990401,-0.5731084655040624,-1.1938791950731251,0.6277685235009599,0.0
0.32716037808495235,-1.157824975189458,0.334445758188334,0.6728396219150476,0.0
0.33901470373951403,-0.9277586483925079,-0.10486971834509595,0.660985296260486,0.0
0.3888032026190894,-0.39573536717403424,-1.4756426231595392,0.6111967973809106,0.0
0.23098291028495466,-1.1212642668135775,1.3275370109373517,0.7690170897150453,0.0
0.3606496911491045,-0.6961553116310615,-0.613683257412375,0.6393503088508955,0.0
0.37226201064492814,-0.5727123398306682,-1.194914583575498,0.6277379893550719,0.0
0.32967121268866495,-1.1090952109410344,0.24139546308342802,0.670328787311335,0.0
0.33901470373951403,-0.9277586483925079,-0.10486971834509595,0.660985296260486,0.0
0.3888032026190894,-0.39573536717403424,-1.4756426231595392,0.6111967973809106,0.0
0.23098291028495466,-1.1212642668135775,1.3275370109373517,0.7690170897150453,0.0
0.3606496911491045,-0.6961553116310615,-0.613683257412375,0.6393503088508955,0.0
0.3745765470123043,-0.5481080178748561,-1.3107640521288428,0.6254234529876956,0.0
0.332735716714901,-1.0496199438262592,0.12782645158032097,0.667264283285099,0.0
0.33767899388416606,-0.953681831966273,-0.05536896826347565,0.662321006115834,0.0
0.3888032026190894,-0.39573536717403424,-1.4756426231595392,0.6111967973809106,0.0
0.23098291028495466,-1.1212642668135775,1.3275370109373517,0.7690170897150453,0.0
0.3606496911491045,-0.6961553116310615,-0.613683257412375,0.6393503088508955,0.0
0.3745765470123043,-0.5481080178748561,-1.3107640521288428,0.6254234529876956,0.0
0.332735716714901,-1.0496199438262592,0.12782645158032097,0.667264283285099,0.0
0.32521052002210066,-1.093466996106211,0.24768352686892825,0.6747894799778993,0.0
0.37719293888314775,-0.5105701754207345,-1.1751520559257698,0.6228070611168522,0.0
0.23098291028495466,-1.1212642668135775,1.3275370109373517,0.7690170897150453,0.0
0.37564814776396893,-0.6469832863952739,-0.8382227098511807,0.6243518522360311,0.0
0.3745765470123043,-0.5481080178748561,-1.3107640521288428,0.6254234529876956,0.0
0.3219231030426666,-1.0572331233880827,0.2553119456119639,0.6780768969573334,0.0
0.32435265550929915,-1.0840116231612185,0.24967419302700317,0.6756473444907009,0.0
0.3772585608623309,-0.5096286851403391,-1.1717507582489985,0.6227414391376691,0.0
0.2436110980392831,-1.079863102488263,1.1384824677624787,0.7563889019607168,0.0
0.37564814776396893,-0.6469832863952739,-0.8382227098511807,0.6243518522360311,0.0
0.3745765470123043,-0.5481080178748561,-1.3107640521288428,0.6254234529876956,0.0
0.3215452858984922,-1.0530688271036792,0.25618866657620143,0.6784547141015078,0.0
0.32435265550929915,-1.0840116231612185,0.24967419302700317,0.6756473444907009,0.0
0.3772585608623309,-0.5096286851403391,-1.1717507582489985,0.6227414391376691,0.0
0.2436110980392831,-1.079863102488263,1.1384824677624787,0.7563889019607168,0.0
0.37564814776396893,-0.6469832863952739,-0.8382227098511807,0.6243518522360311,0.0
0.3745765470123043,-0.5481080178748561,-1.3107640521288428,0.6254234529876956,0.0
0.3238611806947352,-1.0310170017116729,0.1877592615235908,0.6761388193052649,0.0
0.32435265550929915,-1.0840116231612185,0.24967419302700317,0.6756473444907009,0.0
0.3772585608623309,-0.5096286851403391,-1.1717507582489985,0.6227414391376691,0.0
0.2436110980392831,-1.079863102488263,1.1384824677624787,0.7563889019607168,0.0
0.3988665302715214,-0.44916685762813624,-1.330648170833238,0.6011334697284786,0.0
0.3651209818643768,-0.6381433994315233,-1.0313736849331687,0.6348790181356232,0.0
0.3238611806947352,-1.0310170017116729,0.1877592615235908,0.6761388193052649,0.0
0.32435265550929915,-1.0840116231612185,0.24967419302700317,0.6756473444907009,0.0
0.36964469726396515,-0.5922900310550809,-0.9671887982539412,0.6303553027360349,0.0
0.2436110980392831,-1.079863102488263,1.1384824677624787,0.7563889019607168,0.0
0.3988665302715214,-0.44916685762813624,-1.330648170833238,0.6011334697284786,0.0
0.3651209818643768,-0.6381433994315233,-1.0313736849331687,0.6348790181356232,0.0
0.33549944444504876,-0.9407337688727987,-0.04784561570071921,0.6645005555549512,0.0
0.3402904208533486,-0.9109802682922883,-0.17852634860337713,0.6597095791466514,0.0
0.36964469726396515,-0.5922900310550809,-0.9671887982539412,0.6303553027360349,0.0
0.2436110980392831,-1.079863102488263,1.1384824677624787,0.7563889019607168,0.0
0.4046406617934865,-0.4427014233847019,-1.2454509830950193,0.5953593382065134,0.0
0.38174359649685113,-0.46833981930274915,-1.5832966943177165,0.6182564035031488,0.0
0.31861724490465565,-0.9662953255216276,0.17011268052280692,0.6813827550953444,0.0
0.341159501144523,-0.9055830008577899,-0.20223175637895555,0.658840498855477,0.0
0.39698022332189975,-0.39193451652329203,-1.5764438711883737,0.6030197766781002,0.0
0.2436110980392831,-1.079863102488263,1.1384824677624787,0.7563889019607168,0.0
0.3976088470783656,-0.4510754779770111,-1.346061143235473,0.6023911529216344,0.0
0.3815003236710113,-0.4702588125612693,-1.5765395027057698,0.6184996763289887,0.0
0.31838640856627054,-0.9669170295148357,0.17392554758978926,0.6816135914337295,0.0
0.341159501144523,-0.9055830008577899,-0.20223175637895555,0.658840498855477,0.0
0.3915724357132029,-0.4314972139014638,-1.4560065812700533,0.6084275642867971,0.0
0.23242112813998886,-1.0967652477004852,1.282826407317138,0.7675788718600112,0.0
0.3976088470783656,-0.4510754779770111,-1.346061143235473,0.6023911529216344,0.0
0.37208539478148756,-0.5718567974315631,-1.2557971654494429,0.6279146052185125,0.0
0.31838640856627054,-0.9669170295148357,0.17392554758978926,0.6816135914337295,0.0
0.3408666140227247,-0.9079412106476467,-0.19629700387823945,0.6591333859772752,0.0
0.3915724357132029,-0.4314972139014638,-1.4560065812700533,0.6084275642867971,0.0
0.23242112813998886,-1.0967652477004852,1.282826407317138,0.7675788718600112,0.0
0.3976088470783656,-0.4510754779770111,-1.346061143235473,0.6023911529216344,0.0
0.37208539478148756,-0.5718567974315631,-1.2557971654494429,0.6279146052185125,0.0
0.31838640856627054,-0.9669170295148357,0.17392554758978926,0.6816135914337295,0.0
0.3498971368154342,-0.8352310582635407,-0.3792818937489656,0.6501028631845658,0.0
0.3855294471829117,-0.47502313229825827,-1.3939210543960794,0.6144705528170883,0.0
0.23242112813998886,-1.0967652477004852,1.282826407317138,0.7675788718600112,0.0
0.42556435008485155,-0.22598896524300627,-1.912521663445042,0.5744356499151484,0.0
0.37208539478148756,-0.5718567974315631,-1.2557971654494429,0.6279146052185125,0.0
0.28767935698644015,-1.19282697267654,0.9914934792858587,0.7123206430135598,0.0
0.3461310226355278,-0.8799347722666511,-0.23050696068724852,0.6538689773644721,0.0
0.3855294471829117,-0.47502313229825827,-1.3939210543960794,0.6144705528170883,0.0
0.23242112813998886,-1.0967652477004852,1.282826407317138,0.7675788718600112,0.0
0.42556435008485155,-0.22598896524300627,-1.912521663445042,0.5744356499151484,0.0
0.37208539478148756,-0.5718567974315631,-1.2557971654494429,0.6279146052185125,0.0
0.33075336501102076,-0.8907956409496839,0.08430576617325936,0.6692466349889792,0.0
0.338176664412927,-0.9743528748718865,0.08371853954592878,0.6618233355870731,0.0
0.3855294471829117,-0.47502313229825827,-1.3939210543960794,0.6144705528170883,0.0
0.23242112813998886,-1.0967652477004852,1.282826407317138,0.7675788718600112,0.0
0.4300824591785979,-0.19788440014435166,-1.9710479482097538,0.5699175408214021,0.0
0.37208539478148756,-0.5718567974315631,-1.2557971654494429,0.6279146052185125,0.0
0.3605079008182248,-0.8284709117024447,-0.27835684038740127,0.6394920991817752,0.0
0.338176664412927,-0.9743528748718865,0.08371853954592878,0.6618233355870731,0.0
0.3855294471829117,-0.47502313229825827,-1.3939210543960794,0.6144705528170883,0.0
0.23242112813998886,-1.0967652477004852,1.282826407317138,0.7675788718600112,0.0
0.4300824591785979,-0.19788440014435166,-1.9710479482097538,0.5699175408214021,0.0
0.37208539478148756,-0.5718567974315631,-1.2557971654494429,0.6279146052185125,0.0
0.36519778592552,-0.7245200293560907,-0.6743046023403985,0.63480221407448,0.0
0.3659458825584784,-0.7397439199868525,-0.5371265223148391,0.6340541174415216,0.0
0.3855294471829117,-0.47502313229825827,-1.3939210543960794,0.6144705528170883,0.0
0.23242112813998886,-1.0967652477004852,1.282826407317138,0.7675788718600112,0.0
0.4300824591785979,-0.19788440014435166,-1.9710479482097538,0.5699175408214021,0.0
0.37414989745519917,-0.5569867750154183,-1.2770078190172294,0.6258501025448009,0.0
0.3195174777767365,-1.0952836722689347,0.23863265478583306,0.6804825222232636,0.0
0.3659458825584784,-0.7397439199868525,-0.5371265223148391,0.6340541174415216,0.0
0.3855294471829117,-0.47502313229825827,-1.3939210543960794,0.6144705528170883,0.0
0.23242112813998886,-1.0967652477004852,1.282826407317138,0.7675788718600112,0.0
0.4300824591785979,-0.19788440014435166,-1.9710479482097538,0.5699175408214021,0.0
0.3587247093131967,-0.6560207102393941,-1.085604113536388,0.6412752906868033,0.0
0.3195174777767365,-1.0952836722689347,0.23863265478583306,0.6804825222232636,0.0
0.3977645873568396,-0.4709227727938832,-1.2485072189309863,0.6022354126431604,0.0
0.3743530478408575,-0.5445451018567375,-1.2491451941932838,0.6256469521591426,0.0
0.23242112813998886,-1.0967652477004852,1.282826407317138,0.7675788718600112,0.0
0.4300824591785979,-0.19788440014435166,-1.9710479482097538,0.5699175408214021,0.0
0.36156726718460463,-0.6368264882185313,-1.1183001522512197,0.6384327328153954,0.0
0.3195174777767365,-1.0952836722689347,0.23863265478583306,0.6804825222232636,0.0
0.3996072213182693,-0.470305251329525,-1.2266076356094404,0.6003927786817307,0.0
0.3743530478408575,-0.5445451018567375,-1.2491451941932838,0.6256469521591426,0.0
0.23242112813998886,-1.0967652477004852,1.282826407317138,0.7675788718600112,0.0
0.4300824591785979,-0.19788440014435166,-1.9710479482097538,0.5699175408214021,0.0
0.36156726718460463,-0.6368264882185313,-1.1183001522512197,0.6384327328153954,0.0
0.314007692147008,-1.1489717724841149,0.34809371382824406,0.6859923078529919,0.0
0.37369000782617234,-0.5674191748715444,-0.837594790112113,0.6263099921738277,0.0
0.3743530478408575,-0.5445451018567375,-1.2491451941932838,0.6256469521591426,0.0
0.23242112813998886,-1.0967652477004852,1.282826407317138,0.7675788718600112,0.0
0.4149250306340171,-0.2921700688655884,-1.7747029815667887,0.5850749693659829,0.0
0.36156726718460463,-0.6368264882185313,-1.1183001522512197,0.6384327328153954,0.0
0.31762687539345236,-1.085243622140003,0.27826817445419116,0.6823731246065476,0.0
0.3312352484311398,-0.8456214798413164,0.015719438273622544,0.6687647515688602,0.0
0.35140420863735455,-0.7632872250108662,-0.6312229498029855,0.6485957913626454,0.0
0.23242112813998886,-1.0967652477004852,1.282826407317138,0.7675788718600112,0.0
0.4149250306340171,-0.2921700688655884,-1.7747029815667887,0.5850749693659829,0.0
0.3523310547990586,-0.7310831781884767,-0.8247433324193313,0.6476689452009414,0.0
0.2990505568160387,-1.2623080623052687,0.7784555855068824,0.7009494431839614,0.0
0.3162693312244519,-0.9268779490008859,0.6119657263805597,0.6837306687755481,0.0
0.35140420863735455,-0.7632872250108662,-0.6312229498029855,0.6485957913626454,0.0
0.23242112813998886,-1.0967652477004852,1.282826407317138,0.7675788718600112,0.0
0.4191473158944775,-0.2568197521362323,-1.867736101201985,0.5808526841055225,0.0
0.3720645967428387,-0.6239412021759883,-1.6109331110132885,0.6279354032571614,0.0
0.34520784575104974,-0.8758645411863014,-0.23856631581746024,0.6547921542489503,0.0
0.27566290475593036,-1.0091518183124553,0.936853486749526,0.7243370952440696,0.0
0.35140420863735455,-0.7632872250108662,-0.6312229498029855,0.6485957913626454,0.0
0.23242112813998886,-1.0967652477004852,1.282826407317138,0.7675788718600112,0.0
0.4191473158944775,-0.2568197521362323,-1.867736101201985,0.5808526841055225,0.0
0.3720645967428387,-0.6239412021759883,-1.6109331110132885,0.6279354032571614,0.0
0.3453977781470306,-0.8724137943874727,-0.25060212079839367,0.6546022218529695,0.0
0.27566290475593036,-1.0091518183124553,0.936853486749526,0.7243370952440696,0.0
0.35140420863735455,-0.7632872250108662,-0.6312229498029855,0.6485957913626454,0.0
0.23242112813998886,-1.0967652477004852,1.282826407317138,0.7675788718600112,0.0
0.4191473158944775,-0.2568197521362323,-1.867736101201985,0.5808526841055225,0.0
0.3720645967428387,-0.6239412021759883,-1.6109331110132885,0.6279354032571614,0.0
0.3453977781470306,-0.8724137943874727,-0.25060212079839367,0.6546022218529695,0.0
0.27566290475593036,-1.0091518183124553,0.936853486749526,0.7243370952440696,0.0
0.35140420863735455,-0.7632872250108662,-0.6312229498029855,0.6485957913626454,0.0
0.23242112813998886,-1.0967652477004852,1.282826407317138,0.7675788718600112,0.0
0.4191473158944775,-0.2568197521362323,-1.867736101201985,0.5808526841055225,0.0
0.3720645967428387,-0.6239412021759883,-1.6109331110132885,0.6279354032571614,0.0
0.3433980123094614,-0.8763849722540178,-0.2234593617885594,0.6566019876905387,0.0
0.27566290475593036,-1.0091518183124553,0.936853486749526,0.7243370952440696,0.0
0.3540570835419592,-0.7434535488895753,-0.6796458055203856,0.6459429164580408,0.0
0.24066059815792978,-1.0688669178620847,1.1120841232062713,0.7593394018420703,0.0
0.4191473158944775,-0.2568197521362323,-1.867736101201985,0.5808526841055225,0.0
0.3720645967428387,-0.6239412021759883,-1.6109331110132885,0.6279354032571614,0.0
0.3433980123094614,-0.8763849722540178,-0.2234593617885594,0.6566019876905387,0.0
0.27566290475593036,-1.0091518183124553,0.936853486749526,0.7243370952440696,0.0
0.3540570835419592,-0.7434535488895753,-0.6796458055203856,0.6459429164580408,0.0
0.24066059815792978,-1.0688669178620847,1.1120841232062713,0.7593394018420703,0.0
0.4104003784618302,-0.32502287233704885,-1.8200277332875738,0.5895996215381698,0.0
0.36275090222307815,-0.7059594894744881,-1.1601467020325247,0.6372490977769218,0.0
0.3446837861529181,-0.8650621864068135,-0.285691312001604,0.6553162138470818,0.0
0.27566290475593036,-1.0091518183124553,0.936853486749526,0.7243370952440696,0.0
0.34108819794439005,-0.7806702998305917,-0.4747299266137066,0.65891180205561,0.0
0.24066059815792978,-1.0688669178620847,1.1120841232062713,0.7593394018420703,0.0
0.4104003784618302,-0.32502287233704885,-1.8200277332875738,0.5895996215381698,0.0
0.36275090222307815,-0.7059594894744881,-1.1601467020325247,0.6372490977769218,0.0
0.3446837861529181,-0.8650621864068135,-0.285691312001604,0.6553162138470818,0.0
0.2667403007477759,-1.0243740775969135,0.9815223594943219,0.7332596992522241,0.0
0.3225103939697798,-0.9027978757677034,-0.11414858646135606,0.6774896060302202,0.0
0.24521644088911262,-1.0610944985941333,1.0892763914030303,0.7547835591108873,0.0
0.4104003784618302,-0.32502287233704885,-1.8200277332875738,0.5895996215381698,0.0
0.3626718937530884,-0.7063459632147894,-1.1580929826758197,0.6373281062469116,0.0
0.3446837861529181,-0.8650621864068135,-0.285691312001604,0.6553162138470818,0.0
0.2568551670031959,-1.0412384446341623,1.0310099060556606,0.7431448329968041,0.0
0.3225103939697798,-0.9027978757677034,-0.11414858646135606,0.6774896060302202,0.0
0.24521644088911262,-1.0610944985941333,1.0892763914030303,0.7547835591108873,0.0
0.41530734302655103,-0.28536173366381223,-1.9070710241392173,0.584692656973449,0.0
0.3566671081250076,-0.7593285735677374,-0.866868072839913,0.6433328918749923,0.0
0.3432569036226696,-0.8776521381223339,-0.2164892185455417,0.6567430963773304,0.0
0.2568551670031959,-1.0412384446341623,1.0310099060556606,0.7431448329968041,0.0
0.30420228190709314,-1.0246131961644482,0.2395809837708509,0.6957977180929069,0.0
0.24521644088911262,-1.0610944985941333,1.0892763914030303,0.7547835591108873,0.0
0.41530734302655103,-0.28536173366381223,-1.9070710241392173,0.584692656973449,0.0
0.3566671081250076,-0.7593285735677374,-0.866868072839913,0.6433328918749923,0.0
0.3433644821608738,-0.8774508491806657,-0.2179220183471644,0.6566355178391262,0.0
0.2568551670031959,-1.0412384446341623,1.0310099060556606,0.7431448329968041,0.0
0.30408329918408417,-1.0246549752113372,0.24156983501200124,0.6959167008159158,0.0
0.24521644088911262,-1.0610944985941333,1.0892763914030303,0.7547835591108873,0.0
0.41530734302655103,-0.28536173366381223,-1.9070710241392173,0.584692656973449,0.0
0.32638525060566675,-1.004085374746328,-0.32970655540516014,0.6736147493943332,0.0
0.36008875907293325,-0.7527178266465615,-0.10781600170173095,0.6399112409270667,0.0
0.2568551670031959,-1.0412384446341623,1.0310099060556606,0.7431448329968041,0.0
0.30408329918408417,-1.0246549752113372,0.24156983501200124,0.6959167008159158,0.0
0.24521644088911262,-1.0610944985941333,1.0892763914030303,0.7547835591108873,0.0
0.41530734302655103,-0.28536173366381223,-1.9070710241392173,0.584692656973449,0.0
0.32638525060566675,-1.004085374746328,-0.32970655540516014,0.6736147493943332,0.0
0.309588017579431,-0.8882879173252426,0.4184557271518814,0.690411982420569,0.0
0.2463401029384849,-1.071737167457036,1.1531547619452152,0.7536598970615151,0.0
0.30408329918408417,-1.0246549752113372,0.24156983501200124,0.6959167008159158,0.0
0.24532638043330818,-1.0610264442642872,1.0876932175235234,0.7546736195666919,0.0
0.41530734302655103,-0.28536173366381223,-1.9070710241392173,0.584692656973449,0.0
0.32638525060566675,-1.004085374746328,-0.32970655540516014,0.6736147493943332,0.0
0.309588017579431,-0.8882879173252426,0.4184557271518814,0.690411982420569,0.0
0.2463401029384849,-1.071737167457036,1.1531547619452152,0.7536598970615151,0.0
0.30408329918408417,-1.0246549752113372,0.24156983501200124,0.6959167008159158,0.0
0.24532638043330818,-1.0610264442642872,1.0876932175235234,0.7546736195666919,0.0
0.41530734302655103,-0.28536173366381223,-1.9070710241392173,0.584692656973449,0.0
0.32638525060566675,-1.004085374746328,-0.32970655540516014,0.6736147493943332,0.0
0.2846943244967985,-0.9552034218802967,0.67770515534215,0.7153056755032015,0.0
0.2463401029384849,-1.071737167457036,1.1531547619452152,0.7536598970615151,0.0
0.3096968541081941,-0.9873423306330814,0.13312643502093846,0.6903031458918059,0.0
0.24532638043330818,-1.0610264442642872,1.0876932175235234,0.7546736195666919,0.0
0.40897883111147254,-0.31481469922028127,-1.7924530938234242,0.5910211688885274,0.0
0.32638525060566675,-1.004085374746328,-0.32970655540516014,0.6736147493943332,0.0
0.3196747268220706,-0.8611743333330685,0.3134100999403767,0.6803252731779295,0.0
0.2463401029384849,-1.071737167457036,1.1531547619452152,0.7536598970615151,0.0
0.3096968541081941,-0.9873423306330814,0.13312643502093846,0.6903031458918059,0.0
0.24532638043330818,-1.0610264442642872,1.0876932175235234,0.7546736195666919,0.0
0.40897883111147254,-0.31481469922028127,-1.7924530938234242,0.5910211688885274,0.0
0.32638525060566675,-1.004085374746328,-0.32970655540516014,0.6736147493943332,0.0
0.3196747268220706,-0.8611743333330685,0.3134100999403767,0.6803252731779295,0.0
0.2463401029384849,-1.071737167457036,1.1531547619452152,0.7536598970615151,0.0
0.3170672199937646,-0.9775245793317339,0.0144653319138619,0.6829327800062355,0.0
0.24532638043330818,-1.0610264442642872,1.0876932175235234,0.7546736195666919,0.0
0.40897883111147254,-0.31481469922028127,-1.7924530938234242,0.5910211688885274,0.0
0.32638525060566675,-1.004085374746328,-0.32970655540516014,0.6736147493943332,0.0
0.31998701496683857,-0.8678249951038981,0.2834813322846853,0.6800129850331614,0.0
0.2463401029384849,-1.071737167457036,1.1531547619452152,0.7536598970615151,0.0
0.33642302237010846,-0.9517415372250981,-0.2971583916784917,0.6635769776298915,0.0
0.24532638043330818,-1.0610264442642872,1.0876932175235234,0.7546736195666919,0.0
0.40897883111147254,-0.31481469922028127,-1.7924530938234242,0.5910211688885274,0.0
0.3646926600710739,-0.6843974058003877,-1.0081373759137413,0.6353073399289261,0.0
0.31998701496683857,-0.8678249951038981,0.2834813322846853,0.6800129850331614,0.0
0.2463401029384849,-1.071737167457036,1.1531547619452152,0.7536598970615151,0.0
0.33642302237010846,-0.9517415372250981,-0.2971583916784917,0.6635769776298915,0.0
0.2444323653279956,-1.0515805177170907,1.0299618272947146,0.7555676346720044,0.0
0.4026370239676457,-0.3677391718888825,-1.6801385968596216,0.5973629760323542,0.0
0.3646926600710739,-0.6843974058003877,-1.0081373759137413,0.6353073399289261,0.0
0.31998701496683857,-0.8678249951038981,0.2834813322846853,0.6800129850331614,0.0
0.2463401029384849,-1.071737167457036,1.1531547619452152,0.7536598970615151,0.0
0.35824277834644036,-0.7592929796120087,-0.7528972062658887,0.6417572216535596,0.0
0.2444323653279956,-1.0515805177170907,1.0299618272947146,0.7555676346720044,0.0
0.4026370239676457,-0.3677391718888825,-1.6801385968596216,0.5973629760323542,0.0
0.3646926600710739,-0.6843974058003877,-1.0081373759137413,0.6353073399289261,0.0
0.31998701496683857,-0.8678249951038981,0.2834813322846853,0.6800129850331614,0.0
0.2463401029384849,-1.071737167457036,1.1531547619452152,0.7536598970615151,0.0
0.35824277834644036,-0.7592929796120087,-0.7528972062658887,0.6417572216535596,0.0
0.2444323653279956,-1.0515805177170907,1.0299618272947146,0.7555676346720044,0.0
0.4026370239676457,-0.3677391718888825,-1.6801385968596216,0.5973629760323542,0.0
0.3524089094263977,-0.7245991991729488,-0.7838179836253576,0.6475910905736023,0.0
0.3380748947086734,-0.8238336880061455,0.10477294718980978,0.6619251052913266,0.0
0.2463401029384849,-1.071737167457036,1.1531547619452152,0.7536598970615151,0.0
0.35824277834644036,-0.7592929796120087,-0.7528972062658887,0.6417572216535596,0.0
0.2160216406739563,-1.1206778873902679,1.3106599961660814,0.7839783593260437,0.0
0.4026370239676457,-0.3677391718888825,-1.6801385968596216,0.5973629760323542,0.0
0.36672244009614713,-0.6229046205093719,-1.0392429125647362,0.6332775599038529,0.0
0.3523078170899224,-0.7892179747048316,-0.03584843078468247,0.6476921829100776,0.0
0.2463401029384849,-1.071737167457036,1.1531547619452152,0.7536598970615151,0.0
0.3406656094737216,-0.8083703071471202,-0.45350313723862845,0.6593343905262784,0.0
0.21546274673125085,-1.1215800661249171,1.3135634653652246,0.7845372532687491,0.0
0.4026370239676457,-0.3677391718888825,-1.6801385968596216,0.5973629760323542,0.0
0.36672244009614713,-0.6229046205093719,-1.0392429125647362,0.6332775599038529,0.0
0.3523078170899224,-0.7892179747048316,-0.03584843078468247,0.6476921829100776,0.0
0.2463401029384849,-1.071737167457036,1.1531547619452152,0.7536598970615151,0.0
0.34285474369364954,-0.7975804345662685,-0.448192171404359,0.6571452563063505,0.0
0.21546274673125085,-1.1215800661249171,1.3135634653652246,0.7845372532687491,0.0
0.4026370239676457,-0.3677391718888825,-1.6801385968596216,0.5973629760323542,0.0
0.3524635333549642,-0.7242111078257691,-0.78479274753193,0.6475364666450358,0.0
0.3634031467252176,-0.6963008289430446,-0.3983405609110342,0.6365968532747823,0.0
0.27176182115858316,-1.0307008780576563,1.0210882459188393,0.7282381788414168,0.0
0.34009125654308325,-0.8186814471640745,-0.35138587219409184,0.6599087434569167,0.0
0.21546274673125085,-1.1215800661249171,1.3135634653652246,0.7845372532687491,0.0
0.4026370239676457,-0.3677391718888825,-1.6801385968596216,0.5973629760323542,0.0
0.3524635333549642,-0.7242111078257691,-0.78479274753193,0.6475364666450358,0.0
0.3634031467252176,-0.6963008289430446,-0.3983405609110342,0.6365968532747823,0.0
0.27176182115858316,-1.0307008780576563,1.0210882459188393,0.7282381788414168,0.0
0.34009125654308325,-0.8186814471640745,-0.35138587219409184,0.6599087434569167,0.0
0.21546274673125085,-1.1215800661249171,1.3135634653652246,0.7845372532687491,0.0
0.38483965667660636,-0.45789355355424377,-1.3128060141741114,0.6151603433233936,0.0
0.3524635333549642,-0.7242111078257691,-0.78479274753193,0.6475364666450358,0.0
0.36716756138549345,-0.6866966629234111,-0.26535905346881516,0.6328324386145066,0.0
0.27176182115858316,-1.0307008780576563,1.0210882459188393,0.7282381788414168,0.0
0.330839416671137,-0.8893252312869055,-0.02728942082988739,0.669160583328863,0.0
0.21023643388599847,-1.1367389169771203,1.3936116628949264,0.7897635661140016,0.0
0.4096485094109945,-0.2596847130613952,-1.9033995346595578,0.5903514905890055,0.0
0.3524635333549642,-0.7242111078257691,-0.78479274753193,0.6475364666450358,0.0
0.36716756138549345,-0.6866966629234111,-0.26535905346881516,0.6328324386145066,0.0
0.27176182115858316,-1.0307008780576563,1.0210882459188393,0.7282381788414168,0.0
0.3171370620076215,-0.9939515756920887,0.45271072868036566,0.6828629379923785,0.0
0.22106490458219247,-1.118076217756161,1.3280475261508564,0.7789350954178076,0.0
0.4096485094109945,-0.2596847130613952,-1.9033995346595578,0.5903514905890055,0.0
0.3581098018201256,-0.7098057607466943,-0.5853329749824291,0.6418901981798744,0.0
0.36716756138549345,-0.6866966629234111,-0.26535905346881516,0.6328324386145066,0.0
0.27176182115858316,-1.0307008780576563,1.0210882459188393,0.7282381788414168,0.0
0.3272354233989263,-0.9138004987753745,0.19552252565478634,0.6727645766010737,0.0
0.22106490458219247,-1.118076217756161,1.3280475261508564,0.7789350954178076,0.0
0.38481323536630563,-0.47658731103277774,-1.2682546940364814,0.6151867646336944,0.0
0.3570736613829482,-0.7188550489600065,-0.5588344047774068,0.6429263386170518,0.0
0.36716756138549345,-0.6866966629234111,-0.26535905346881516,0.6328324386145066,0.0
0.2904925399795444,-0.9912293448243641,0.7423351318251501,0.7095074600204556,0.0
0.3272354233989263,-0.9138004987753745,0.19552252565478634,0.6727645766010737,0.0
0.22106490458219247,-1.118076217756161,1.3280475261508564,0.7789350954178076,0.0
0.38481323536630563,-0.47658731103277774,-1.2682546940364814,0.6151867646336944,0.0
0.3570736613829482,-0.7188550489600065,-0.5588344047774068,0.6429263386170518,0.0
0.36716756138549345,-0.6866966629234111,-0.26535905346881516,0.6328324386145066,0.0
0.29816368004271365,-0.9493733013821346,0.5788130532344045,0.7018363199572863,0.0
0.31700778194287466,-0.9806218762732003,0.4540931630523308,0.6829922180571253,0.0
0.22106490458219247,-1.118076217756161,1.3280475261508564,0.7789350954178076,0.0
0.38464637304132365,-0.4779451747432625,-1.2640005390421205,0.6153536269586763,0.0
0.3467674779978509,-0.7861895731019263,-0.29827810560798257,0.6532325220021491,0.0
0.36716756138549345,-0.6866966629234111,-0.26535905346881516,0.6328324386145066,0.0
0.24404363055379652,-1.1553917513059808,1.2409009721007553,0.7559563694462035,0.0
0.30145848094029554,-1.017866870442688,0.6217688122740261,0.6985415190597044,0.0
0.22106490458219247,-1.118076217756161,1.3280475261508564,0.7789350954178076,0.0
0.38464637304132365,-0.4779451747432625,-1.2640005390421205,0.6153536269586763,0.0
0.3467674779978509,-0.7861895731019263,-0.29827810560798257,0.6532325220021491,0.0
0.33872176004953314,-0.7706851227204692,0.04487299845270165,0.6612782399504669,0.0
0.24404363055379652,-1.1553917513059808,1.2409009721007553,0.7559563694462035,0.0
0.258446729871832,-1.3031804567894198,1.2876602670700765,0.741553270128168,0.0
0.22067734794861718,-1.1194970041329935,1.3326179535806013,0.7793226520513828,0.0
0.38464637304132365,-0.4779451747432625,-1.2640005390421205,0.6153536269586763,0.0
0.3467674779978509,-0.7861895731019263,-0.29827810560798257,0.6532325220021491,0.0
0.3670093932400514,-0.5830423071094304,-0.39306530329159206,0.6329906067599487,0.0
0.244437899753625,-1.156032011587253,1.2394057106935041,0.755562100246375,0.0
0.258446729871832,-1.3031804567894198,1.2876602670700765,0.741553270128168,0.0
0.22067734794861718,-1.1194970041329935,1.3326179535806013,0.7793226520513828,0.0
0.38464637304132365,-0.4779451747432625,-1.2640005390421205,0.6153536269586763,0.0
0.3467674779978509,-0.7861895731019263,-0.29827810560798257,0.6532325220021491,0.0
0.31330122208805977,-0.8341139734576253,0.32224810381383906,0.6866987779119402,0.0
0.244437899753625,-1.156032011587253,1.2394057106935041,0.755562100246375,0.0
0.24852793342074062,-1.3680407098083727,1.4882107877562798,0.7514720665792594,0.0
0.22067734794861718,-1.1194970041329935,1.3326179535806013,0.7793226520513828,0.0
0.38464637304132365,-0.4779451747432625,-1.2640005390421205,0.6153536269586763,0.0
0.31027810471510253,-1.0831265587536145,0.6320184703787202,0.6897218952848975,0.0
0.36014549038100074,-0.6897822946176366,-0.18874365459953335,0.6398545096189993,0.0
0.244437899753625,-1.156032011587253,1.2394057106935041,0.755562100246375,0.0
0.24852793342074062,-1.3680407098083727,1.4882107877562798,0.7514720665792594,0.0
0.22067734794861718,-1.1194970041329935,1.3326179535806013,0.7793226520513828,0.0
0.38464637304132365,-0.4779451747432625,-1.2640005390421205,0.6153536269586763,0.0
0.316663237473158,-1.0311667166518803,0.46922950998712243,0.6833367625268421,0.0
0.34300956457284776,-0.758832393360021,0.022760719780138494,0.6569904354271523,0.0
0.244437899753625,-1.156032011587253,1.2394057106935041,0.755562100246375,0.0
0.2358650796461417,-1.2550350925758558,1.4174672369783574,0.7641349203538583,0.0
0.2125862840128267,-1.0472908734765791,1.2874156158945105,0.7874137159871732,0.0
0.355250292798267,-0.7171595725820774,-0.5145474699077363,0.644749707201733,0.0
0.316663237473158,-1.0311667166518803,0.46922950998712243,0.6833367625268421,0.0
0.34561845546303205,-0.7318650467377663,-0.021449934521512504,0.654381544536968,0.0
0.2619089621363718,-1.215678066059429,1.2130715976744852,0.7380910378636282,0.0
0.2637353467582302,-1.182075395567531,1.0966961329182734,0.7362646532417698,0.0
0.23292663549394022,-0.9990169883339381,1.0895415352695434,0.7670733645060598,0.0
0.3647376491226758,-0.6286408350166071,-0.7814203672604717,0.6352623508773242,0.0
0.32167857633316693,-1.0303897136015499,0.4298021398033792,0.6783214236668331,0.0
0.34526375759050454,-0.7324065841636996,-0.003291338122646148,0.6547362424094955,0.0
0.2769528941788191,-1.192943958250118,1.095004941959328,0.7230471058211809,0.0
0.2637353467582302,-1.182075395567531,1.0966961329182734,0.7362646532417698,0.0
0.23292663549394022,-0.9990169883339381,1.0895415352695434,0.7670733645060598,0.0
0.3647376491226758,-0.6286408350166071,-0.7814203672604717,0.6352623508773242,0.0
0.32167857633316693,-1.0303897136015499,0.4298021398033792,0.6783214236668331,0.0
0.34526375759050454,-0.7324065841636996,-0.003291338122646148,0.6547362424094955,0.0
0.2769528941788191,-1.192943958250118,1.095004941959328,0.7230471058211809,0.0
0.2637353467582302,-1.182075395567531,1.0966961329182734,0.7362646532417698,0.0
0.23292663549394022,-0.9990169883339381,1.0895415352695434,0.7670733645060598,0.0
0.3647376491226758,-0.6286408350166071,-0.7814203672604717,0.6352623508773242,0.0
0.33009767130428674,-0.9997907476890333,0.3045853673217652,0.6699023286957133,0.0
0.3439566412703375,-0.7355087716144133,0.00942449131437706,0.6560433587296626,0.0
0.2769528941788191,-1.192943958250118,1.095004941959328,0.7230471058211809,0.0
0.2663909290889722,-1.184527432553255,1.0972443314472937,0.7336090709110278,0.0
0.23292663549394022,-0.9990169883339381,1.0895415352695434,0.7670733645060598,0.0
0.3647376491226758,-0.6286408350166071,-0.7814203672604717,0.6352623508773242,0.0
0.33009767130428674,-0.9997907476890333,0.3045853673217652,0.6699023286957133,0.0
0.3439566412703375,-0.7355087716144133,0.00942449131437706,0.6560433587296626,0.0
0.2766597971191849,-1.1940092113405711,1.0993641596611279,0.7233402028808151,0.0
0.2709231971764375,-1.158290672902405,1.0336815663067134,0.7290768028235626,0.0
0.23292663549394022,-0.9990169883339381,1.0895415352695434,0.7670733645060598,0.0
0.3647376491226758,-0.6286408350166071,-0.7814203672604717,0.6352623508773242,0.0
0.33009767130428674,-0.9997907476890333,0.3045853673217652,0.6699023286957133,0.0
0.3439566412703375,-0.7355087716144133,0.00942449131437706,0.6560433587296626,0.0
0.2766597971191849,-1.1940092113405711,1.0993641596611279,0.7233402028808151,0.0
0.2709231971764375,-1.158290672902405,1.0336815663067134,0.7290768028235626,0.0
0.23778689290228106,-0.9853601368047963,1.0205537003598772,0.762213107097719,0.0
0.3647376491226758,-0.6286408350166071,-0.7814203672604717,0.6352623508773242,0.0
0.3308244974578082,-0.9920031715877491,0.2817984771306993,0.6691755025421918,0.0
0.3439566412703375,-0.7355087716144133,0.00942449131437706,0.6560433587296626,0.0
0.27937832240690424,-1.2109359189641857,1.1304905747465492,0.7206216775930958,0.0
0.2709231971764375,-1.158290672902405,1.0336815663067134,0.7290768028235626,0.0
0.23778689290228106,-0.9853601368047963,1.0205537003598772,0.762213107097719,0.0
0.3647376491226758,-0.6286408350166071,-0.7814203672604717,0.6352623508773242,0.0
0.3227479824309129,-0.9914264954092832,0.3459291873968565,0.677252017569087,0.0
0.3439566412703375,-0.7355087716144133,0.00942449131437706,0.6560433587296626,0.0
0.28604699892331037,-1.1825569059538519,1.0204794212364916,0.7139530010766897,0.0
0.26008128761094873,-1.2195010250880616,1.2434485116719824,0.7399187123890513,0.0
0.23778689290228106,-0.9853601368047963,1.0205537003598772,0.762213107097719,0.0
0.3824870663877141,-0.508098500942643,-1.1770022658154429,0.6175129336122859,0.0
0.3227479824309129,-0.9914264954092832,0.3459291873968565,0.677252017569087,0.0
0.3439566412703375,-0.7355087716144133,0.00942449131437706,0.6560433587296626,0.0
0.27373234270319236,-1.2466888466845087,1.2468181576688426,0.7262676572968076,0.0
0.26008128761094873,-1.2195010250880616,1.2434485116719824,0.7399187123890513,0.0
0.23778689290228106,-0.9853601368047963,1.0205537003598772,0.762213107097719,0.0
0.3824870663877141,-0.508098500942643,-1.1770022658154429,0.6175129336122859,0.0
0.3227479824309129,-0.9914264954092832,0.3459291873968565,0.677252017569087,0.0
0.34871383983690674,-0.6781052630750841,-0.0660550413598745,0.6512861601630933,0.0
0.27373234270319236,-1.2466888466845087,1.2468181576688426,0.7262676572968076,0.0
0.2670226199889745,-1.1942381462652591,1.144033982736112,0.7329773800110255,0.0
0.23778689290228106,-0.9853601368047963,1.0205537003598772,0.762213107097719,0.0
0.3824870663877141,-0.508098500942643,-1.1770022658154429,0.6175129336122859,0.0
0.3227479824309129,-0.9914264954092832,0.3459291873968565,0.677252017569087,0.0
0.34871383983690674,-0.6781052630750841,-0.0660550413598745,0.6512861601630933,0.0
0.2592573501598093,-1.141453520716078,1.1557029720050132,0.7407426498401908,0.0
0.26394894065381536,-1.17334473028179,1.148652847497682,0.7360510593461846,0.0
0.23778689290228106,-0.9853601368047963,1.0205537003598772,0.762213107097719,0.0
0.3919971368040463,-0.46022696350751147,-1.4898295379597646,0.6080028631959538,0.0
0.33035502532500793,-0.9919696505214801,0.28552627076773074,0.6696449746749921,0.0
0.34871383983690674,-0.6781052630750841,-0.0660550413598745,0.6512861601630933,0.0
0.2592573501598093,-1.141453520716078,1.1557029720050132,0.7407426498401908,0.0
0.2715952584191481,-1.1307613498610052,0.9910975257985686,0.7284047415808519,0.0
0.23778689290228106,-0.9853601368047963,1.0205537003598772,0.762213107097719,0.0
0.3919971368040463,-0.46022696350751147,-1.4898295379597646,0.6080028631959538,0.0
0.35267331153468523,-0.931011668110123,-0.004560188477993998,0.6473266884653148,0.0
0.34871383983690674,-0.6781052630750841,-0.0660550413598745,0.6512861601630933,0.0
0.2626662440955735,-1.166236681290896,1.1771608071599917,0.7373337559044265,0.0
0.3017315500497008,-1.2603699036348315,0.9648407147008184,0.6982684499502991,0.0
0.23778689290228106,-0.9853601368047963,1.0205537003598772,0.762213107097719,0.0
0.3919971368040463,-0.46022696350751147,-1.4898295379597646,0.6080028631959538,0.0
0.35267331153468523,-0.931011668110123,-0.004560188477993998,0.6473266884653148,0.0
0.33290996457813055,-0.7708678657990384,0.15058674579078724,0.6670900354218694,0.0
0.2566023604228501,-1.122151354613101,1.1389907089697426,0.7433976395771499,0.0
0.3017315500497008,-1.2603699036348315,0.9648407147008184,0.6982684499502991,0.0
0.23778689290228106,-0.9853601368047963,1.0205537003598772,0.762213107097719,0.0
0.3919971368040463,-0.46022696350751147,-1.4898295379597646,0.6080028631959538,0.0
0.34092192248443987,-1.0069889537344932,0.21906394282086816,0.6590780775155601,0.0
0.33290996457813055,-0.7708678657990384,0.15058674579078724,0.6670900354218694,0.0
0.230861123303812,-1.2406516231206142,1.4724141084754114,0.769138876696188,0.0
0.28152930873068943,-1.173485182964942,0.9824422975553814,0.7184706912693106,0.0
0.21770944392755365,-0.894953627067489,0.9842364790907325,0.7822905560724464,0.0
0.3919971368040463,-0.46022696350751147,-1.4898295379597646,0.6080028631959538,0.0
0.34092192248443987,-1.0069889537344932,0.21906394282086816,0.6590780775155601,0.0
0.33290996457813055,-0.7708678657990384,0.15058674579078724,0.6670900354218694,0.0
0.26232001275408573,-1.0958300347266172,1.0649305902327868,0.7376799872459143,0.0
0.2923847490396382,-1.217369187220508,0.9358270161605144,0.7076152509603618,0.0
0.21770944392755365,-0.894953627067489,0.9842364790907325,0.7822905560724464,0.0
0.3919971368040463,-0.46022696350751147,-1.4898295379597646,0.6080028631959538,0.0
0.34092192248443987,-1.0069889537344932,0.21906394282086816,0.6590780775155601,0.0
0.33212565045083237,-0.7749912658367379,0.17236138176551763,0.6678743495491677,0.0
0.25024576615066646,-1.04701890645848,1.1167796527333123,0.7497542338493335,0.0
0.28115510442198516,-1.1719724314773683,0.9840492005139876,0.7188448955780149,0.0
0.21770944392755365,-0.894953627067489,0.9842364790907325,0.7822905560724464,0.0
0.3919971368040463,-0.46022696350751147,-1.4898295379597646,0.6080028631959538,0.0
0.3376275215699053,-0.9201006228301991,0.20157278756054647,0.6623724784300947,0.0
0.32846955009633416,-0.6785632761468967,0.1529498345352743,0.6715304499036658,0.0
0.25024576615066646,-1.04701890645848,1.1167796527333123,0.7497542338493335,0.0
0.28115510442198516,-1.1719724314773683,0.9840492005139876,0.7188448955780149,0.0
0.21770944392755365,-0.894953627067489,0.9842364790907325,0.7822905560724464,0.0
0.38875072751898804,-0.4713844632544967,-1.4058796433618856,0.6112492724810119,0.0
0.3297360972531975,-0.9552970499681623,0.3109156084328505,0.6702639027468025,0.0
0.32846955009633416,-0.6785632761468967,0.1529498345352743,0.6715304499036658,0.0
0.25024576615066646,-1.04701890645848,1.1167796527333123,0.7497542338493335,0.0
0.29142795953045236,-1.1261546194052807,0.8417095022678698,0.7085720404695477,0.0
0.21770944392755365,-0.894953627067489,0.9842364790907325,0.7822905560724464,0.0
0.38875072751898804,-0.4713844632544967,-1.4058796433618856,0.6112492724810119,0.0
0.3297360972531975,-0.9552970499681623,0.3109156084328505,0.6702639027468025,0.0
0.3470018916223267,-0.591270828330106,-0.07539533700728174,0.6529981083776732,0.0
0.25024576615066646,-1.04701890645848,1.1167796527333123,0.7497542338493335,0.0
0.2920229866746019,-1.1221513833266001,0.8279678405972608,0.7079770133253981,0.0
0.21770944392755365,-0.894953627067489,0.9842364790907325,0.7822905560724464,0.0
0.38875072751898804,-0.4713844632544967,-1.4058796433618856,0.6112492724810119,0.0
0.3297360972531975,-0.9552970499681623,0.3109156084328505,0.6702639027468025,0.0
0.34803383984674885,-0.5864100671357552,-0.08811042721853313,0.6519661601532512,0.0
0.25024576615066646,-1.04701890645848,1.1167796527333123,0.7497542338493335,0.0
0.2953882740280349,-1.1324400293472814,0.8208912183098493,0.7046117259719651,0.0
0.21770944392755365,-0.894953627067489,0.9842364790907325,0.7822905560724464,0.0
0.37153541530978523,-0.5932779818199801,-0.9952803695783501,0.6284645846902148,0.0
0.34689093146345407,-0.8668239486936261,0.056211053172843584,0.6531090685365459,0.0
0.34803383984674885,-0.5864100671357552,-0.08811042721853313,0.6519661601532512,0.0
0.25024576615066646,-1.04701890645848,1.1167796527333123,0.7497542338493335,0.0
0.2953882740280349,-1.1324400293472814,0.8208912183098493,0.7046117259719651,0.0
0.2139274942235017,-0.8772778973262586,0.9688299554863047,0.7860725057764983,0.0
0.36806502938453295,-0.6317981666721839,-0.8472114931193092,0.6319349706154671,0.0
0.34689093146345407,-0.8668239486936261,0.056211053172843584,0.6531090685365459,0.0
0.34803383984674885,-0.5864100671357552,-0.08811042721853313,0.6519661601532512,0.0
0.25024576615066646,-1.04701890645848,1.1167796527333123,0.7497542338493335,0.0
0.28187671027878836,-1.2930682181980309,1.164467394397589,0.7181232897212116,0.0
0.2139274942235017,-0.8772778973262586,0.9688299554863047,0.7860725057764983,0.0
0.36806502938453295,-0.6317981666721839,-0.8472114931193092,0.6319349706154671,0.0
0.3175369731511388,-0.8691318370780667,0.25768732190975585,0.6824630268488612,0.0
0.34850662722674997,-0.5853846224506191,-0.0918366347446129,0.65149337277325,0.0
0.25024576615066646,-1.04701890645848,1.1167796527333123,0.7497542338493335,0.0
0.28187671027878836,-1.2930682181980309,1.164467394397589,0.7181232897212116,0.0
0.2139274942235017,-0.8772778973262586,0.9688299554863047,0.7860725057764983,0.0
0.36806502938453295,-0.6317981666721839,-0.8472114931193092,0.6319349706154671,0.0
0.31381282679441247,-0.9134052383954699,0.3523860546531421,0.6861871732055875,0.0
0.37013966566850204,-0.5384639870195586,-0.2623343977209409,0.6298603343314979,0.0
0.2826858411487781,-0.909417579004759,0.7436283630713214,0.717314158851222,0.0
0.2841193370350908,-1.266407420024083,1.1074411952379681,0.7158806629649093,0.0
0.2139274942235017,-0.8772778973262586,0.9688299554863047,0.7860725057764983,0.0
0.3621830225703353,-0.6623299171951433,-0.717151502677976,0.6378169774296647,0.0
0.31381282679441247,-0.9134052383954699,0.3523860546531421,0.6861871732055875,0.0
0.37013966566850204,-0.5384639870195586,-0.2623343977209409,0.6298603343314979,0.0
0.2728014769787168,-0.9513441661324276,0.8573261038367743,0.7271985230212832,0.0
0.2841193370350908,-1.266407420024083,1.1074411952379681,0.7158806629649093,0.0
0.2139274942235017,-0.8772778973262586,0.9688299554863047,0.7860725057764983,0.0
0.34075012725274123,-0.7316329495131116,-0.33960585276821265,0.6592498727472588,0.0
0.31381282679441247,-0.9134052383954699,0.3523860546531421,0.6861871732055875,0.0
0.37013966566850204,-0.5384639870195586,-0.2623343977209409,0.6298603343314979,0.0
0.2728014769787168,-0.9513441661324276,0.8573261038367743,0.7271985230212832,0.0
0.26034078161711943,-1.1345838697423791,1.0604845274263566,0.7396592183828805,0.0
0.2139274942235017,-0.8772778973262586,0.9688299554863047,0.7860725057764983,0.0
0.34075012725274123,-0.7316329495131116,-0.33960585276821265,0.6592498727472588,0.0
0.3030524277411585,-1.0413270277095963,0.6260047732934098,0.6969475722588415,0.0
0.2970183468526974,-0.6970593110944713,0.31396103657700036,0.7029816531473025,0.0
0.2728014769787168,-0.9513441661324276,0.8573261038367743,0.7271985230212832,0.0
0.2687980894644314,-0.9981510572874228,0.8732317435890802,0.7312019105355686,0.0
0.2139274942235017,-0.8772778973262586,0.9688299554863047,0.7860725057764983,0.0
0.34866515175904583,-0.7060398044419625,-0.4790309293621069,0.6513348482409542,0.0
0.3030524277411585,-1.0413270277095963,0.6260047732934098,0.6969475722588415,0.0
0.28790884158941066,-0.6898574835387549,0.45010164105131967,0.7120911584105893,0.0
0.2728014769787168,-0.9513441661324276,0.8573261038367743,0.7271985230212832,0.0
0.24945315621046313,-0.9737676854866099,1.0128517006384303,0.7505468437895368,0.0
0.2139274942235017,-0.8772778973262586,0.9688299554863047,0.7860725057764983,0.0
0.34866515175904583,-0.7060398044419625,-0.4790309293621069,0.6513348482409542,0.0
0.30266555097304143,-1.0401762447492102,0.6289631215932675,0.6973344490269586,0.0
0.29428691896796405,-0.6915562716086207,0.35256313990658095,0.705713081032036,0.0
0.2728014769787168,-0.9513441661324276,0.8573261038367743,0.7271985230212832,0.0
0.24945315621046313,-0.9737676854866099,1.0128517006384303,0.7505468437895368,0.0
0.2139274942235017,-0.8772778973262586,0.9688299554863047,0.7860725057764983,0.0
0.360931200108346,-0.6663776714184556,-0.6951003463605459,0.639068799891654,0.0
0.30266555097304143,-1.0401762447492102,0.6289631215932675,0.6973344490269586,0.0
0.3136048767014436,-0.6469098281178256,0.20441603290858668,0.6863951232985563,0.0
0.2728014769787168,-0.9513441661324276,0.8573261038367743,0.7271985230212832,0.0
0.2636577764261948,-0.9914949155353227,0.9103757362541277,0.7363422235738052,0.0
0.2139274942235017,-0.8772778973262586,0.9688299554863047,0.7860725057764983,0.0
0.3588469435829156,-0.6797490510773692,-0.6477364541852743,0.6411530564170844,0.0
0.31386474002470927,-0.9683287505206031,0.37446604974932274,0.6861352599752908,0.0
0.3135341277767111,-0.6494532368068866,0.20716174601454018,0.6864658722232889,0.0
0.2731809590057373,-0.9496778289987602,0.8551244370250942,0.7268190409942628,0.0
0.26124322801667743,-1.0020973983654227,0.9243843867827665,0.7387567719833226,0.0
0.2139274942235017,-0.8772778973262586,0.9688299554863047,0.7860725057764983,0.0
0.35297331900186873,-0.6758219890258078,-0.5369212026135813,0.6470266809981313,0.0
0.3138975893584576,-1.0000119329724628,0.3910892539536111,0.6861024106415424,0.0
0.3135341277767111,-0.6494532368068866,0.20716174601454018,0.6864658722232889,0.0
0.2731809590057373,-0.9496778289987602,0.8551244370250942,0.7268190409942628,0.0
0.26124322801667743,-1.0020973983654227,0.9243843867827665,0.7387567719833226,0.0
0.2139274942235017,-0.8772778973262586,0.9688299554863047,0.7860725057764983,0.0
0.35297331900186873,-0.6758219890258078,-0.5369212026135813,0.6470266809981313,0.0
0.3138975893584576,-1.0000119329724628,0.3910892539536111,0.6861024106415424,0.0
0.3144139437115552,-0.6429074712998053,0.19303428296520475,0.6855860562884448,0.0
0.28224237224016313,-0.882261584479584,0.709622661512471,0.7177576277598369,0.0
0.2589613592114319,-0.9960777997483414,0.9265278377794121,0.7410386407885681,0.0
0.2139274942235017,-0.8772778973262586,0.9688299554863047,0.7860725057764983,0.0
0.35297331900186873,-0.6758219890258078,-0.5369212026135813,0.6470266809981313,0.0
0.31063809049302565,-1.0270542112388328,0.4684991720253465,0.6893619095069743,0.0
0.31309751395026686,-0.6417837588333368,0.21795520345203034,0.6869024860497331,0.0
0.28224237224016313,-0.882261584479584,0.709622661512471,0.7177576277598369,0.0
0.25467520065303456,-0.9847708595459038,0.9305539986229533,0.7453247993469654,0.0
0.2139274942235017,-0.8772778973262586,0.9688299554863047,0.7860725057764983,0.0
0.3739472882955336,-0.6146061007296777,-0.9065609985782708,0.6260527117044664,0.0
0.31472021857229876,-0.8827618954324465,0.3385177142884777,0.6852797814277012,0.0
0.32392502307361615,-0.5573966613566362,0.045422082787083484,0.6760749769263839,0.0
0.28224237224016313,-0.882261584479584,0.709622661512471,0.7177576277598369,0.0
0.25467520065303456,-0.9847708595459038,0.9305539986229533,0.7453247993469654,0.0
0.2139274942235017,-0.8772778973262586,0.9688299554863047,0.7860725057764983,0.0
0.3739472882955336,-0.6146061007296777,-0.9065609985782708,0.6260527117044664,0.0
0.31472021857229876,-0.8827618954324465,0.3385177142884777,0.6852797814277012,0.0
0.32392502307361615,-0.5573966613566362,0.045422082787083484,0.6760749769263839,0.0
0.28224237224016313,-0.882261584479584,0.709622661512471,0.7177576277598369,0.0
0.25467520065303456,-0.9847708595459038,0.9305539986229533,0.7453247993469654,0.0
0.2139274942235017,-0.8772778973262586,0.9688299554863047,0.7860725057764983,0.0
0.3739472882955336,-0.6146061007296777,-0.9065609985782708,0.6260527117044664,0.0
0.29407227116410084,-0.9762473029006835,0.7725813933202628,0.7059277288358992,0.0
0.30859143402678074,-0.652027666826296,0.2414117413198621,0.6914085659732192,0.0
0.28224237224016313,-0.882261584479584,0.709622661512471,0.7177576277598369,0.0
0.2442596634741926,-1.023501316976216,1.0140271452376721,0.7557403365258074,0.0
0.2139274942235017,-0.8772778973262586,0.9688299554863047,0.7860725057764983,0.0
0.3739472882955336,-0.6146061007296777,-0.9065609985782708,0.6260527117044664,0.0
0.29407227116410084,-0.9762473029006835,0.7725813933202628,0.7059277288358992,0.0
0.30859143402678074,-0.652027666826296,0.2414117413198621,0.6914085659732192,0.0
0.28224237224016313,-0.882261584479584,0.709622661512471,0.7177576277598369,0.0
0.2443603081681566,-1.0231270669525994,1.0132205493654671,0.7556396918318434,0.0
0.2139274942235017,-0.8772778973262586,0.9688299554863047,0.7860725057764983,0.0
0.3739472882955336,-0.6146061007296777,-0.9065609985782708,0.6260527117044664,0.0
0.29407227116410084,-0.9762473029006835,0.7725813933202628,0.7059277288358992,0.0
0.30859143402678074,-0.652027666826296,0.2414117413198621,0.6914085659732192,0.0
0.28224237224016313,-0.882261584479584,0.709622661512471,0.7177576277598369,0.0
0.22075845172285008,-1.0453842741651456,1.1274693231779596,0.77924154827715,0.0
0.2139274942235017,-0.8772778973262586,0.9688299554863047,0.7860725057764983,0.0
0.3739472882955336,-0.6146061007296777,-0.9065609985782708,0.6260527117044664,0.0
0.30175380168093063,-0.9857330927197245,0.7537718167426184,0.6982461983190693,0.0
0.3179314587278481,-0.6033967083109864,0.1210945940399949,0.6820685412721519,0.0
0.2751677698893665,-0.826055560340377,0.6719716219799776,0.7248322301106336,0.0
0.22075845172285008,-1.0453842741651456,1.1274693231779596,0.77924154827715,0.0
0.2139274942235017,-0.8772778973262586,0.9688299554863047,0.7860725057764983,0.0
0.3739472882955336,-0.6146061007296777,-0.9065609985782708,0.6260527117044664,0.0
0.30175380168093063,-0.9857330927197245,0.7537718167426184,0.6982461983190693,0.0
0.28084060639382835,-0.7010707420581007,0.42342179146541514,0.7191593936061716,0.0
0.2751677698893665,-0.826055560340377,0.6719716219799776,0.7248322301106336,0.0
0.22075845172285008,-1.0453842741651456,1.1274693231779596,0.77924154827715,0.0
0.2139274942235017,-0.8772778973262586,0.9688299554863047,0.7860725057764983,0.0
0.3739472882955336,-0.6146061007296777,-0.9065609985782708,0.6260527117044664,0.0
0.2981464423679271,-0.9640670449987991,0.7426726539681217,0.7018535576320729,0.0
0.29569584974901497,-0.6619513514404507,0.30233683903020525,0.704304150250985,0.0
0.2751677698893665,-0.826055560340377,0.6719716219799776,0.7248322301106336,0.0
0.22075845172285008,-1.0453842741651456,1.1274693231779596,0.77924154827715,0.0
0.20740231011543583,-0.870553577210383,0.9863523546886651,0.7925976898845641,0.0
0.3739472882955336,-0.6146061007296777,-0.9065609985782708,0.6260527117044664,0.0
0.2981464423679271,-0.9640670449987991,0.7426726539681217,0.7018535576320729,0.0
0.285668682471973,-0.7421098643046136,0.4828890302429846,0.714331317528027,0.0
0.26027862802946733,-0.8860749916460954,0.7966188353348466,0.7397213719705327,0.0
0.22075845172285008,-1.0453842741651456,1.1274693231779596,0.77924154827715,0.0
0.18776514168192654,-0.9027803273281203,1.1126721751244029,0.8122348583180734,0.0
0.3739472882955336,-0.6146061007296777,-0.9065609985782708,0.6260527117044664,0.0
0.2981464423679271,-0.9640670449987991,0.7426726539681217,0.7018535576320729,0.0
0.2573415474720767,-0.7885978039627207,0.66510871322639,0.7426584525279233,0.0
0.24231962688448686,-0.9879050169663475,1.0185275335464925,0.7576803731155132,0.0
0.2241630315685436,-1.0363081120757687,1.110267059453809,0.7758369684314563,0.0
0.18776514168192654,-0.9027803273281203,1.1126721751244029,0.8122348583180734,0.0
0.36383571021856387,-0.6612230161425157,-0.6865587724709847,0.6361642897814361,0.0
0.2981464423679271,-0.9640670449987991,0.7426726539681217,0.7018535576320729,0.0
0.26196126236967043,-0.7810163444399775,0.6353915185960002,0.7380387376303296,0.0
0.24604236265477836,-0.9779806930266913,0.9997177286958626,0.7539576373452217,0.0
0.2553672291440644,-1.1507825332597075,1.1082051348529331,0.7446327708559356,0.0
0.19166463614416124,-0.9170858504999284,1.1124145026255923,0.8083353638558388,0.0
0.36383571021856387,-0.6612230161425157,-0.6865587724709847,0.6361642897814361,0.0
0.2788960673331046,-1.0480878322681526,0.907159955490455,0.7211039326668953,0.0
0.25745173463182414,-0.7582039054347834,0.6220217562863604,0.7425482653681759,0.0
0.2634042405202377,-1.0003842933168405,0.9660664791936522,0.7365957594797623,0.0
0.25761242638838405,-1.1087676973878404,1.068497673576517,0.7423875736116159,0.0
0.19207818129239312,-0.9175660269266288,1.111570874958978,0.8079218187076069,0.0
0.36383571021856387,-0.6612230161425157,-0.6865587724709847,0.6361642897814361,0.0
0.27680471603953255,-1.0198170003512186,0.8793519490554177,0.7231952839604674,0.0
0.25745173463182414,-0.7582039054347834,0.6220217562863604,0.7425482653681759,0.0
0.25994509509185165,-0.995368011648153,0.988450622955597,0.7400549049081484,0.0
0.25761242638838405,-1.1087676973878404,1.068497673576517,0.7423875736116159,0.0
0.2107022564210515,-0.9397093369876965,1.0656292248050163,0.7892977435789486,0.0
0.36383571021856387,-0.6612230161425157,-0.6865587724709847,0.6361642897814361,0.0
0.27100670083108097,-1.0114090053689153,0.9168709284238209,0.728993299168919,0.0
0.25738989108231464,-0.6232865351351735,0.4501918125055141,0.7426101089176853,0.0
0.25994509509185165,-0.995368011648153,0.988450622955597,0.7400549049081484,0.0
0.2620333107839997,-1.1247000094634911,1.0687680004677302,0.7379666892160003,0.0
0.2107022564210515,-0.9397093369876965,1.0656292248050163,0.7892977435789486,0.0
0.36383571021856387,-0.6612230161425157,-0.6865587724709847,0.6361642897814361,0.0
0.27053796135800157,-1.010729262561081,0.919904143409871,0.7294620386419984,0.0
0.25750002047847753,-0.8635439045912584,0.7561821397324334,0.7424999795215225,0.0
0.25994509509185165,-0.995368011648153,0.988450622955597,0.7400549049081484,0.0
0.2620333107839997,-1.1247000094634911,1.0687680004677302,0.7379666892160003,0.0
0.2107022564210515,-0.9397093369876965,1.0656292248050163,0.7892977435789486,0.0
0.3672463028998236,-0.6456955703246121,-0.7453658799483687,0.6327536971001764,0.0
0.25643364712433514,-0.9939886333967032,0.9542540744734309,0.7435663528756649,0.0
0.25782524102372406,-0.8810778922001361,0.7870762819169889,0.7421747589762759,0.0
0.25994509509185165,-0.995368011648153,0.988450622955597,0.7400549049081484,0.0
0.2620333107839997,-1.1247000094634911,1.0687680004677302,0.7379666892160003,0.0
0.20022686737837425,-0.9272759353766165,1.0911411983415273,0.7997731326216257,0.0
0.3672463028998236,-0.6456955703246121,-0.7453658799483687,0.6327536971001764,0.0
0.2557881339615476,-1.09972352289761,1.1168001409370754,0.7442118660384525,0.0
0.25729687794092504,-0.8525916483813067,0.7368847290042195,0.742703122059075,0.0
0.25968238027917845,-0.9790969761864114,0.9783460322914991,0.7403176197208216,0.0
0.2620333107839997,-1.1247000094634911,1.0687680004677302,0.7379666892160003,0.0
0.20022686737837425,-0.9272759353766165,1.0911411983415273,0.7997731326216257,0.0
0.38507869875089484,-0.5730548096261584,-1.043297219940443,0.6149213012491052,0.0
0.2557881339615476,-1.09972352289761,1.1168001409370754,0.7442118660384525,0.0
0.2573819871702336,-0.8574811788924328,0.7428483582565492,0.7426180128297664,0.0
0.25968238027917845,-0.9790969761864114,0.9783460322914991,0.7403176197208216,0.0
0.25963994432762505,-1.1151281611645025,1.0871755679546775,0.740360055672375,0.0
0.2193055256322765,-0.9439047706138317,1.0549463978803655,0.7806944743677235,0.0
0.38507869875089484,-0.5730548096261584,-1.043297219940443,0.6149213012491052,0.0
0.2547757804735401,-1.2535864260560086,1.3543197503215296,0.7452242195264599,0.0
0.2573819871702336,-0.8574811788924328,0.7428483582565492,0.7426180128297664,0.0
0.25272468647934326,-0.9730326952349567,0.9915457204143989,0.7472753135206567,0.0
0.2592888322119081,-1.1079134714492516,1.0823201021380415,0.7407111677880919,0.0
0.22822808051887278,-0.9329279359078607,1.0004113655578681,0.7717719194811272,0.0
0.3577858703044418,-0.7155967642128744,-0.5411001125020838,0.6422141296955581,0.0
0.2547757804735401,-1.2535864260560086,1.3543197503215296,0.7452242195264599,0.0
0.25570346262889965,-0.8991267733778081,0.8324806696431615,0.7442965373711004,0.0
0.25272468647934326,-0.9730326952349567,0.9915457204143989,0.7472753135206567,0.0
0.2592888322119081,-1.1079134714492516,1.0823201021380415,0.7407111677880919,0.0
0.2264450103330228,-0.9351215303377053,1.0113095658440536,0.7735549896669772,0.0
0.3577858703044418,-0.7155967642128744,-0.5411001125020838,0.6422141296955581,0.0
0.25445324934416247,-1.263997133775058,1.3737585599795523,0.7455467506558375,0.0
0.25570346262889965,-0.8991267733778081,0.8324806696431615,0.7442965373711004,0.0
0.25272468647934326,-0.9730326952349567,0.9915457204143989,0.7472753135206567,0.0
0.26342035235116207,-1.1996060826897539,1.1489891333717104,0.736579647648838,0.0
0.2264450103330228,-0.9351215303377053,1.0113095658440536,0.7735549896669772,0.0
0.3577858703044418,-0.7155967642128744,-0.5411001125020838,0.6422141296955581,0.0
0.25445324934416247,-1.263997133775058,1.3737585599795523,0.7455467506558375,0.0
0.255417736640269,-0.9825149006031889,0.9561852904693504,0.744582263359731,0.0
0.25265078067795327,-0.9605923261607634,0.9752039680925576,0.7473492193220468,0.0
0.26342035235116207,-1.1996060826897539,1.1489891333717104,0.736579647648838,0.0
0.20429632678108883,-0.9123893275239952,1.0402237991068897,0.7957036732189111,0.0
0.3577858703044418,-0.7155967642128744,-0.5411001125020838,0.6422141296955581,0.0
0.2533993734730005,-1.3134171133664756,1.4566741413326012,0.7466006265269995,0.0
0.26075245614182346,-0.9686049724199585,0.8781571253293226,0.7392475438581765,0.0
0.2526593005300293,-0.9620264504418066,0.9770878433746955,0.7473406994699707,0.0
0.2637805064701645,-1.2307902048705894,1.1855502495473464,0.7362194935298355,0.0
0.20429632678108883,-0.9123893275239952,1.0402237991068897,0.7957036732189111,0.0
0.3577858703044418,-0.7155967642128744,-0.5411001125020838,0.6422141296955581,0.0
0.2533993734730005,-1.3134171133664756,1.4566741413326012,0.7466006265269995,0.0
0.2613637188338672,-1.021531454355183,0.9402095776504156,0.7386362811661328,0.0
0.2526593005300293,-0.9620264504418066,0.9770878433746955,0.7473406994699707,0.0
0.2690301772861389,-1.1890063195987657,1.0484446771009384,0.730969822713861,0.0
0.20429632678108883,-0.9123893275239952,1.0402237991068897,0.7957036732189111,0.0
0.3577858703044418,-0.7155967642128744,-0.5411001125020838,0.6422141296955581,0.0
0.2533993734730005,-1.3134171133664756,1.4566741413326012,0.7466006265269995,0.0
0.3008764690978583,-1.097100101276584,0.8709609785274289,0.6991235309021417,0.0
0.2526593005300293,-0.9620264504418066,0.9770878433746955,0.7473406994699707,0.0
0.2611401653581364,-1.0796124305759003,1.0140539552335566,0.7388598346418636,0.0
0.1764845769609783,-0.8838448618435635,1.0765309421414064,0.8235154230390217,0.0
0.3577858703044418,-0.7155967642128744,-0.5411001125020838,0.6422141296955581,0.0
0.2540270215479376,-1.294459484580903,1.4207850860711084,0.7459729784520623,0.0
0.3008764690978583,-1.097100101276584,0.8709609785274289,0.6991235309021417,0.0
0.2526593005300293,-0.9620264504418066,0.9770878433746955,0.7473406994699707,0.0
0.26349428814724307,-1.0085079570124056,0.8794446952926893,0.7365057118527569,0.0
0.1764845769609783,-0.8838448618435635,1.0765309421414064,0.8235154230390217,0.0
0.3577858703044418,-0.7155967642128744,-0.5411001125020838,0.6422141296955581,0.0
0.23880158788069694,-1.3585986016090295,1.5994704477103463,0.7611984121193031,0.0
0.29645054326667025,-1.1157448887452766,0.9229035487700019,0.7035494567333298,0.0
0.21474973838753936,-0.9231181400141747,1.0265772823343406,0.7852502616124606,0.0
0.29209212764280407,-1.0586051328630166,0.7931237808617141,0.7079078723571959,0.0
0.1764845769609783,-0.8838448618435635,1.0765309421414064,0.8235154230390217,0.0
0.3577858703044418,-0.7155967642128744,-0.5411001125020838,0.6422141296955581,0.0
0.23880158788069694,-1.3585986016090295,1.5994704477103463,0.7611984121193031,0.0
0.29645054326667025,-1.1157448887452766,0.9229035487700019,0.7035494567333298,0.0
0.21474973838753936,-0.9231181400141747,1.0265772823343406,0.7852502616124606,0.0
0.29209212764280407,-1.0586051328630166,0.7931237808617141,0.7079078723571959,0.0
0.1764845769609783,-0.8838448618435635,1.0765309421414064,0.8235154230390217,0.0
0.3577858703044418,-0.7155967642128744,-0.5411001125020838,0.6422141296955581,0.0
0.23880158788069694,-1.3585986016090295,1.5994704477103463,0.7611984121193031,0.0
0.29448933163762636,-1.124006747483844,0.9459202862137966,0.7055106683623736,0.0
0.21474973838753936,-0.9231181400141747,1.0265772823343406,0.7852502616124606,0.0
0.30472010864098187,-0.9926703423329686,0.5366525662516248,0.6952798913590181,0.0
0.1764845769609783,-0.8838448618435635,1.0765309421414064,0.8235154230390217,0.0
0.3577858703044418,-0.7155967642128744,-0.5411001125020838,0.6422141296955581,0.0
0.23005051148550132,-1.3947117184445634,1.70037095390338,0.7699494885144986,0.0
0.2946416733171364,-1.1281630027860732,0.9556304636950946,0.7053583266828636,0.0
0.21474973838753936,-0.9231181400141747,1.0265772823343406,0.7852502616124606,0.0
0.30472010864098187,-0.9926703423329686,0.5366525662516248,0.6952798913590181,0.0
0.1764845769609783,-0.8838448618435635,1.0765309421414064,0.8235154230390217,0.0
0.3577858703044418,-0.7155967642128744,-0.5411001125020838,0.6422141296955581,0.0
0.22273319144959625,-1.4249081447407286,1.784740151731957,0.7772668085504038,0.0
0.2946416733171364,-1.1281630027860732,0.9556304636950946,0.7053583266828636,0.0
0.21474973838753936,-0.9231181400141747,1.0265772823343406,0.7852502616124606,0.0
0.30472010864098187,-0.9926703423329686,0.5366525662516248,0.6952798913590181,0.0
0.17918966088761334,-0.9154916821005835,1.117954136560123,0.8208103391123867,0.0
0.3577858703044418,-0.7155967642128744,-0.5411001125020838,0.6422141296955581,0.0
0.23156552219018978,-1.3785197815922827,1.6326321695897912,0.7684344778098102,0.0
0.2946416733171364,-1.1281630027860732,0.9556304636950946,0.7053583266828636,0.0
0.21474973838753936,-0.9231181400141747,1.0265772823343406,0.7852502616124606,0.0
0.30472010864098187,-0.9926703423329686,0.5366525662516248,0.6952798913590181,0.0
0.17918966088761334,-0.9154916821005835,1.117954136560123,0.8208103391123867,0.0
0.4110751990259034,-0.36741943429728285,-1.804237051253068,0.5889248009740966,0.0
0.23156552219018978,-1.3785197815922827,1.6326321695897912,0.7684344778098102,0.0
0.2946416733171364,-1.1281630027860732,0.9556304636950946,0.7053583266828636,0.0
0.21474973838753936,-0.9231181400141747,1.0265772823343406,0.7852502616124606,0.0
0.3022175301586266,-1.005870041093739,0.5741454304107195,0.6977824698413734,0.0
0.17908850074352034,-0.9154294867963386,1.1184225850653768,0.8209114992564797,0.0
0.4110751990259034,-0.36741943429728285,-1.804237051253068,0.5889248009740966,0.0
0.2375190783279378,-1.347118110025263,1.543437815402721,0.7624809216720622,0.0
0.2946416733171364,-1.1281630027860732,0.9556304636950946,0.7053583266828636,0.0
0.21474973838753936,-0.9231181400141747,1.0265772823343406,0.7852502616124606,0.0
0.3168582720903331,-0.9200020387057307,0.25426641323842913,0.6831417279096669,0.0
0.17908850074352034,-0.9154294867963386,1.1184225850653768,0.8209114992564797,0.0
0.3689105972337786,-0.6054323857980277,-0.990935986938023,0.6310894027662214,0.0
0.2375190783279378,-1.347118110025263,1.543437815402721,0.7624809216720622,0.0
0.2946416733171364,-1.1281630027860732,0.9556304636950946,0.7053583266828636,0.0
0.21474973838753936,-0.9231181400141747,1.0265772823343406,0.7852502616124606,0.0
0.32483057730830134,-0.845304612828051,0.002585751574913142,0.6751694226916987,0.0
0.16953688209029152,-0.9133701336065593,1.1430227213683957,0.8304631179097085,0.0
0.3689105972337786,-0.6054323857980277,-0.990935986938023,0.6310894027662214,0.0
0.23828114081339824,-1.3613088802376447,1.5607365172314753,0.7617188591866018,0.0
0.3070603504378736,-1.011804786641218,0.5635806375433982,0.6929396495621264,0.0
0.21474973838753936,-0.9231181400141747,1.0265772823343406,0.7852502616124606,0.0
0.3253365658929928,-0.844946941530514,-0.0021210441805041835,0.6746634341070072,0.0
0.16953688209029152,-0.9133701336065593,1.1430227213683957,0.8304631179097085,0.0
0.4088430770136078,-0.385934444949716,-1.897114081841498,0.5911569229863922,0.0
0.23828114081339824,-1.3613088802376447,1.5607365172314753,0.7617188591866018,0.0
0.3145119901346646,-0.9628455525124407,0.3762944359776801,0.6854880098653354,0.0
0.2047275943317799,-0.9191271129067531,1.0919048811910248,0.7952724056682201,0.0
0.36687333318804627,-0.6166306701386968,-0.9447048472252928,0.6331266668119537,0.0
0.16953688209029152,-0.9133701336065593,1.1430227213683957,0.8304631179097085,0.0
0.4088430770136078,-0.385934444949716,-1.897114081841498,0.5911569229863922,0.0
0.23828114081339824,-1.3613088802376447,1.5607365172314753,0.7617188591866018,0.0
0.31474464814493036,-0.9629382017919326,0.37477789529727523,0.6852553518550697,0.0
0.2047275943317799,-0.9191271129067531,1.0919048811910248,0.7952724056682201,0.0
0.36687333318804627,-0.6166306701386968,-0.9447048472252928,0.6331266668119537,0.0
0.16953688209029152,-0.9133701336065593,1.1430227213683957,0.8304631179097085,0.0
0.38515788638128406,-0.5311700683356024,-1.3252639965475606,0.6148421136187159,0.0
0.23828114081339824,-1.3613088802376447,1.5607365172314753,0.7617188591866018,0.0
0.31474464814493036,-0.9629382017919326,0.37477789529727523,0.6852553518550697,0.0
0.2047275943317799,-0.9191271129067531,1.0919048811910248,0.7952724056682201,0.0
0.36687333318804627,-0.6166306701386968,-0.9447048472252928,0.6331266668119537,0.0
0.16246840249413333,-0.9122137747798417,1.1532903569824153,0.8375315975058667,0.0
0.39643540894279905,-0.46201723588025567,-1.5975460456481279,0.603564591057201,0.0
0.23753592685813177,-1.3656244190281477,1.575255982483731,0.7624640731418683,0.0
0.3141243236347592,-0.9661735374677023,0.38442299715874717,0.6858756763652408,0.0
0.18713589683887497,-0.9162492217851711,1.1174584867765007,0.812864103161125,0.0
0.37100496670585137,-0.5892522787945462,-1.048810482531254,0.6289950332941486,0.0
0.16246840249413333,-0.9122137747798417,1.1532903569824153,0.8375315975058667,0.0
0.39854697229791464,-0.45795419071602733,-1.6223724749463422,0.6014530277020853,0.0
0.22785026620684698,-1.30712266779715,1.5208114555096546,0.772149733793153,0.0
0.3141243236347592,-0.9661735374677023,0.38442299715874717,0.6858756763652408,0.0
0.18713589683887497,-0.9162492217851711,1.1174584867765007,0.812864103161125,0.0
0.3832917208323599,-0.5306789363373685,-1.3046820149640748,0.6167082791676401,0.0
0.16892746961843924,-0.9132704375571682,1.1439079506619794,0.8310725303815607,0.0
0.39854697229791464,-0.45795419071602733,-1.6223724749463422,0.6014530277020853,0.0
0.22785026620684698,-1.30712266779715,1.5208114555096546,0.772149733793153,0.0
0.3141243236347592,-0.9661735374677023,0.38442299715874717,0.6858756763652408,0.0
0.18713589683887497,-0.9162492217851711,1.1174584867765007,0.812864103161125,0.0
0.36819366614001925,-0.6026542944202413,-0.9902651762199013,0.6318063338599808,0.0
0.17820830217512373,-0.9359014348647697,1.1558409931221447,0.8217916978248763,0.0
0.38786650357523816,-0.5312127263999337,-1.3225530748414733,0.6121334964247618,0.0
0.22785026620684698,-1.30712266779715,1.5208114555096546,0.772149733793153,0.0
0.338493320068899,-0.8698689426807495,0.06343836846558548,0.661506679931101,0.0
0.192919525250233,-0.971774256378453,1.1747562842368198,0.807080474749767,0.0
0.36819366614001925,-0.6026542944202413,-0.9902651762199013,0.6318063338599808,0.0
0.1750572755324224,-0.9282177626261414,1.15178948863795,0.8249427244675775,0.0
0.4030678508706686,-0.47600929728692687,-1.5793143969257217,0.5969321491293313,0.0
0.21850631753890137,-1.2372488783001225,1.4521142286294697,0.7814936824610986,0.0
0.338493320068899,-0.8698689426807495,0.06343836846558548,0.661506679931101,0.0
0.192919525250233,-0.971774256378453,1.1747562842368198,0.807080474749767,0.0
0.36819366614001925,-0.6026542944202413,-0.9902651762199013,0.6318063338599808,0.0
0.17423704086392397,-0.9262176480393289,1.1507348531764534,0.825762959136076,0.0
0.4085143342070212,-0.44278954378868834,-1.7178709679353823,0.5914856657929788,0.0
0.23372828077202734,-1.395183678748295,1.6171185943322424,0.7662717192279727,0.0
0.338493320068899,-0.8698689426807495,0.06343836846558548,0.661506679931101,0.0
0.192919525250233,-0.971774256378453,1.1747562842368198,0.807080474749767,0.0
0.36819366614001925,-0.6026542944202413,-0.9902651762199013,0.6318063338599808,0.0
0.17423704086392397,-0.9262176480393289,1.1507348531764534,0.825762959136076,0.0
0.4085143342070212,-0.44278954378868834,-1.7178709679353823,0.5914856657929788,0.0
0.23372828077202734,-1.395183678748295,1.6171185943322424,0.7662717192279727,0.0
0.339598594869278,-0.8631275365019517,0.035320576322212194,0.660401405130722,0.0
0.20160941183583656,-0.9929642518579548,1.185929504415794,0.7983905881641634,0.0
0.36819366614001925,-0.6026542944202413,-0.9902651762199013,0.6318063338599808,0.0
0.17423704086392397,-0.9262176480393289,1.1507348531764534,0.825762959136076,0.0
0.4085143342070212,-0.44278954378868834,-1.7178709679353823,0.5914856657929788,0.0
0.23372828077202734,-1.395183678748295,1.6171185943322424,0.7662717192279727,0.0
0.338542551954706,-0.8635304467531849,0.04244390889470506,0.6614574480452939,0.0
0.20160941183583656,-0.9929642518579548,1.185929504415794,0.7983905881641634,0.0
0.36819366614001925,-0.6026542944202413,-0.9902651762199013,0.6318063338599808,0.0
0.17423704086392397,-0.9262176480393289,1.1507348531764534,0.825762959136076,0.0
0.4085143342070212,-0.44278954378868834,-1.7178709679353823,0.5914856657929788,0.0
0.31065543817374763,-0.9760142307936763,0.14931689077657606,0.6893445618262524,0.0
0.338542551954706,-0.8635304467531849,0.04244390889470506,0.6614574480452939,0.0
0.21062274764140843,-1.0149429673560044,1.1975186068178356,0.7893772523585916,0.0
0.36047909113264776,-0.6332413027439244,-0.8510519705592353,0.6395209088673522,0.0
0.17423704086392397,-0.9262176480393289,1.1507348531764534,0.825762959136076,0.0
0.401682219060046,-0.46987774536417526,-1.5945821736538581,0.598317780939954,0.0
0.31307760170309706,-0.966244337735323,0.1400343296259186,0.6869223982969029,0.0
0.338542551954706,-0.8635304467531849,0.04244390889470506,0.6614574480452939,0.0
0.21062274764140843,-1.0149429673560044,1.1975186068178356,0.7893772523585916,0.0
0.36047909113264776,-0.6332413027439244,-0.8510519705592353,0.6395209088673522,0.0
0.17423704086392397,-0.9262176480393289,1.1507348531764534,0.825762959136076,0.0
0.401682219060046,-0.46987774536417526,-1.5945821736538581,0.598317780939954,0.0
0.31307760170309706,-0.966244337735323,0.1400343296259186,0.6869223982969029,0.0
0.3421224175845811,-0.8592931319656227,0.010118873430250863,0.6578775824154188,0.0
0.21062274764140843,-1.0149429673560044,1.1975186068178356,0.7893772523585916,0.0
0.3628669322931261,-0.6038364184219587,-0.9630733115771201,0.6371330677068738,0.0
0.17423704086392397,-0.9262176480393289,1.1507348531764534,0.825762959136076,0.0
0.401682219060046,-0.46987774536417526,-1.5945821736538581,0.598317780939954,0.0
0.23387347176453446,-1.409949025505104,1.6906170759614476,0.7661265282354656,0.0
0.3421224175845811,-0.8592931319656227,0.010118873430250863,0.6578775824154188,0.0
0.21062274764140843,-1.0149429673560044,1.1975186068178356,0.7893772523585916,0.0
0.3628669322931261,-0.6038364184219587,-0.9630733115771201,0.6371330677068738,0.0
0.17423704086392397,-0.9262176480393289,1.1507348531764534,0.825762959136076,0.0
0.3955520883717188,-0.4910339505884261,-1.4948474511304006,0.6044479116282813,0.0
0.2665873045352025,-1.2055120492864522,1.017618745601716,0.7334126954647975,0.0
0.3182002822616547,-0.9689414194593038,0.329196284013608,0.6817997177383452,0.0
0.24267116050535936,-1.0930919416863936,1.2387255857338584,0.7573288394946407,0.0
0.3628669322931261,-0.6038364184219587,-0.9630733115771201,0.6371330677068738,0.0
0.17423704086392397,-0.9262176480393289,1.1507348531764534,0.825762959136076,0.0
0.38721345169082316,-0.5198121150160486,-1.3591812381446546,0.6127865483091768,0.0
0.2503509082319443,-1.2799323727938945,1.2341824937669472,0.7496490917680557,0.0
0.3126977479367358,-0.9941625570148764,0.4025899999315383,0.6873022520632641,0.0
0.2604768920142636,-1.0229714688982403,0.9203518799114243,0.7395231079857364,0.0
0.3787152821043658,-0.5086054921583008,-1.2725659275705057,0.6212847178956342,0.0
0.17423704086392397,-0.9262176480393289,1.1507348531764534,0.825762959136076,0.0
0.38721345169082316,-0.5198121150160486,-1.3591812381446546,0.6127865483091768,0.0
0.2503509082319443,-1.2799323727938945,1.2341824937669472,0.7496490917680557,0.0
0.3126977479367358,-0.9941625570148764,0.4025899999315383,0.6873022520632641,0.0
0.2604768920142636,-1.0229714688982403,0.9203518799114243,0.7395231079857364,0.0
0.3740333446180152,-0.5024313734708251,-1.2248465374896989,0.6259666553819848,0.0
0.17423704086392397,-0.9262176480393289,1.1507348531764534,0.825762959136076,0.0
0.38721345169082316,-0.5198121150160486,-1.3591812381446546,0.6127865483091768,0.0
0.2516783375696871,-1.246247009493235,1.1930420008657971,0.7483216624303128,0.0
0.3127226071046049,-0.9940598583869538,0.40226797159882466,0.687277392895395,0.0
0.2604768920142636,-1.0229714688982403,0.9203518799114243,0.7395231079857364,0.0
0.3740333446180152,-0.5024313734708251,-1.2248465374896989,0.6259666553819848,0.0
0.17423704086392397,-0.9262176480393289,1.1507348531764534,0.825762959136076,0.0
0.38721345169082316,-0.5198121150160486,-1.3591812381446546,0.6127865483091768,0.0
0.2516783375696871,-1.246247009493235,1.1930420008657971,0.7483216624303128,0.0
0.3127226071046049,-0.9940598583869538,0.40226797159882466,0.687277392895395,0.0
0.2604768920142636,-1.0229714688982403,0.9203518799114243,0.7395231079857364,0.0
0.3740333446180152,-0.5024313734708251,-1.2248465374896989,0.6259666553819848,0.0
0.17423704086392397,-0.9262176480393289,1.1507348531764534,0.825762959136076,0.0
0.38721345169082316,-0.5198121150160486,-1.3591812381446546,0.6127865483091768,0.0
0.24923160665093994,-1.2361357927796088,1.1917053212034094,0.7507683933490601,0.0
0.2931275537782486,-1.1188122339691784,0.8656227823587161,0.7068724462217514,0.0
0.2655697122127172,-0.92643256044213,0.7974599974840614,0.7344302877872828,0.0
0.36874402481987506,-0.5427280624320079,-1.088179425703135,0.631255975180125,0.0
0.17423704086392397,-0.9262176480393289,1.1507348531764534,0.825762959136076,0.0
0.38721345169082316,-0.5198121150160486,-1.3591812381446546,0.6127865483091768,0.0
0.24923160665093994,-1.2361357927796088,1.1917053212034094,0.7507683933490601,0.0
0.2966810419973044,-1.1093145944071152,0.8392255740500809,0.7033189580026956,0.0
0.2655697122127172,-0.92643256044213,0.7974599974840614,0.7344302877872828,0.0
0.36874402481987506,-0.5427280624320079,-1.088179425703135,0.631255975180125,0.0
0.17471863559616707,-0.9262187812666786,1.1488720443149272,0.8252813644038329,0.0
0.38721345169082316,-0.5198121150160486,-1.3591812381446546,0.6127865483091768,0.0
0.24923160665093994,-1.2361357927796088,1.1917053212034094,0.7507683933490601,0.0
0.30593031787402775,-1.0365932756799041,0.5918433554596259,0.6940696821259722,0.0
0.2655697122127172,-0.92643256044213,0.7974599974840614,0.7344302877872828,0.0
0.36874402481987506,-0.5427280624320079,-1.088179425703135,0.631255975180125,0.0
0.17471863559616707,-0.9262187812666786,1.1488720443149272,0.8252813644038329,0.0
0.38721345169082316,-0.5198121150160486,-1.3591812381446546,0.6127865483091768,0.0
0.24841031264009314,-1.251704146705154,1.2115234893472464,0.7515896873599068,0.0
0.30634890132451625,-1.0339320096678715,0.5817961714002673,0.6936510986754838,0.0
0.2655697122127172,-0.92643256044213,0.7974599974840614,0.7344302877872828,0.0
0.36874402481987506,-0.5427280624320079,-1.088179425703135,0.631255975180125,0.0
0.1780323025340535,-0.919669326470721,1.110666510883412,0.8219676974659464,0.0
0.38721345169082316,-0.5198121150160486,-1.3591812381446546,0.6127865483091768,0.0
0.24841031264009314,-1.251704146705154,1.2115234893472464,0.7515896873599068,0.0
0.30634890132451625,-1.0339320096678715,0.5817961714002673,0.6936510986754838,0.0
0.2655697122127172,-0.92643256044213,0.7974599974840614,0.7344302877872828,0.0
0.36874402481987506,-0.5427280624320079,-1.088179425703135,0.631255975180125,0.0
0.1780323025340535,-0.919669326470721,1.110666510883412,0.8219676974659464,0.0
0.38721345169082316,-0.5198121150160486,-1.3591812381446546,0.6127865483091768,0.0
0.24841031264009314,-1.251704146705154,1.2115234893472464,0.7515896873599068,0.0
0.30634890132451625,-1.0339320096678715,0.5817961714002673,0.6936510986754838,0.0
0.2655697122127172,-0.92643256044213,0.7974599974840614,0.7344302877872828,0.0
0.36874402481987506,-0.5427280624320079,-1.088179425703135,0.631255975180125,0.0
0.1780323025340535,-0.919669326470721,1.110666510883412,0.8219676974659464,0.0
0.3678693008051085,-0.621811464525514,-1.0009177257247468,0.6321306991948915,0.0
0.24841031264009314,-1.251704146705154,1.2115234893472464,0.7515896873599068,0.0
0.30634890132451625,-1.0339320096678715,0.5817961714002673,0.6936510986754838,0.0
0.26026541703689554,-0.9124497220789561,0.8255121637289394,0.7397345829631045,0.0
0.36874402481987506,-0.5427280624320079,-1.088179425703135,0.631255975180125,0.0
0.2068132234872331,-0.9171425236788185,1.0108648096523978,0.7931867765127669,0.0
0.3678693008051085,-0.621811464525514,-1.0009177257247468,0.6321306991948915,0.0
0.2480194586420976,-1.2531732385892635,1.215771632863603,0.7519805413579024,0.0
0.2921155309654706,-1.0874305768700412,0.7364969044534628,0.7078844690345294,0.0
0.2711759103114796,-0.911491842207353,0.7876785658449661,0.7288240896885204,0.0
0.36874402481987506,-0.5427280624320079,-1.088179425703135,0.631255975180125,0.0
0.2068132234872331,-0.9171425236788185,1.0108648096523978,0.7931867765127669,0.0
0.3678693008051085,-0.621811464525514,-1.0009177257247468,0.6321306991948915,0.0
0.2480194586420976,-1.2531732385892635,1.215771632863603,0.7519805413579024,0.0
0.2940272654948458,-1.103493339403666,0.7318241479136123,0.7059727345051542,0.0
0.25717411137694884,-0.9127211213084973,0.8362316804667685,0.7428258886230512,0.0
0.36908760947126085,-0.5419336301122603,-1.0926331761688446,0.6309123905287392,0.0
0.2068132234872331,-0.9171425236788185,1.0108648096523978,0.7931867765127669,0.0
0.3678693008051085,-0.621811464525514,-1.0009177257247468,0.6321306991948915,0.0
0.263851545954046,-1.201665779424027,1.0492368779980075,0.736148454045954,0.0
0.29957740612440553,-1.0854367410407564,0.6734432603527059,0.7004225938755945,0.0
0.25717411137694884,-0.9127211213084973,0.8362316804667685,0.7428258886230512,0.0
0.36908760947126085,-0.5419336301122603,-1.0926331761688446,0.6309123905287392,0.0
0.2068132234872331,-0.9171425236788185,1.0108648096523978,0.7931867765127669,0.0
0.3678693008051085,-0.621811464525514,-1.0009177257247468,0.6321306991948915,0.0
0.263851545954046,-1.201665779424027,1.0492368779980075,0.736148454045954,0.0
0.29957740612440553,-1.0854367410407564,0.6734432603527059,0.7004225938755945,0.0
0.25717411137694884,-0.9127211213084973,0.8362316804667685,0.7428258886230512,0.0
0.36908760947126085,-0.5419336301122603,-1.0926331761688446,0.6309123905287392,0.0
0.1945886744130516,-0.8561630216146243,1.002640843513813,0.8054113255869484,0.0
0.3678693008051085,-0.621811464525514,-1.0009177257247468,0.6321306991948915,0.0
0.263851545954046,-1.201665779424027,1.0492368779980075,0.736148454045954,0.0
0.29679516051786126,-1.1071912327515387,0.7441330032932407,0.7032048394821387,0.0
0.25717411137694884,-0.9127211213084973,0.8362316804667685,0.7428258886230512,0.0
0.3692714597699074,-0.5298795717934464,-1.1064736038232779,0.6307285402300926,0.0
0.1945886744130516,-0.8561630216146243,1.002640843513813,0.8054113255869484,0.0
0.3678693008051085,-0.621811464525514,-1.0009177257247468,0.6321306991948915,0.0
0.263851545954046,-1.201665779424027,1.0492368779980075,0.736148454045954,0.0
0.29679516051786126,-1.1071912327515387,0.7441330032932407,0.7032048394821387,0.0
0.25717411137694884,-0.9127211213084973,0.8362316804667685,0.7428258886230512,0.0
0.3695060071068804,-0.5145015860125769,-1.124130553378502,0.6304939928931196,0.0
0.1945886744130516,-0.8561630216146243,1.002640843513813,0.8054113255869484,0.0
0.3678693008051085,-0.621811464525514,-1.0009177257247468,0.6321306991948915,0.0
0.2697881325671031,-1.458552607662894,1.2386095763862057,0.7302118674328969,0.0
0.29679516051786126,-1.1071912327515387,0.7441330032932407,0.7032048394821387,0.0
0.25717411137694884,-0.9127211213084973,0.8362316804667685,0.7428258886230512,0.0
0.3695060071068804,-0.5145015860125769,-1.124130553378502,0.6304939928931196,0.0
0.1945886744130516,-0.8561630216146243,1.002640843513813,0.8054113255869484,0.0
0.36808289738370414,-0.6078071053591418,-1.0169974819995569,0.6319171026162959,0.0
0.2768203636066719,-1.3363518750107934,1.0824578287546696,0.723179636393328,0.0
0.2915026534215163,-1.081214271839201,0.7564353757208693,0.7084973465784836,0.0
0.2445077284175834,-0.9576237832210628,1.057279305734834,0.7554922715824166,0.0
0.3695060071068804,-0.5145015860125769,-1.124130553378502,0.6304939928931196,0.0
0.1945886744130516,-0.8561630216146243,1.002640843513813,0.8054113255869484,0.0
0.36808289738370414,-0.6078071053591418,-1.0169974819995569,0.6319171026162959,0.0
0.27850697271841224,-1.3070432718103766,1.045006419822338,0.7214930272815878,0.0
0.2915026534215163,-1.081214271839201,0.7564353757208693,0.7084973465784836,0.0
0.2445077284175834,-0.9576237832210628,1.057279305734834,0.7554922715824166,0.0
0.3695060071068804,-0.5145015860125769,-1.124130553378502,0.6304939928931196,0.0
0.19230295679912388,-0.8515172875447178,1.0001390313703942,0.8076970432008761,0.0
0.36808289738370414,-0.6078071053591418,-1.0169974819995569,0.6319171026162959,0.0
0.27850697271841224,-1.3070432718103766,1.045006419822338,0.7214930272815878,0.0
0.2915026534215163,-1.081214271839201,0.7564353757208693,0.7084973465784836,0.0
0.2445077284175834,-0.9576237832210628,1.057279305734834,0.7554922715824166,0.0
0.3695060071068804,-0.5145015860125769,-1.124130553378502,0.6304939928931196,0.0
0.19230295679912388,-0.8515172875447178,1.0001390313703942,0.8076970432008761,0.0
0.36808289738370414,-0.6078071053591418,-1.0169974819995569,0.6319171026162959,0.0
0.30562658666200787,-1.0953455979050926,0.42072316540380683,0.6943734133379922,0.0
0.2915026534215163,-1.081214271839201,0.7564353757208693,0.7084973465784836,0.0
0.2445077284175834,-0.9576237832210628,1.057279305734834,0.7554922715824166,0.0
0.3695060071068804,-0.5145015860125769,-1.124130553378502,0.6304939928931196,0.0
0.19230295679912388,-0.8515172875447178,1.0001390313703942,0.8076970432008761,0.0
0.36808289738370414,-0.6078071053591418,-1.0169974819995569,0.6319171026162959,0.0
0.30562658666200787,-1.0953455979050926,0.42072316540380683,0.6943734133379922,0.0
0.2862751899132272,-1.0759840721437364,0.8806871191154344,0.7137248100867728,0.0
0.2445077284175834,-0.9576237832210628,1.057279305734834,0.7554922715824166,0.0
0.3695060071068804,-0.5145015860125769,-1.124130553378502,0.6304939928931196,0.0
0.18662396712013463,-0.8399747086742719,0.9939231430845133,0.8133760328798654,0.0
0.36808289738370414,-0.6078071053591418,-1.0169974819995569,0.6319171026162959,0.0
0.3235285423536763,-0.9325663539442877,-0.012215997649760446,0.6764714576463238,0.0
0.2862751899132272,-1.0759840721437364,0.8806871191154344,0.7137248100867728,0.0
0.2445077284175834,-0.9576237832210628,1.057279305734834,0.7554922715824166,0.0
0.3695060071068804,-0.5145015860125769,-1.124130553378502,0.6304939928931196,0.0
0.18662396712013463,-0.8399747086742719,0.9939231430845133,0.8133760328798654,0.0
0.36808289738370414,-0.6078071053591418,-1.0169974819995569,0.6319171026162959,0.0
0.2982207993029479,-1.1626850823728878,0.5998240098146945,0.701779200697052,0.0
0.2862751899132272,-1.0759840721437364,0.8806871191154344,0.7137248100867728,0.0
0.2445077284175834,-0.9576237832210628,1.057279305734834,0.7554922715824166,0.0
0.3695060071068804,-0.5145015860125769,-1.124130553378502,0.6304939928931196,0.0
0.18662396712013463,-0.8399747086742719,0.9939231430845133,0.8133760328798654,0.0
0.36808289738370414,-0.6078071053591418,-1.0169974819995569,0.6319171026162959,0.0
0.2981721201919113,-1.162331770292588,0.6009685446841762,0.7018278798080887,0.0
0.2862751899132272,-1.0759840721437364,0.8806871191154344,0.7137248100867728,0.0
0.21778381007161687,-0.9033072669616824,1.0280288755722113,0.7822161899283832,0.0
0.3695060071068804,-0.5145015860125769,-1.124130553378502,0.6304939928931196,0.0
0.18662396712013463,-0.8399747086742719,0.9939231430845133,0.8133760328798654,0.0
0.36808289738370414,-0.6078071053591418,-1.0169974819995569,0.6319171026162959,0.0
0.2981721201919113,-1.162331770292588,0.6009685446841762,0.7018278798080887,0.0
0.2862751899132272,-1.0759840721437364,0.8806871191154344,0.7137248100867728,0.0
0.21778381007161687,-0.9033072669616824,1.0280288755722113,0.7822161899283832,0.0
0.3695060071068804,-0.5145015860125769,-1.124130553378502,0.6304939928931196,0.0
0.18662396712013463,-0.8399747086742719,0.9939231430845133,0.8133760328798654,0.0
0.36808289738370414,-0.6078071053591418,-1.0169974819995569,0.6319171026162959,0.0
0.2981721201919113,-1.162331770292588,0.6009685446841762,0.7018278798080887,0.0
0.28416188376878204,-1.0902406231178605,0.9315912631407881,0.715838116231218,0.0
0.24460521544364688,-0.9788414764341251,0.9890613046249938,0.7553947845563531,0.0
0.3695060071068804,-0.5145015860125769,-1.124130553378502,0.6304939928931196,0.0
0.18662396712013463,-0.8399747086742719,0.9939231430845133,0.8133760328798654,0.0
0.36808289738370414,-0.6078071053591418,-1.0169974819995569,0.6319171026162959,0.0
0.2981721201919113,-1.162331770292588,0.6009685446841762,0.7018278798080887,0.0
0.28416188376878204,-1.0902406231178605,0.9315912631407881,0.715838116231218,0.0
0.25189267095793927,-0.9962951432958151,0.9884502375556244,0.7481073290420608,0.0
0.3695060071068804,-0.5145015860125769,-1.124130553378502,0.6304939928931196,0.0
0.18662396712013463,-0.8399747086742719,0.9939231430845133,0.8133760328798654,0.0
0.36808289738370414,-0.6078071053591418,-1.0169974819995569,0.6319171026162959,0.0
0.3006080835860298,-1.1748662765103224,0.5434830879723498,0.6993919164139701,0.0
0.28416188376878204,-1.0902406231178605,0.9315912631407881,0.715838116231218,0.0
0.25454553077440756,-1.0040184239912462,0.9837758474700988,0.7454544692255924,0.0
0.3695060071068804,-0.5145015860125769,-1.124130553378502,0.6304939928931196,0.0
0.18662396712013463,-0.8399747086742719,0.9939231430845133,0.8133760328798654,0.0
0.36824058457178904,-0.5974684190730837,-1.0288683254781166,0.6317594154282109,0.0
0.3006080835860298,-1.1748662765103224,0.5434830879723498,0.6993919164139701,0.0
0.28416188376878204,-1.0902406231178605,0.9315912631407881,0.715838116231218,0.0
0.25454553077440756,-1.0040184239912462,0.9837758474700988,0.7454544692255924,0.0
0.3695060071068804,-0.5145015860125769,-1.124130553378502,0.6304939928931196,0.0
0.18662396712013463,-0.8399747086742719,0.9939231430845133,0.8133760328798654,0.0
0.34169464824427254,-0.8240986121869059,-0.41171621816915616,0.6583053517557275,0.0
0.3006080835860298,-1.1748662765103224,0.5434830879723498,0.6993919164139701,0.0
0.2831172398032977,-1.0875602421309294,0.9322588458048208,0.7168827601967023,0.0
0.25454553077440756,-1.0040184239912462,0.9837758474700988,0.7454544692255924,0.0
0.3695060071068804,-0.5145015860125769,-1.124130553378502,0.6304939928931196,0.0
0.18662396712013463,-0.8399747086742719,0.9939231430845133,0.8133760328798654,0.0
0.34169464824427254,-0.8240986121869059,-0.41171621816915616,0.6583053517557275,0.0
0.3006080835860298,-1.1748662765103224,0.5434830879723498,0.6993919164139701,0.0
0.2831172398032977,-1.0875602421309294,0.9322588458048208,0.7168827601967023,0.0
0.25454553077440756,-1.0040184239912462,0.9837758474700988,0.7454544692255924,0.0
0.3695060071068804,-0.5145015860125769,-1.124130553378502,0.6304939928931196,0.0
0.18662396712013463,-0.8399747086742719,0.9939231430845133,0.8133760328798654,0.0
0.34169464824427254,-0.8240986121869059,-0.41171621816915616,0.6583053517557275,0.0
0.3006080835860298,-1.1748662765103224,0.5434830879723498,0.6993919164139701,0.0
0.2831172398032977,-1.0875602421309294,0.9322588458048208,0.7168827601967023,0.0
0.25454553077440756,-1.0040184239912462,0.9837758474700988,0.7454544692255924,0.0
0.40081024701151713,-0.3812040126002538,-1.6981226746171705,0.5991897529884829,0.0
0.18662396712013463,-0.8399747086742719,0.9939231430845133,0.8133760328798654,0.0
0.34169464824427254,-0.8240986121869059,-0.41171621816915616,0.6583053517557275,0.0
0.299382006396597,-1.168746278036716,0.5707355804423492,0.7006179936034029,0.0
0.2831172398032977,-1.0875602421309294,0.9322588458048208,0.7168827601967023,0.0
0.25454553077440756,-1.0040184239912462,0.9837758474700988,0.7454544692255924,0.0
0.40081024701151713,-0.3812040126002538,-1.6981226746171705,0.5991897529884829,0.0
0.18662396712013463,-0.8399747086742719,0.9939231430845133,0.8133760328798654,0.0
0.34169464824427254,-0.8240986121869059,-0.41171621816915616,0.6583053517557275,0.0
0.2907021614122892,-1.1434382266053063,0.6033115498950903,0.7092978385877108,0.0
0.2831172398032977,-1.0875602421309294,0.9322588458048208,0.7168827601967023,0.0
0.25652088346006874,-1.0087892828493643,0.9834807351881414,0.7434791165399313,0.0
0.4111133187069981,-0.3193682328199928,-1.9283913204291467,0.5888866812930019,0.0
0.18662396712013463,-0.8399747086742719,0.9939231430845133,0.8133760328798654,0.0
0.35502193970448753,-0.7641569038679834,-0.7174919066052664,0.6449780602955124,0.0
0.27571602544058227,-1.2471812488475076,0.9165456419309488,0.7242839745594177,0.0
0.2831172398032977,-1.0875602421309294,0.9322588458048208,0.7168827601967023,0.0
0.2585514952073931,-1.0043861072187157,0.9502181063669725,0.7414485047926069,0.0
0.4111133187069981,-0.3193682328199928,-1.9283913204291467,0.5888866812930019,0.0
0.19585330096210524,-0.8650686960162112,0.9878633786672828,0.8041466990378947,0.0
0.33661014510494686,-0.8762966491680175,-0.3381309977647171,0.6633898548950532,0.0
0.27504537768576676,-1.261645019862592,0.9151218181660193,0.7249546223142332,0.0
0.28250891320748117,-1.1006799409908716,0.930967333445698,0.7174910867925188,0.0
0.2585514952073931,-1.0043861072187157,0.9502181063669725,0.7414485047926069,0.0
0.4111133187069981,-0.3193682328199928,-1.9283913204291467,0.5888866812930019,0.0
0.19585330096210524,-0.8650686960162112,0.9878633786672828,0.8041466990378947,0.0
0.39583008660231195,-0.5056250958547479,-1.5436509981164819,0.6041699133976881,0.0
0.34273394245995814,-0.7928985770469559,-0.4994165501189147,0.6572660575400419,0.0
0.28250891320748117,-1.1006799409908716,0.930967333445698,0.7174910867925188,0.0
0.2535325088510685,-0.9842129216985204,0.9542510687939011,0.7464674911489315,0.0
0.3970604344035099,-0.37865835514605817,-1.6713204244163746,0.6029395655964901,0.0
0.20143102028009222,-0.8765902316533533,0.984612986767591,0.7985689797199078,0.0
0.39583008660231195,-0.5056250958547479,-1.5436509981164819,0.6041699133976881,0.0
0.37373796748842353,-0.6344518111515303,-1.2357824477664745,0.6262620325115764,0.0
0.28250891320748117,-1.1006799409908716,0.930967333445698,0.7174910867925188,0.0
0.23212803126849468,-0.8981803114101903,0.971450448853936,0.7678719687315053,0.0
0.3970864490690505,-0.378576411333464,-1.671737266704862,0.6029135509309496,0.0
0.1997288506225301,-0.8753930473841643,0.9853428582414488,0.8002711493774699,0.0
0.39583008660231195,-0.5056250958547479,-1.5436509981164819,0.6041699133976881,0.0
0.3608945709581165,-0.7093460564579204,-1.0568010720563383,0.6391054290418835,0.0
0.29918738206328166,-0.9955670046766752,0.552104868931659,0.7008126179367183,0.0
0.23212803126849468,-0.8981803114101903,0.971450448853936,0.7678719687315053,0.0
0.3970864490690505,-0.378576411333464,-1.671737266704862,0.6029135509309496,0.0
0.1997288506225301,-0.8753930473841643,0.9853428582414488,0.8002711493774699,0.0
0.39583008660231195,-0.5056250958547479,-1.5436509981164819,0.6041699133976881,0.0
0.37243299798538987,-0.6038925234468046,-1.252850483657268,0.6275670020146101,0.0
0.29918738206328166,-0.9955670046766752,0.552104868931659,0.7008126179367183,0.0
0.21940314396404545,-0.8892305367267979,0.976906739424216,0.7805968560359545,0.0
0.3935083900730509,-0.4112774858870834,-1.6109424669300698,0.6064916099269491,0.0
0.1997288506225301,-0.8753930473841643,0.9853428582414488,0.8002711493774699,0.0
0.39400569688517445,-0.5127888965671636,-1.5214363319475948,0.6059943031148256,0.0
0.3736597193705663,-0.5926811075595807,-1.2736937064980984,0.6263402806294337,0.0
0.29918738206328166,-0.9955670046766752,0.552104868931659,0.7008126179367183,0.0
0.21940314396404545,-0.8892305367267979,0.976906739424216,0.7805968560359545,0.0
0.3935083900730509,-0.4112774858870834,-1.6109424669300698,0.6064916099269491,0.0
0.1997288506225301,-0.8753930473841643,0.9853428582414488,0.8002711493774699,0.0
0.39400569688517445,-0.5127888965671636,-1.5214363319475948,0.6059943031148256,0.0
0.3736597193705663,-0.5926811075595807,-1.2736937064980984,0.6263402806294337,0.0
0.29918738206328166,-0.9955670046766752,0.552104868931659,0.7008126179367183,0.0
0.21940314396404545,-0.8892305367267979,0.976906739424216,0.7805968560359545,0.0
0.39330003724987117,-0.36874802824737385,-1.6484421662321334,0.6066999627501288,0.0
0.1997288506225301,-0.8753930473841643,0.9853428582414488,0.8002711493774699,0.0
0.3936765013612924,-0.4455927488286312,-1.580685508266722,0.6063234986387076,0.0
0.3736597193705663,-0.5926811075595807,-1.2736937064980984,0.6263402806294337,0.0
0.29918738206328166,-0.9955670046766752,0.552104868931659,0.7008126179367183,0.0
0.21940314396404545,-0.8892305367267979,0.976906739424216,0.7805968560359545,0.0
0.39330003724987117,-0.36874802824737385,-1.6484421662321334,0.6066999627501288,0.0
0.1997288506225301,-0.8753930473841643,0.9853428582414488,0.8002711493774699,0.0
0.39390487476613695,-0.4922088536605576,-1.5395824702585783,0.6060951252338631,0.0
0.3778983363644072,-0.5443536537327777,-1.354568934669334,0.6221016636355928,0.0
0.29918738206328166,-0.9955670046766752,0.552104868931659,0.7008126179367183,0.0
0.21940314396404545,-0.8892305367267979,0.976906739424216,0.7805968560359545,0.0
0.39330003724987117,-0.36874802824737385,-1.6484421662321334,0.6066999627501288,0.0
0.198889680637562,-0.874802835297657,0.9857026850254741,0.801110319362438,0.0
0.38936615311843975,-0.5069947322161016,-1.4871210999097493,0.6106338468815602,0.0
0.3778983363644072,-0.5443536537327777,-1.354568934669334,0.6221016636355928,0.0
0.29918738206328166,-0.9955670046766752,0.552104868931659,0.7008126179367183,0.0
0.2211340659175122,-0.8904479433023867,0.9761645392847076,0.7788659340824878,0.0
0.39330003724987117,-0.36874802824737385,-1.6484421662321334,0.6066999627501288,0.0
0.198889680637562,-0.874802835297657,0.9857026850254741,0.801110319362438,0.0
0.39123574004688555,-0.4412926876196334,-1.5637892850424717,0.6087642599531145,0.0
0.3778983363644072,-0.5443536537327777,-1.354568934669334,0.6221016636355928,0.0
0.2994839787002173,-0.9959241239923824,0.5508226495765991,0.7005160212997827,0.0
0.2211340659175122,-0.8904479433023867,0.9761645392847076,0.7788659340824878,0.0
0.39330003724987117,-0.36874802824737385,-1.6484421662321334,0.6066999627501288,0.0
0.18428188709216847,-0.8645287591722777,0.9919663449123839,0.8157181129078315,0.0
0.3902439330595165,-0.47614731027651186,-1.5231171769063974,0.6097560669404836,0.0
0.39435149320436447,-0.4496036616038799,-1.7543644250741457,0.6056485067956355,0.0
0.2994839787002173,-0.9959241239923824,0.5508226495765991,0.7005160212997827,0.0
0.2211340659175122,-0.8904479433023867,0.9761645392847076,0.7788659340824878,0.0
0.39330003724987117,-0.36874802824737385,-1.6484421662321334,0.6066999627501288,0.0
0.18428188709216847,-0.8645287591722777,0.9919663449123839,0.8157181129078315,0.0
0.3902439330595165,-0.47614731027651186,-1.5231171769063974,0.6097560669404836,0.0
0.39435149320436447,-0.4496036616038799,-1.7543644250741457,0.6056485067956355,0.0
0.2994839787002173,-0.9959241239923824,0.5508226495765991,0.7005160212997827,0.0
0.2211340659175122,-0.8904479433023867,0.9761645392847076,0.7788659340824878,0.0
0.39330003724987117,-0.36874802824737385,-1.6484421662321334,0.6066999627501288,0.0
0.18428188709216847,-0.8645287591722777,0.9919663449123839,0.8157181129078315,0.0
0.3902439330595165,-0.47614731027651186,-1.5231171769063974,0.6097560669404836,0.0
0.39435149320436447,-0.4496036616038799,-1.7543644250741457,0.6056485067956355,0.0
0.2994839787002173,-0.9959241239923824,0.5508226495765991,0.7005160212997827,0.0
0.2211340659175122,-0.8904479433023867,0.9761645392847076,0.7788659340824878,0.0
0.3947818852237572,-0.31667211768975045,-1.7092099182268952,0.6052181147762428,0.0
0.18428188709216847,-0.8645287591722777,0.9919663449123839,0.8157181129078315,0.0
0.3902439330595165,-0.47614731027651186,-1.5231171769063974,0.6097560669404836,0.0
0.39406943670970174,-0.4514263515307826,-1.7384852204079873,0.6059305632902983,0.0
0.2994839787002173,-0.9959241239923824,0.5508226495765991,0.7005160212997827,0.0
0.23207657501837947,-0.8981441207679026,0.9714725127233887,0.7679234249816205,0.0
0.39329904648482683,-0.36878284625349966,-1.648401536852089,0.6067009535151732,0.0
0.18428188709216847,-0.8645287591722777,0.9919663449123839,0.8157181129078315,0.0
0.3818758359747667,-0.5240709002593518,-1.3318992555395093,0.6181241640252333,0.0
0.3940601993724962,-0.4514860445419153,-1.737965177186743,0.6059398006275039,0.0
0.2994839787002173,-0.9959241239923824,0.5508226495765991,0.7005160212997827,0.0
0.23207657501837947,-0.8981441207679026,0.9714725127233887,0.7679234249816205,0.0
0.3996170759042754,-0.27778979376339197,-1.8196979629215657,0.6003829240957246,0.0
0.18428188709216847,-0.8645287591722777,0.9919663449123839,0.8157181129078315,0.0
0.382968855927782,-0.5175595468963458,-1.3683261200470693,0.617031144072218,0.0
0.3940601993724962,-0.4514860445419153,-1.737965177186743,0.6059398006275039,0.0
0.2994839787002173,-0.9959241239923824,0.5508226495765991,0.7005160212997827,0.0
0.23207657501837947,-0.8981441207679026,0.9714725127233887,0.7679234249816205,0.0
0.3996170759042754,-0.27778979376339197,-1.8196979629215657,0.6003829240957246,0.0
0.18428188709216847,-0.8645287591722777,0.9919663449123839,0.8157181129078315,0.0
0.3603452978343252,-0.647191513297691,-0.8482561969492881,0.6396547021656749,0.0
0.39126599746719415,-0.468131702219815,-1.6448433508830096,0.6087340025328059,0.0
0.2994839787002173,-0.9959241239923824,0.5508226495765991,0.7005160212997827,0.0
0.23207657501837947,-0.8981441207679026,0.9714725127233887,0.7679234249816205,0.0
0.3996170759042754,-0.27778979376339197,-1.8196979629215657,0.6003829240957246,0.0
0.18428188709216847,-0.8645287591722777,0.9919663449123839,0.8157181129078315,0.0
0.3603452978343252,-0.647191513297691,-0.8482561969492881,0.6396547021656749,0.0
0.39126599746719415,-0.468131702219815,-1.6448433508830096,0.6087340025328059,0.0
0.2994839787002173,-0.9959241239923824,0.5508226495765991,0.7005160212997827,0.0
0.23207657501837947,-0.8981441207679026,0.9714725127233887,0.7679234249816205,0.0
0.3996170759042754,-0.27778979376339197,-1.8196979629215657,0.6003829240957246,0.0
0.20157367902011164,-0.8766905675973379,0.9845518162818089,0.7984263209798883,0.0
0.3686129847101579,-0.631016115790891,-0.9655486033929457,0.6313870152898421,0.0
0.39126599746719415,-0.468131702219815,-1.6448433508830096,0.6087340025328059,0.0
0.2994839787002173,-0.9959241239923824,0.5508226495765991,0.7005160212997827,0.0
0.23207657501837947,-0.8981441207679026,0.9714725127233887,0.7679234249816205,0.0
0.3996170759042754,-0.27778979376339197,-1.8196979629215657,0.6003829240957246,0.0
0.20157367902011164,-0.8766905675973379,0.9845518162818089,0.7984263209798883,0.0
0.34898823088504327,-0.7721261108527024,-0.37706210328954537,0.6510117691149567,0.0
0.39126599746719415,-0.468131702219815,-1.6448433508830096,0.6087340025328059,0.0
0.2995145476999369,-0.9957859281587119,0.5502496784175905,0.7004854523000631,0.0
0.23207657501837947,-0.8981441207679026,0.9714725127233887,0.7679234249816205,0.0
0.3996170759042754,-0.27778979376339197,-1.8196979629215657,0.6003829240957246,0.0
0.20157367902011164,-0.8766905675973379,0.9845518162818089,0.7984263209798883,0.0
0.35242467957868034,-0.7565906698360183,-0.4414733044713698,0.6475753204213197,0.0
0.3758298972586387,-0.58276945840926,-1.166606729826512,0.6241701027413613,0.0
0.2995145476999369,-0.9957859281587119,0.5502496784175905,0.7004854523000631,0.0
0.23207657501837947,-0.8981441207679026,0.9714725127233887,0.7679234249816205,0.0
0.3996170759042754,-0.27778979376339197,-1.8196979629215657,0.6003829240957246,0.0
0.21880622011974732,-0.8888107032318682,0.9771626937493816,0.7811937798802526,0.0
0.34973696513101665,-0.7765512524569671,-0.3582033425995891,0.6502630348689833,0.0
0.3758298972586387,-0.58276945840926,-1.166606729826512,0.6241701027413613,0.0
0.27485511288526104,-1.172658372750409,1.134066794969347,0.725144887114739,0.0
0.24395120288535227,-0.9064958838378497,0.966380803971399,0.7560487971146477,0.0
0.3996170759042754,-0.27778979376339197,-1.8196979629215657,0.6003829240957246,0.0
0.22500779944826685,-0.8767237422579031,0.8924954869650126,0.7749922005517331,0.0
0.353859052331983,-0.7459381558100496,-0.4859126103586675,0.646140947668017,0.0
0.3920863614878868,-0.4620391860194715,-1.6702596226091342,0.6079136385121132,0.0
0.26979703994554527,-1.1290952998984627,1.1066214660954716,0.7302029600544547,0.0
0.24395120288535227,-0.9064958838378497,0.966380803971399,0.7560487971146477,0.0
0.3996170759042754,-0.27778979376339197,-1.8196979629215657,0.6003829240957246,0.0
0.22500779944826685,-0.8767237422579031,0.8924954869650126,0.7749922005517331,0.0
0.353859052331983,-0.7459381558100496,-0.4859126103586675,0.646140947668017,0.0
0.3920863614878868,-0.4620391860194715,-1.6702596226091342,0.6079136385121132,0.0
0.26979703994554527,-1.1290952998984627,1.1066214660954716,0.7302029600544547,0.0
0.24395120288535227,-0.9064958838378497,0.966380803971399,0.7560487971146477,0.0
0.3996170759042754,-0.27778979376339197,-1.8196979629215657,0.6003829240957246,0.0
0.22500779944826685,-0.8767237422579031,0.8924954869650126,0.7749922005517331,0.0
0.353859052331983,-0.7459381558100496,-0.4859126103586675,0.646140947668017,0.0
0.3920863614878868,-0.4620391860194715,-1.6702596226091342,0.6079136385121132,0.0
0.27452074859758013,-1.1075644958499098,1.0171319715896219,0.7254792514024199,0.0
0.24395120288535227,-0.9064958838378497,0.966380803971399,0.7560487971146477,0.0
0.3576772223450409,-0.5559804508507598,-0.8686210241545209,0.6423227776549592,0.0
0.22500779944826685,-0.8767237422579031,0.8924954869650126,0.7749922005517331,0.0
0.353859052331983,-0.7459381558100496,-0.4859126103586675,0.646140947668017,0.0
0.3920863614878868,-0.4620391860194715,-1.6702596226091342,0.6079136385121132,0.0
0.27452074859758013,-1.1075644958499098,1.0171319715896219,0.7254792514024199,0.0
0.24395120288535227,-0.9064958838378497,0.966380803971399,0.7560487971146477,0.0
0.3576772223450409,-0.5559804508507598,-0.8686210241545209,0.6423227776549592,0.0
0.22500779944826685,-0.8767237422579031,0.8924954869650126,0.7749922005517331,0.0
0.36669412372051,-0.6874355199845915,-0.7290698698587814,0.63330587627949,0.0
0.3920863614878868,-0.4620391860194715,-1.6702596226091342,0.6079136385121132,0.0
0.27452074859758013,-1.1075644958499098,1.0171319715896219,0.7254792514024199,0.0
0.24395120288535227,-0.9064958838378497,0.966380803971399,0.7560487971146477,0.0
0.3576772223450409,-0.5559804508507598,-0.8686210241545209,0.6423227776549592,0.0
0.22500779944826685,-0.8767237422579031,0.8924954869650126,0.7749922005517331,0.0
0.36669412372051,-0.6874355199845915,-0.7290698698587814,0.63330587627949,0.0
0.3920863614878868,-0.4620391860194715,-1.6702596226091342,0.6079136385121132,0.0
0.2757153249050198,-1.1131338852676345,1.0201390191223014,0.7242846750949802,0.0
0.24395120288535227,-0.9064958838378497,0.966380803971399,0.7560487971146477,0.0
0.36594198044889437,-0.5334166248108962,-1.0611672275173851,0.6340580195511056,0.0
0.22500779944826685,-0.8767237422579031,0.8924954869650126,0.7749922005517331,0.0
0.36712940036657754,-0.7765685756831754,-0.5368801242814326,0.6328705996334225,0.0
0.3920863614878868,-0.4620391860194715,-1.6702596226091342,0.6079136385121132,0.0
0.2757153249050198,-1.1131338852676345,1.0201390191223014,0.7242846750949802,0.0
0.24395120288535227,-0.9064958838378497,0.966380803971399,0.7560487971146477,0.0
0.36594198044889437,-0.5334166248108962,-1.0611672275173851,0.6340580195511056,0.0
0.22500779944826685,-0.8767237422579031,0.8924954869650126,0.7749922005517331,0.0
0.3703718364444999,-0.7357045684166132,-0.684130046156636,0.6296281635555001,0.0
0.3920863614878868,-0.4620391860194715,-1.6702596226091342,0.6079136385121132,0.0
0.2757153249050198,-1.1131338852676345,1.0201390191223014,0.7242846750949802,0.0
0.23765304671785678,-0.8965974726186597,0.9418159855882285,0.7623469532821432,0.0
0.36594198044889437,-0.5334166248108962,-1.0611672275173851,0.6340580195511056,0.0
0.22500779944826685,-0.8767237422579031,0.8924954869650126,0.7749922005517331,0.0
0.369252512741921,-0.6845910129763364,-0.7793987533717887,0.6307474872580789,0.0
0.3920863614878868,-0.4620391860194715,-1.6702596226091342,0.6079136385121132,0.0
0.2728543063348488,-1.131516278337816,1.0861356559914745,0.7271456936651512,0.0
0.23765304671785678,-0.8965974726186597,0.9418159855882285,0.7623469532821432,0.0
0.36594198044889437,-0.5334166248108962,-1.0611672275173851,0.6340580195511056,0.0
0.22500779944826685,-0.8767237422579031,0.8924954869650126,0.7749922005517331,0.0
0.370310498855074,-0.7329036072018444,-0.6893506564544776,0.629689501144926,0.0
0.3920863614878868,-0.4620391860194715,-1.6702596226091342,0.6079136385121132,0.0
0.3161564048677502,-0.8883789527261756,0.08508187228885822,0.6838435951322498,0.0
0.23948202075738576,-0.8994719547164386,0.9489495678484521,0.7605179792426142,0.0
0.36966960140598915,-0.5232397521472887,-1.1480105753619876,0.6303303985940109,0.0
0.22500779944826685,-0.8767237422579031,0.8924954869650126,0.7749922005517331,0.0
0.3442121959022667,-0.8078313249499466,-0.3161309557171104,0.6557878040977333,0.0
0.3920863614878868,-0.4620391860194715,-1.6702596226091342,0.6079136385121132,0.0
0.33739423741075164,-0.7691304640560526,-0.4058923147626179,0.6626057625892483,0.0
0.2435520579079224,-0.8878053952271323,0.8790938962524826,0.7564479420920776,0.0
0.3638607946097466,-0.5390985231364218,-1.0126813036966231,0.6361392053902535,0.0
0.22500779944826685,-0.8767237422579031,0.8924954869650126,0.7749922005517331,0.0
0.3343034357494513,-0.8135579462806928,-0.21566495034197253,0.6656965642505487,0.0
0.3920863614878868,-0.4620391860194715,-1.6702596226091342,0.6079136385121132,0.0
0.34015932290749257,-0.7450979471388847,-0.4692864094409852,0.6598406770925074,0.0
0.2435520579079224,-0.8878053952271323,0.8790938962524826,0.7564479420920776,0.0
0.3674604265253032,-0.5292710766062819,-1.0965428577959575,0.6325395734746968,0.0
0.2188430959629647,-0.8729015678656373,0.8958429210406479,0.7811569040370353,0.0
0.31989300545922816,-0.9012228840752939,0.14709506669352912,0.6801069945407718,0.0
0.3920863614878868,-0.4620391860194715,-1.6702596226091342,0.6079136385121132,0.0
0.36356748362644964,-0.71834087372511,-0.7461113140331084,0.6364325163735504,0.0
0.24326282366116564,-0.8880420297056427,0.8825830085712834,0.7567371763388344,0.0
0.3674604265253032,-0.5292710766062819,-1.0965428577959575,0.6325395734746968,0.0
0.2188430959629647,-0.8729015678656373,0.8958429210406479,0.7811569040370353,0.0
0.3113756251144208,-0.8988357129909683,0.21020615991097202,0.6886243748855791,0.0
0.3920863614878868,-0.4620391860194715,-1.6702596226091342,0.6079136385121132,0.0
0.36356748362644964,-0.71834087372511,-0.7461113140331084,0.6364325163735504,0.0
0.24326282366116564,-0.8880420297056427,0.8825830085712834,0.7567371763388344,0.0
0.3484181832142916,-0.581258788778776,-0.6529107990019238,0.6515818167857084,0.0
0.2188430959629647,-0.8729015678656373,0.8958429210406479,0.7811569040370353,0.0
0.3512628605897484,-0.9100149314015257,-0.08534563352328306,0.6487371394102516,0.0
0.3920863614878868,-0.4620391860194715,-1.6702596226091342,0.6079136385121132,0.0
0.37356594836428986,-0.6284837833015451,-1.070109485375129,0.6264340516357101,0.0
0.24326282366116564,-0.8880420297056427,0.8825830085712834,0.7567371763388344,0.0
0.35842101223456424,-0.6213938437360216,-0.778272332806111,0.6415789877654358,0.0
0.22057177854299714,-0.8705773456887066,0.8750356514437478,0.7794282214570029,0.0
0.3555950434165654,-0.8553299291569034,-0.27662753541009133,0.6444049565834347,0.0
0.3823641036120172,-0.4850964172238081,-1.5262522316742242,0.6176358963879828,0.0
0.3703392538039673,-0.669214243286216,-0.9276389810174448,0.6296607461960326,0.0
0.2484973817144203,-0.8912875051439472,0.8797406434777907,0.7515026182855797,0.0
0.3530323797455222,-0.5997726543051335,-0.7107387148102124,0.6469676202544778,0.0
0.22057177854299714,-0.8705773456887066,0.8750356514437478,0.7794282214570029,0.0
0.3555950434165654,-0.8553299291569034,-0.27662753541009133,0.6444049565834347,0.0
0.3823641036120172,-0.4850964172238081,-1.5262522316742242,0.6176358963879828,0.0
0.3703392538039673,-0.669214243286216,-0.9276389810174448,0.6296607461960326,0.0
0.2484973817144203,-0.8912875051439472,0.8797406434777907,0.7515026182855797,0.0
0.35427159285808046,-0.7233510737381663,-0.5008179702742046,0.6457284071419196,0.0
0.22057177854299714,-0.8705773456887066,0.8750356514437478,0.7794282214570029,0.0
0.3672474061542003,-0.6941701743065669,-0.8205794014995308,0.6327525938457996,0.0
0.3823641036120172,-0.4850964172238081,-1.5262522316742242,0.6176358963879828,0.0
0.383993172418366,-0.49686127483477094,-1.5305100105138663,0.6160068275816339,0.0
0.2484973817144203,-0.8912875051439472,0.8797406434777907,0.7515026182855797,0.0
0.35427159285808046,-0.7233510737381663,-0.5008179702742046,0.6457284071419196,0.0
0.23153398239480727,-0.8787071249582252,0.8768825974696478,0.7684660176051927,0.0
0.3672474061542003,-0.6941701743065669,-0.8205794014995308,0.6327525938457996,0.0
0.39126634651379527,-0.36197260826144706,-1.9418238842081448,0.6087336534862047,0.0
0.383993172418366,-0.49686127483477094,-1.5305100105138663,0.6160068275816339,0.0
0.2484973817144203,-0.8912875051439472,0.8797406434777907,0.7515026182855797,0.0
0.35554157380615853,-0.7109454291304957,-0.5502857968150965,0.6444584261938415,0.0
0.23348995937539435,-0.880157714759637,0.8772121465238237,0.7665100406246057,0.0
0.3681343832558908,-0.683719265519805,-0.8581824698841869,0.6318656167441092,0.0
0.39126634651379527,-0.36197260826144706,-1.9418238842081448,0.6087336534862047,0.0
0.383993172418366,-0.49686127483477094,-1.5305100105138663,0.6160068275816339,0.0
0.2484973817144203,-0.8912875051439472,0.8797406434777907,0.7515026182855797,0.0
0.3416461742859213,-0.8297085601298257,-0.0450573541692223,0.6583538257140786,0.0
0.23348995937539435,-0.880157714759637,0.8772121465238237,0.7665100406246057,0.0
0.36521752304253496,-0.7242904013492053,-0.7215390517814841,0.634782476957465,0.0
0.39126634651379527,-0.36197260826144706,-1.9418238842081448,0.6087336534862047,0.0
0.39298354409662417,-0.3909311959302629,-1.9116535150944276,0.6070164559033758,0.0
0.2484973817144203,-0.8912875051439472,0.8797406434777907,0.7515026182855797,0.0
0.3461619799151776,-0.8095125195993157,-0.17465790820239624,0.6538380200848224,0.0
0.23348995937539435,-0.880157714759637,0.8772121465238237,0.7665100406246057,0.0
0.36521752304253496,-0.7242904013492053,-0.7215390517814841,0.634782476957465,0.0
0.39126634651379527,-0.36197260826144706,-1.9418238842081448,0.6087336534862047,0.0
0.39298354409662417,-0.3909311959302629,-1.9116535150944276,0.6070164559033758,0.0
0.2484973817144203,-0.8912875051439472,0.8797406434777907,0.7515026182855797,0.0
0.3461619799151776,-0.8095125195993157,-0.17465790820239624,0.6538380200848224,0.0
0.23348995937539435,-0.880157714759637,0.8772121465238237,0.7665100406246057,0.0
0.3564605132248105,-0.8460932334312892,-0.3113076158100876,0.6435394867751896,0.0
0.38753460519576366,-0.41387807263742393,-1.7670064943188073,0.6124653948042363,0.0
0.39298354409662417,-0.3909311959302629,-1.9116535150944276,0.6070164559033758,0.0
0.2484973817144203,-0.8912875051439472,0.8797406434777907,0.7515026182855797,0.0
0.3429163727660083,-0.7979840210485833,-0.13159242939983906,0.6570836272339917,0.0
0.23348995937539435,-0.880157714759637,0.8772121465238237,0.7665100406246057,0.0
0.3564605132248105,-0.8460932334312892,-0.3113076158100876,0.6435394867751896,0.0
0.3845950847154237,-0.42625714593367325,-1.6889742594697523,0.6154049152845763,0.0
0.39298354409662417,-0.3909311959302629,-1.9116535150944276,0.6070164559033758,0.0
0.2535076476579583,-0.8741679967313379,0.7851766316457787,0.7464923523420417,0.0
0.3443547913335573,-0.7967583638765418,-0.1463415228240973,0.6556452086664427,0.0
0.23348995937539435,-0.880157714759637,0.8772121465238237,0.7665100406246057,0.0
0.3564605132248105,-0.8460932334312892,-0.3113076158100876,0.6435394867751896,0.0
0.3845950847154237,-0.42625714593367325,-1.6889742594697523,0.6154049152845763,0.0
0.39298354409662417,-0.3909311959302629,-1.9116535150944276,0.6070164559033758,0.0
0.2535076476579583,-0.8741679967313379,0.7851766316457787,0.7464923523420417,0.0
0.3443547913335573,-0.7967583638765418,-0.1463415228240973,0.6556452086664427,0.0
0.2414221431742112,-0.8777842366820041,0.8407422699963085,0.7585778568257888,0.0
0.3567785734308198,-0.8413470032452638,-0.32688208214382053,0.6432214265691802,0.0
0.3845950847154237,-0.42625714593367325,-1.6889742594697523,0.6154049152845763,0.0
0.39298354409662417,-0.3909311959302629,-1.9116535150944276,0.6070164559033758,0.0
0.2535076476579583,-0.8741679967313379,0.7851766316457787,0.7464923523420417,0.0
0.3443547913335573,-0.7967583638765418,-0.1463415228240973,0.6556452086664427,0.0
0.2414221431742112,-0.8777842366820041,0.8407422699963085,0.7585778568257888,0.0
0.3567785734308198,-0.8413470032452638,-0.32688208214382053,0.6432214265691802,0.0
0.3845950847154237,-0.42625714593367325,-1.6889742594697523,0.6154049152845763,0.0
0.3930451511874957,-0.3906717526984269,-1.9132889311479666,0.6069548488125043,0.0
0.25754947514183557,-0.872958595995063,0.7665934831684946,0.7424505248581644,0.0
0.3443547913335573,-0.7967583638765418,-0.1463415228240973,0.6556452086664427,0.0
0.2414221431742112,-0.8777842366820041,0.8407422699963085,0.7585778568257888,0.0
0.3567785734308198,-0.8413470032452638,-0.32688208214382053,0.6432214265691802,0.0
0.3845950847154237,-0.42625714593367325,-1.6889742594697523,0.6154049152845763,0.0
0.3930451511874957,-0.3906717526984269,-1.9132889311479666,0.6069548488125043,0.0
0.25754947514183557,-0.872958595995063,0.7665934831684946,0.7424505248581644,0.0
0.3443547913335573,-0.7967583638765418,-0.1463415228240973,0.6556452086664427,0.0
0.23359925899156717,-0.8801250099901234,0.8767096186440586,0.7664007410084328,0.0
0.3599459512801933,-0.8019868293843557,-0.46543251133906516,0.6400540487198068,0.0
0.3763346751111315,-0.46668670032154413,-1.457882309283534,0.6236653248888685,0.0
0.39381149962121736,-0.38114854169432016,-1.9468112671162616,0.6061885003787826,0.0
0.25754947514183557,-0.872958595995063,0.7665934831684946,0.7424505248581644,0.0
0.331089102166617,-0.7923097405230437,0.12515603631194216,0.668910897833383,0.0
0.23359925899156717,-0.8801250099901234,0.8767096186440586,0.7664007410084328,0.0
0.3477370434344494,-0.7978925956148327,-0.2155631952316952,0.6522629565655507,0.0
0.3763346751111315,-0.46668670032154413,-1.457882309283534,0.6236653248888685,0.0
0.39381149962121736,-0.38114854169432016,-1.9468112671162616,0.6061885003787826,0.0
0.24077446152558118,-0.8913552850103956,0.9129108135700774,0.7592255384744189,0.0
0.32029705432007927,-0.8041450780442585,0.21928791999288877,0.6797029456799207,0.0
0.23359925899156717,-0.8801250099901234,0.8767096186440586,0.7664007410084328,0.0
0.3477370434344494,-0.7978925956148327,-0.2155631952316952,0.6522629565655507,0.0
0.3763346751111315,-0.46668670032154413,-1.457882309283534,0.6236653248888685,0.0
0.39381149962121736,-0.38114854169432016,-1.9468112671162616,0.6061885003787826,0.0
0.24077446152558118,-0.8913552850103956,0.9129108135700774,0.7592255384744189,0.0
0.3212449501843331,-0.798436852104512,0.19091800168553252,0.6787550498156669,0.0
0.23359925899156717,-0.8801250099901234,0.8767096186440586,0.7664007410084328,0.0
0.36024954257600417,-0.6529780262061271,-0.7591227816986177,0.6397504574239958,0.0
0.3763346751111315,-0.46668670032154413,-1.457882309283534,0.6236653248888685,0.0
0.39381149962121736,-0.38114854169432016,-1.9468112671162616,0.6061885003787826,0.0
0.24077446152558118,-0.8913552850103956,0.9129108135700774,0.7592255384744189,0.0
0.33875028566754445,-0.7750441892938486,0.01747149833006223,0.6612497143324556,0.0
0.23359925899156717,-0.8801250099901234,0.8767096186440586,0.7664007410084328,0.0
0.3597405969134879,-0.6588724235364757,-0.7370135059478834,0.6402594030865121,0.0
0.3763346751111315,-0.46668670032154413,-1.457882309283534,0.6236653248888685,0.0
0.39381149962121736,-0.38114854169432016,-1.9468112671162616,0.6061885003787826,0.0
0.24581176902449137,-0.899239431598073,0.9383256432986995,0.7541882309755086,0.0
0.33875028566754445,-0.7750441892938486,0.01747149833006223,0.6612497143324556,0.0
0.23290730349034552,-0.8790419951841062,0.8732184815143249,0.7670926965096545,0.0
0.33408335255534677,-0.8680136242155865,0.17403006247471953,0.6659166474446532,0.0
0.3763346751111315,-0.46668670032154413,-1.457882309283534,0.6236653248888685,0.0
0.39381149962121736,-0.38114854169432016,-1.9468112671162616,0.6061885003787826,0.0
0.24581176902449137,-0.899239431598073,0.9383256432986995,0.7541882309755086,0.0
0.33875028566754445,-0.7750441892938486,0.01747149833006223,0.6612497143324556,0.0
0.21397480974303218,-0.8976444359813173,1.0262888511803494,0.7860251902569678,0.0
0.33408335255534677,-0.8680136242155865,0.17403006247471953,0.6659166474446532,0.0
0.3743018501259373,-0.4766361110937685,-1.4010123097653873,0.6256981498740627,0.0
0.364258255426775,-0.6220474039615553,-0.8974276048046785,0.635741744573225,0.0
0.24581176902449137,-0.899239431598073,0.9383256432986995,0.7541882309755086,0.0
0.33875028566754445,-0.7750441892938486,0.01747149833006223,0.6612497143324556,0.0
0.21397480974303218,-0.8976444359813173,1.0262888511803494,0.7860251902569678,0.0
0.3282606004280172,-0.91547691973431,0.38078573748310784,0.6717393995719828,0.0
0.3743018501259373,-0.4766361110937685,-1.4010123097653873,0.6256981498740627,0.0
0.38429356764376404,-0.45873254463558194,-1.6088462623128028,0.615706432356236,0.0
0.25047621672884346,-0.8994731151473484,0.9254381128205627,0.7495237832711565,0.0
0.3564166497451592,-0.7286482773764097,-0.18751026447543573,0.6435833502548408,0.0
0.21397480974303218,-0.8976444359813173,1.0262888511803494,0.7860251902569678,0.0
0.2876877191936118,-0.9091461655689131,0.6099473945141767,0.7123122808063882,0.0
0.36721073607903737,-0.48934225809749876,-1.253512717457831,0.6327892639209627,0.0
0.38429356764376404,-0.45873254463558194,-1.6088462623128028,0.615706432356236,0.0
0.25047621672884346,-0.8994731151473484,0.9254381128205627,0.7495237832711565,0.0
0.3564166497451592,-0.7286482773764097,-0.18751026447543573,0.6435833502548408,0.0
0.21397480974303218,-0.8976444359813173,1.0262888511803494,0.7860251902569678,0.0
0.25682359904691315,-0.9902024029160166,0.9680619294188132,0.7431764009530868,0.0
0.38296876120151463,-0.4473544806193421,-1.4879562402782516,0.6170312387984853,0.0
0.38429356764376404,-0.45873254463558194,-1.6088462623128028,0.615706432356236,0.0
0.29184372404693837,-0.8327696146480313,0.49085521721012537,0.7081562759530616,0.0
0.34512802976730816,-0.7468507390944696,-0.06891860944297434,0.6548719702326918,0.0
0.21397480974303218,-0.8976444359813173,1.0262888511803494,0.7860251902569678,0.0
0.25442884966791696,-1.0009679861895808,1.0006943222990143,0.745571150332083,0.0
0.38296876120151463,-0.4473544806193421,-1.4879562402782516,0.6170312387984853,0.0
0.38536323304670783,-0.46791933679065806,-1.7064543883058407,0.6146367669532922,0.0
0.29184372404693837,-0.8327696146480313,0.49085521721012537,0.7081562759530616,0.0
0.34512802976730816,-0.7468507390944696,-0.06891860944297434,0.6548719702326918,0.0
0.21397480974303218,-0.8976444359813173,1.0262888511803494,0.7860251902569678,0.0
0.25442884966791696,-1.0009679861895808,1.0006943222990143,0.745571150332083,0.0
0.3830235352825283,-0.4478249063210363,-1.4929544344668466,0.6169764647174717,0.0
0.3873337709771017,-0.4848432480907734,-1.8862681076751096,0.6126662290228984,0.0
0.25259436826110593,-0.8960576779854361,0.9031860486786738,0.7474056317388941,0.0
0.34512802976730816,-0.7468507390944696,-0.06891860944297434,0.6548719702326918,0.0
0.21397480974303218,-0.8976444359813173,1.0262888511803494,0.7860251902569678,0.0
0.25481163341971036,-1.0228586203639514,1.0210404444612307,0.7451883665802896,0.0
0.3830174079160912,-0.4478459636236615,-1.4928418673845716,0.6169825920839088,0.0
0.3873337709771017,-0.4848432480907734,-1.8862681076751096,0.6126662290228984,0.0
0.25259436826110593,-0.8960576779854361,0.9031860486786738,0.7474056317388941,0.0
0.34512802976730816,-0.7468507390944696,-0.06891860944297434,0.6548719702326918,0.0
0.183714126478714,-0.8988877536931966,1.1227470982032863,0.816285873521286,0.0
0.27819647580538004,-1.0945614048268457,1.0180349912243627,0.7218035241946199,0.0
0.3830174079160912,-0.4478459636236615,-1.4928418673845716,0.6169825920839088,0.0
0.3873337709771017,-0.4848432480907734,-1.8862681076751096,0.6126662290228984,0.0
0.25259436826110593,-0.8960576779854361,0.9031860486786738,0.7474056317388941,0.0
0.34512802976730816,-0.7468507390944696,-0.06891860944297434,0.6548719702326918,0.0
0.183714126478714,-0.8988877536931966,1.1227470982032863,0.816285873521286,0.0
0.27819647580538004,-1.0945614048268457,1.0180349912243627,0.7218035241946199,0.0
0.3830174079160912,-0.4478459636236615,-1.4928418673845716,0.6169825920839088,0.0
0.34911075167458905,-0.6983840806480194,-0.8690976414755236,0.650889248325411,0.0
0.25259436826110593,-0.8960576779854361,0.9031860486786738,0.7474056317388941,0.0
0.34512802976730816,-0.7468507390944696,-0.06891860944297434,0.6548719702326918,0.0
0.183714126478714,-0.8988877536931966,1.1227470982032863,0.816285873521286,0.0
0.27233081848754276,-1.1250336035166195,1.1132919659172043,0.7276691815124572,0.0
0.3830174079160912,-0.4478459636236615,-1.4928418673845716,0.6169825920839088,0.0
0.34911075167458905,-0.6983840806480194,-0.8690976414755236,0.650889248325411,0.0
0.25259436826110593,-0.8960576779854361,0.9031860486786738,0.7474056317388941,0.0
0.34588092681650445,-0.7376885618251937,-0.2201851166386397,0.6541190731834956,0.0
0.183714126478714,-0.8988877536931966,1.1227470982032863,0.816285873521286,0.0
0.27233081848754276,-1.1250336035166195,1.1132919659172043,0.7276691815124572,0.0
0.3830174079160912,-0.4478459636236615,-1.4928418673845716,0.6169825920839088,0.0
0.34911075167458905,-0.6983840806480194,-0.8690976414755236,0.650889248325411,0.0
0.25259436826110593,-0.8960576779854361,0.9031860486786738,0.7474056317388941,0.0
0.3222532669102473,-0.8621215112713908,0.20818873236371516,0.6777467330897526,0.0
0.183714126478714,-0.8988877536931966,1.1227470982032863,0.816285873521286,0.0
0.27233081848754276,-1.1250336035166195,1.1132919659172043,0.7276691815124572,0.0
0.3830174079160912,-0.4478459636236615,-1.4928418673845716,0.6169825920839088,0.0
0.3656629622581623,-0.6783185018304749,-1.0684332297434307,0.6343370377418377,0.0
0.25259436826110593,-0.8960576779854361,0.9031860486786738,0.7474056317388941,0.0
0.3222532669102473,-0.8621215112713908,0.20818873236371516,0.6777467330897526,0.0
0.21843012074358722,-0.9874814243383687,1.1190430068997592,0.7815698792564127,0.0
0.27233081848754276,-1.1250336035166195,1.1132919659172043,0.7276691815124572,0.0
0.37414230457507347,-0.5083543199694986,-1.2443923359817095,0.6258576954249265,0.0
0.3313196113465597,-0.8426958843153824,-0.2656256335587075,0.6686803886534403,0.0
0.25259436826110593,-0.8960576779854361,0.9031860486786738,0.7474056317388941,0.0
0.32072961127832594,-0.8653861088303122,0.287816186647438,0.679270388721674,0.0
0.21423316041736332,-0.9987125171971024,1.1455602919454408,0.7857668395826367,0.0
0.24668125081528208,-1.059577049594827,1.1160286969994013,0.753318749184718,0.0
0.367215002332269,-0.5383123843239213,-1.1161072682421307,0.632784997667731,0.0
0.3313196113465597,-0.8426958843153824,-0.2656256335587075,0.6686803886534403,0.0
0.25259436826110593,-0.8960576779854361,0.9031860486786738,0.7474056317388941,0.0
0.32072961127832594,-0.8653861088303122,0.287816186647438,0.679270388721674,0.0
0.2294198104428085,-0.9531341500356398,1.043739872758445,0.7705801895571915,0.0
0.26453956525375977,-1.012743833307651,0.916287887894952,0.7354604347462402,0.0
0.3935950063987025,-0.31461686946724343,-1.7411376235406089,0.6064049936012975,0.0
0.2703686639818682,-1.3595439301841745,1.178505769575018,0.7296313360181318,0.0
0.25310041549639256,-0.8820636170392624,0.884970879654784,0.7468995845036075,0.0
0.2993539508155593,-0.9214435230494854,0.526897636953616,0.7006460491844406,0.0
0.2294198104428085,-0.9531341500356398,1.043739872758445,0.7705801895571915,0.0
0.26453956525375977,-1.012743833307651,0.916287887894952,0.7354604347462402,0.0
0.3935950063987025,-0.31461686946724343,-1.7411376235406089,0.6064049936012975,0.0
0.27015167978125276,-1.3535441506382344,1.1748173565031503,0.7298483202187472,0.0
0.25310041549639256,-0.8820636170392624,0.884970879654784,0.7468995845036075,0.0
0.32319866891650534,-0.9417447335661745,0.3423029789932136,0.6768013310834946,0.0
0.2294198104428085,-0.9531341500356398,1.043739872758445,0.7705801895571915,0.0
0.2643729363093833,-1.0026251522219791,0.9086119054763175,0.7356270636906167,0.0
0.3935950063987025,-0.31461686946724343,-1.7411376235406089,0.6064049936012975,0.0
0.27015167978125276,-1.3535441506382344,1.1748173565031503,0.7298483202187472,0.0
0.25310041549639256,-0.8820636170392624,0.884970879654784,0.7468995845036075,0.0
0.3367453935862516,-0.9277248440933621,0.2118901347312897,0.6632546064137483,0.0
0.2294198104428085,-0.9531341500356398,1.043739872758445,0.7705801895571915,0.0
0.2643729363093833,-1.0026251522219791,0.9086119054763175,0.7356270636906167,0.0
0.3935950063987025,-0.31461686946724343,-1.7411376235406089,0.6064049936012975,0.0
0.27015167978125276,-1.3535441506382344,1.1748173565031503,0.7298483202187472,0.0
0.2584775084692389,-0.8659258172369966,0.8489196201877304,0.7415224915307611,0.0
0.308395121576423,-0.9570653444572341,0.4848151183369545,0.691604878423577,0.0
0.2294198104428085,-0.9531341500356398,1.043739872758445,0.7705801895571915,0.0
0.2643729363093833,-1.0026251522219791,0.9086119054763175,0.7356270636906167,0.0
0.3935950063987025,-0.31461686946724343,-1.7411376235406089,0.6064049936012975,0.0
0.27015167978125276,-1.3535441506382344,1.1748173565031503,0.7298483202187472,0.0
0.2584775084692389,-0.8659258172369966,0.8489196201877304,0.7415224915307611,0.0
0.3200194232079571,-0.8365534601387955,0.2750851942930772,0.6799805767920428,0.0
0.21608241884292173,-0.9931624992961625,1.1331617532446767,0.7839175811570782,0.0
0.2643729363093833,-1.0026251522219791,0.9086119054763175,0.7356270636906167,0.0
0.35973714538201007,-0.5995723746064346,-0.9413536161700737,0.6402628546179899,0.0
0.3087868381316704,-1.0283818180724487,0.2621849325098524,0.6912131618683296,0.0
0.2584775084692389,-0.8659258172369966,0.8489196201877304,0.7415224915307611,0.0
0.28724361947828075,-0.9343697552572063,0.6482326884214341,0.7127563805217192,0.0
0.2146025908384971,-0.9457382520332689,1.0402292888288025,0.7853974091615029,0.0
0.22046650092034553,-1.133659767788795,1.4084799324102772,0.7795334990796545,0.0
0.36781745461945337,-0.5685852896150865,-1.077688030378047,0.6321825453805466,0.0
0.2738116746337564,-1.3227407965371638,1.08836164836944,0.7261883253662436,0.0
0.2584775084692389,-0.8659258172369966,0.8489196201877304,0.7415224915307611,0.0
0.2851446835635795,-0.9950583551738985,0.7170092127318033,0.7148553164364204,0.0
0.21249781191775421,-0.9508207909188959,1.0689636722018183,0.7875021880822458,0.0
0.22046650092034553,-1.133659767788795,1.4084799324102772,0.7795334990796545,0.0
0.3644406603858966,-0.5839150659890273,-1.005355875397377,0.6355593396141034,0.0
0.2738116746337564,-1.3227407965371638,1.08836164836944,0.7261883253662436,0.0
0.2687987502197887,-0.8384568236553996,0.668305649048903,0.7312012497802113,0.0
0.3000620224068688,-0.9630914050890503,0.5575288036647449,0.6999379775931311,0.0
0.21249781191775421,-0.9508207909188959,1.0689636722018183,0.7875021880822458,0.0
0.22046650092034553,-1.133659767788795,1.4084799324102772,0.7795334990796545,0.0
0.3644406603858966,-0.5839150659890273,-1.005355875397377,0.6355593396141034,0.0
0.2582688831935763,-1.2676496460064874,1.1816321614952456,0.7417311168064237,0.0
0.3193571717064631,-0.7375536240258219,0.30851347120076156,0.6806428282935368,0.0
0.26093866554057643,-1.0469303799380458,0.9757943550918138,0.7390613344594236,0.0
0.209159397417331,-0.8742219562264486,0.9267262218708044,0.790840602582669,0.0
0.2182654128426471,-1.1420643072797783,1.445382840805851,0.7817345871573529,0.0
0.38029071666777936,-0.5233938967977041,-1.2710940714111527,0.6197092833322206,0.0
0.2582688831935763,-1.2676496460064874,1.1816321614952456,0.7417311168064237,0.0
0.3193571717064631,-0.7375536240258219,0.30851347120076156,0.6806428282935368,0.0
0.2633881287902185,-1.0551005019215824,0.9781155657502442,0.7366118712097816,0.0
0.20759061276056756,-0.8280780665954548,0.8373720413746887,0.7924093872394324,0.0
0.21413814075059626,-1.0206656264145613,1.2103034027964699,0.7858618592494038,0.0
0.38029071666777936,-0.5233938967977041,-1.2710940714111527,0.6197092833322206,0.0
0.25686613780977063,-1.259798980593278,1.1825435092124348,0.7431338621902294,0.0
0.3193571717064631,-0.7375536240258219,0.30851347120076156,0.6806428282935368,0.0
0.2633881287902185,-1.0551005019215824,0.9781155657502442,0.7366118712097816,0.0
0.21034455624614082,-0.9090819594499785,0.9942300028706244,0.7896554437538592,0.0
0.21413814075059626,-1.0206656264145613,1.2103034027964699,0.7858618592494038,0.0
0.38830705729272674,-0.47556489835777804,-1.4304561271575893,0.6116929427072733,0.0
0.2563837534342055,-1.2749390425941607,1.1976635616857825,0.7436162465657945,0.0
0.3193571717064631,-0.7375536240258219,0.30851347120076156,0.6806428282935368,0.0
0.2633881287902185,-1.0551005019215824,0.9781155657502442,0.7366118712097816,0.0
0.21034455624614082,-0.9090819594499785,0.9942300028706244,0.7896554437538592,0.0
0.21413814075059626,-1.0206656264145613,1.2103034027964699,0.7858618592494038,0.0
0.38830705729272674,-0.47556489835777804,-1.4304561271575893,0.6116929427072733,0.0
0.25716603597939425,-1.2503864102198414,1.1731433787541086,0.7428339640206058,0.0
0.3193571717064631,-0.7375536240258219,0.30851347120076156,0.6806428282935368,0.0
0.2655450354743628,-0.987404070233044,0.9105086035509197,0.7344549645256372,0.0
0.21145053962138213,-0.941613113156019,1.05722414149313,0.7885494603786178,0.0
0.21413814075059626,-1.0206656264145613,1.2103034027964699,0.7858618592494038,0.0
0.38830705729272674,-0.47556489835777804,-1.4304561271575893,0.6116929427072733,0.0
0.2549708591514986,-1.3192839843552078,1.241949895936956,0.7450291408485015,0.0
0.3002506880323859,-0.7736854096470478,0.44108389733795483,0.6997493119676141,0.0
0.2655450354743628,-0.987404070233044,0.9105086035509197,0.7344549645256372,0.0
0.21145053962138213,-0.941613113156019,1.05722414149313,0.7885494603786178,0.0
0.21630137959938522,-1.084294661957231,1.3335162565922765,0.7836986204006148,0.0
0.38830705729272674,-0.47556489835777804,-1.4304561271575893,0.6116929427072733,0.0
0.2537288880725476,-1.3117366900636656,1.2448907881614153,0.7462711119274523,0.0
0.3002506880323859,-0.7736854096470478,0.44108389733795483,0.6997493119676141,0.0
0.2764729173807967,-0.9659026417669168,0.8166370662773722,0.7235270826192033,0.0
0.21145053962138213,-0.941613113156019,1.05722414149313,0.7885494603786178,0.0
0.21630137959938522,-1.084294661957231,1.3335162565922765,0.7836986204006148,0.0
0.38830705729272674,-0.47556489835777804,-1.4304561271575893,0.6116929427072733,0.0
0.256806570657284,-1.3386801003098057,1.2585521157994617,0.743193429342716,0.0
0.2957759175945151,-0.8098590274576751,0.5117597501268067,0.7042240824054848,0.0
0.2764729173807967,-0.9659026417669168,0.8166370662773722,0.7235270826192033,0.0
0.21145053962138213,-0.941613113156019,1.05722414149313,0.7885494603786178,0.0
0.2258171058032887,-1.1440564386184726,1.3159052240242375,0.7741828941967113,0.0
0.38830705729272674,-0.47556489835777804,-1.4304561271575893,0.6116929427072733,0.0
0.256806570657284,-1.3386801003098057,1.2585521157994617,0.743193429342716,0.0
0.2957759175945151,-0.8098590274576751,0.5117597501268067,0.7042240824054848,0.0
0.25721498650296676,-1.1215819198595762,1.1208025439564966,0.7427850134970333,0.0
0.2029406726089309,-0.9549093446653191,1.1122707898702533,0.7970593273910691,0.0
0.22205164007792869,-1.1572993814318722,1.3530179871448702,0.7779483599220713,0.0
0.38830705729272674,-0.47556489835777804,-1.4304561271575893,0.6116929427072733,0.0
0.256806570657284,-1.3386801003098057,1.2585521157994617,0.743193429342716,0.0
0.2957759175945151,-0.8098590274576751,0.5117597501268067,0.7042240824054848,0.0
0.2634815806310276,-1.0537972325779084,0.9995577548834721,0.7365184193689724,0.0
0.2029406726089309,-0.9549093446653191,1.1122707898702533,0.7970593273910691,0.0
0.1762949872594747,-1.3729367289574745,1.875141260217842,0.8237050127405253,0.0
0.39311810970648997,-0.4518562046747492,-1.524086803016564,0.60688189029351,0.0
0.2622553875390132,-1.3775005163398615,1.273349235815716,0.7377446124609868,0.0
0.2785115169710435,-0.8912209568766758,0.7087616024461832,0.7214884830289565,0.0
0.3120415445837744,-0.8760473992515154,0.5118875545412995,0.6879584554162256,0.0
0.2029406726089309,-0.9549093446653191,1.1122707898702533,0.7970593273910691,0.0
0.1762949872594747,-1.3729367289574745,1.875141260217842,0.8237050127405253,0.0
0.39311810970648997,-0.4518562046747492,-1.524086803016564,0.60688189029351,0.0
0.2708612653324555,-1.4388135983348707,1.2967198517345193,0.7291387346675444,0.0
0.2719900469075005,-0.9219546845391781,0.7831772575495914,0.7280099530924995,0.0
0.3120415445837744,-0.8760473992515154,0.5118875545412995,0.6879584554162256,0.0
0.20733080686168048,-0.9528140992894245,1.0913471420707508,0.7926691931383195,0.0
0.1762949872594747,-1.3729367289574745,1.875141260217842,0.8237050127405253,0.0
0.39311810970648997,-0.4518562046747492,-1.524086803016564,0.60688189029351,0.0
0.26467825857928995,-1.391514424726429,1.2767322602495448,0.73532174142071,0.0
0.2719900469075005,-0.9219546845391781,0.7831772575495914,0.7280099530924995,0.0
0.29699871263134264,-1.0397624725786665,0.7548063076148706,0.7030012873686573,0.0
0.20733080686168048,-0.9528140992894245,1.0913471420707508,0.7926691931383195,0.0
0.1762949872594747,-1.3729367289574745,1.875141260217842,0.8237050127405253,0.0
0.39311810970648997,-0.4518562046747492,-1.524086803016564,0.60688189029351,0.0
0.26467825857928995,-1.391514424726429,1.2767322602495448,0.73532174142071,0.0
0.23995620863264638,-1.0729205330259743,1.1487112609986272,0.7600437913673537,0.0
0.29699871263134264,-1.0397624725786665,0.7548063076148706,0.7030012873686573,0.0
0.20733080686168048,-0.9528140992894245,1.0913471420707508,0.7926691931383195,0.0
0.1762949872594747,-1.3729367289574745,1.875141260217842,0.8237050127405253,0.0
0.4013037061852322,-0.3919708735273407,-1.7025857226327201,0.5986962938147677,0.0
0.3240381845076863,-0.9572407795083505,-0.017697861517453672,0.6759618154923137,0.0
0.23995620863264638,-1.0729205330259743,1.1487112609986272,0.7600437913673537,0.0
0.3025920770244642,-1.0243233051744074,0.7028904151024133,0.6974079229755358,0.0
0.20733080686168048,-0.9528140992894245,1.0913471420707508,0.7926691931383195,0.0
0.21614623395590854,-1.1851297849639308,1.420403815944192,0.7838537660440914,0.0
0.4013037061852322,-0.3919708735273407,-1.7025857226327201,0.5986962938147677,0.0
0.32479545035948315,-0.9572695024034599,-0.024893995354602128,0.6752045496405168,0.0
0.2661090174774967,-0.9496702080508667,0.8502849270553836,0.7338909825225033,0.0
0.3025920770244642,-1.0243233051744074,0.7028904151024133,0.6974079229755358,0.0
0.20733080686168048,-0.9528140992894245,1.0913471420707508,0.7926691931383195,0.0
0.2200333253768496,-1.2875675113591363,1.5654987002129683,0.7799666746231504,0.0
0.4013037061852322,-0.3919708735273407,-1.7025857226327201,0.5986962938147677,0.0
0.32479545035948315,-0.9572695024034599,-0.024893995354602128,0.6752045496405168,0.0
0.2661090174774967,-0.9496702080508667,0.8502849270553836,0.7338909825225033,0.0
0.3235679215487798,-0.8919612142609816,0.18674308008138096,0.6764320784512202,0.0
0.20733080686168048,-0.9528140992894245,1.0913471420707508,0.7926691931383195,0.0
0.2200333253768496,-1.2875675113591363,1.5654987002129683,0.7799666746231504,0.0
0.39253160364137574,-0.4567855459686626,-1.5102289147323846,0.6074683963586243,0.0
0.3293131069312079,-0.9238897705279138,-0.12395827247429336,0.6706868930687921,0.0
0.2661090174774967,-0.9496702080508667,0.8502849270553836,0.7338909825225033,0.0
0.3235679215487798,-0.8919612142609816,0.18674308008138096,0.6764320784512202,0.0
0.20733080686168048,-0.9528140992894245,1.0913471420707508,0.7926691931383195,0.0
0.2200333253768496,-1.2875675113591363,1.5654987002129683,0.7799666746231504,0.0
0.39253160364137574,-0.4567855459686626,-1.5102289147323846,0.6074683963586243,0.0
0.3293131069312079,-0.9238897705279138,-0.12395827247429336,0.6706868930687921,0.0
0.2661090174774967,-0.9496702080508667,0.8502849270553836,0.7338909825225033,0.0
0.3235679215487798,-0.8919612142609816,0.18674308008138096,0.6764320784512202,0.0
0.20733080686168048,-0.9528140992894245,1.0913471420707508,0.7926691931383195,0.0
0.2200333253768496,-1.2875675113591363,1.5654987002129683,0.7799666746231504,0.0
0.39253160364137574,-0.4567855459686626,-1.5102289147323846,0.6074683963586243,0.0
0.3418635712688048,-0.8821224421917964,-0.3179874806592382,0.6581364287311953,0.0
0.2569363253382211,-0.9501608311261275,0.8879041308654574,0.7430636746617789,0.0
0.3235679215487798,-0.8919612142609816,0.18674308008138096,0.6764320784512202,0.0
0.20733080686168048,-0.9528140992894245,1.0913471420707508,0.7926691931383195,0.0
0.2200333253768496,-1.2875675113591363,1.5654987002129683,0.7799666746231504,0.0
0.39253160364137574,-0.4567855459686626,-1.5102289147323846,0.6074683963586243,0.0
0.3439842141669454,-0.8809820332730518,-0.3764906382671155,0.6560157858330546,0.0
0.255110393153012,-0.9668554553460251,0.9214309913914199,0.744889606846988,0.0
0.3235679215487798,-0.8919612142609816,0.18674308008138096,0.6764320784512202,0.0
0.20733080686168048,-0.9528140992894245,1.0913471420707508,0.7926691931383195,0.0
0.2200333253768496,-1.2875675113591363,1.5654987002129683,0.7799666746231504,0.0
0.39253160364137574,-0.4567855459686626,-1.5102289147323846,0.6074683963586243,0.0
0.3439842141669454,-0.8809820332730518,-0.3764906382671155,0.6560157858330546,0.0
0.25514917160049355,-0.9668130307586548,0.9210148201206815,0.7448508283995064,0.0
0.33341047175912764,-0.8811932191898799,0.08111258442282476,0.6665895282408724,0.0
0.20733080686168048,-0.9528140992894245,1.0913471420707508,0.7926691931383195,0.0
0.21753126321803848,-1.2216298908886507,1.472103310176555,0.7824687367819615,0.0
0.39253160364137574,-0.4567855459686626,-1.5102289147323846,0.6074683963586243,0.0
0.35591507091876723,-0.7767328124715855,-0.6551146614535487,0.6440849290812327,0.0
0.25514917160049355,-0.9668130307586548,0.9210148201206815,0.7448508283995064,0.0
0.33341047175912764,-0.8811932191898799,0.08111258442282476,0.6665895282408724,0.0
0.20295765049100792,-0.8375669524461555,0.9281087335080883,0.7970423495089921,0.0
0.21753126321803848,-1.2216298908886507,1.472103310176555,0.7824687367819615,0.0
0.4058914496281008,-0.34005012929952744,-1.8222244499569662,0.5941085503718992,0.0
0.34867986609838236,-0.8399524521465787,-0.4861492704873316,0.6513201339016177,0.0
0.25514917160049355,-0.9668130307586548,0.9210148201206815,0.7448508283995064,0.0
0.33341047175912764,-0.8811932191898799,0.08111258442282476,0.6665895282408724,0.0
0.20497690866456308,-0.890781089677291,1.0034823224652107,0.7950230913354369,0.0
0.21753126321803848,-1.2216298908886507,1.472103310176555,0.7824687367819615,0.0
0.4058914496281008,-0.34005012929952744,-1.8222244499569662,0.5941085503718992,0.0
0.3621280865511117,-0.7224448386929763,-0.8002086348045987,0.6378719134488883,0.0
0.25514917160049355,-0.9668130307586548,0.9210148201206815,0.7448508283995064,0.0
0.33341047175912764,-0.8811932191898799,0.08111258442282476,0.6665895282408724,0.0
0.20497690866456308,-0.890781089677291,1.0034823224652107,0.7950230913354369,0.0
0.21753126321803848,-1.2216298908886507,1.472103310176555,0.7824687367819615,0.0
0.4058914496281008,-0.34005012929952744,-1.8222244499569662,0.5941085503718992,0.0
0.34020662929413004,-0.7981232909078301,-0.4557170475883825,0.65979337070587,0.0
0.2541604737308755,-0.969071478706171,0.9369223469805938,0.7458395262691244,0.0
0.34665726756404713,-0.842276012805087,-0.07789928960169235,0.6533427324359529,0.0
0.20497690866456308,-0.890781089677291,1.0034823224652107,0.7950230913354369,0.0
0.21753126321803848,-1.2216298908886507,1.472103310176555,0.7824687367819615,0.0
0.4058914496281008,-0.34005012929952744,-1.8222244499569662,0.5941085503718992,0.0
0.3480862141074632,-0.7431725989632928,-0.6196439780460452,0.6519137858925368,0.0
0.24877423421896197,-0.9914008654775721,1.0348682371256697,0.7512257657810381,0.0
0.336914668685532,-0.9119206979809087,0.32997357560558527,0.663085331314468,0.0
0.20497690866456308,-0.890781089677291,1.0034823224652107,0.7950230913354369,0.0
0.21753126321803848,-1.2216298908886507,1.472103310176555,0.7824687367819615,0.0
0.4058914496281008,-0.34005012929952744,-1.8222244499569662,0.5941085503718992,0.0
0.3672061960155446,-0.695382594472838,-0.9381779923341407,0.6327938039844554,0.0
0.24877423421896197,-0.9914008654775721,1.0348682371256697,0.7512257657810381,0.0
0.3372451926325535,-0.9119736558814664,0.3282863348237941,0.6627548073674465,0.0
0.20497690866456308,-0.890781089677291,1.0034823224652107,0.7950230913354369,0.0
0.21764041076734988,-1.2208255840926283,1.4705758262284028,0.7823595892326501,0.0
0.4058914496281008,-0.34005012929952744,-1.8222244499569662,0.5941085503718992,0.0
0.3672061960155446,-0.695382594472838,-0.9381779923341407,0.6327938039844554,0.0
0.24877423421896197,-0.9914008654775721,1.0348682371256697,0.7512257657810381,0.0
0.327227959577066,-0.9378408636659736,0.42395625599074327,0.672772040422934,0.0
0.20497690866456308,-0.890781089677291,1.0034823224652107,0.7950230913354369,0.0
0.21764041076734988,-1.2208255840926283,1.4705758262284028,0.7823595892326501,0.0
0.4058914496281008,-0.34005012929952744,-1.8222244499569662,0.5941085503718992,0.0
0.3672061960155446,-0.695382594472838,-0.9381779923341407,0.6327938039844554,0.0
0.24877423421896197,-0.9914008654775721,1.0348682371256697,0.7512257657810381,0.0
0.327227959577066,-0.9378408636659736,0.42395625599074327,0.672772040422934,0.0
0.20929415258320505,-0.900699506148391,1.0065761335023842,0.790705847416795,0.0
0.21764041076734988,-1.2208255840926283,1.4705758262284028,0.7823595892326501,0.0
0.4058914496281008,-0.34005012929952744,-1.8222244499569662,0.5941085503718992,0.0
0.35528122552256686,-0.7677046367509148,-0.5318716575425791,0.6447187744774332,0.0
0.24877423421896197,-0.9914008654775721,1.0348682371256697,0.7512257657810381,0.0
0.327227959577066,-0.9378408636659736,0.42395625599074327,0.672772040422934,0.0
0.19917827137187374,-0.8973984874611461,1.0296723712279794,0.8008217286281263,0.0
0.21764041076734988,-1.2208255840926283,1.4705758262284028,0.7823595892326501,0.0
0.3954370998214573,-0.4283889955326009,-1.5556814795533986,0.6045629001785426,0.0
0.35528122552256686,-0.7677046367509148,-0.5318716575425791,0.6447187744774332,0.0
0.2588866579202887,-0.9168825537193361,0.8933482032069876,0.7411133420797114,0.0
0.327227959577066,-0.9378408636659736,0.42395625599074327,0.672772040422934,0.0
0.19917827137187374,-0.8973984874611461,1.0296723712279794,0.8008217286281263,0.0
0.21764041076734988,-1.2208255840926283,1.4705758262284028,0.7823595892326501,0.0
0.3954370998214573,-0.4283889955326009,-1.5556814795533986,0.6045629001785426,0.0
0.33302074924486547,-0.8021544150364908,-0.20274447029665843,0.6669792507551345,0.0
0.2588866579202887,-0.9168825537193361,0.8933482032069876,0.7411133420797114,0.0
0.327227959577066,-0.9378408636659736,0.42395625599074327,0.672772040422934,0.0
0.19917827137187374,-0.8973984874611461,1.0296723712279794,0.8008217286281263,0.0
0.2189842193596247,-1.2443669571760954,1.5026679818828226,0.7810157806403752,0.0
0.40733719919547984,-0.35608718617856827,-1.8152432698827878,0.5926628008045202,0.0
0.3342264436066903,-0.8002885114086048,-0.22057098887762738,0.6657735563933097,0.0
0.2588866579202887,-0.9168825537193361,0.8933482032069876,0.7411133420797114,0.0
0.327227959577066,-0.9378408636659736,0.42395625599074327,0.672772040422934,0.0
0.19519118434980479,-0.8567696430137519,0.988986318653642,0.8048088156501952,0.0
0.22872139383073145,-1.1984460743905119,1.3311438532693827,0.7712786061692686,0.0
0.40733719919547984,-0.35608718617856827,-1.8152432698827878,0.5926628008045202,0.0
0.3342264436066903,-0.8002885114086048,-0.22057098887762738,0.6657735563933097,0.0
0.2588866579202887,-0.9168825537193361,0.8933482032069876,0.7411133420797114,0.0
0.3275030559835472,-0.93243395587725,0.3986211793953033,0.6724969440164528,0.0
0.19519118434980479,-0.8567696430137519,0.988986318653642,0.8048088156501952,0.0
0.2247506297792765,-1.2134310418518865,1.3895438400604454,0.7752493702207235,0.0
0.39710354433952977,-0.40413979563326785,-1.6356206104789783,0.6028964556604702,0.0
0.3342264436066903,-0.8002885114086048,-0.22057098887762738,0.6657735563933097,0.0
0.2588866579202887,-0.9168825537193361,0.8933482032069876,0.7411133420797114,0.0
0.3275030559835472,-0.93243395587725,0.3986211793953033,0.6724969440164528,0.0
0.19519118434980479,-0.8567696430137519,0.988986318653642,0.8048088156501952,0.0
0.2247506297792765,-1.2134310418518865,1.3895438400604454,0.7752493702207235,0.0
0.39710354433952977,-0.40413979563326785,-1.6356206104789783,0.6028964556604702,0.0
0.2903214723064385,-1.076905877572624,0.7675107181466183,0.7096785276935615,0.0
0.23536785672592714,-0.8946865715427599,0.928661447582261,0.7646321432740728,0.0
0.3275030559835472,-0.93243395587725,0.3986211793953033,0.6724969440164528,0.0
0.19519118434980479,-0.8567696430137519,0.988986318653642,0.8048088156501952,0.0
0.22208835829628423,-1.2933562726046461,1.5051101792442378,0.7779116417037157,0.0
0.39710354433952977,-0.40413979563326785,-1.6356206104789783,0.6028964556604702,0.0
0.2886839515101444,-1.0832685913911426,0.7837570484935561,0.7113160484898555,0.0
0.23536785672592714,-0.8946865715427599,0.928661447582261,0.7646321432740728,0.0
0.3135854719283562,-0.9267319831396654,0.47868699620111915,0.6864145280716438,0.0
0.19519118434980479,-0.8567696430137519,0.988986318653642,0.8048088156501952,0.0
0.23603297281399666,-1.5197009534750754,1.7726902712513177,0.7639670271860033,0.0
0.39710354433952977,-0.40413979563326785,-1.6356206104789783,0.6028964556604702,0.0
0.2887775673759887,-1.0826821915663922,0.7816680152437678,0.7112224326240113,0.0
0.23536785672592714,-0.8946865715427599,0.928661447582261,0.7646321432740728,0.0
0.3135854719283562,-0.9267319831396654,0.47868699620111915,0.6864145280716438,0.0
0.19519118434980479,-0.8567696430137519,0.988986318653642,0.8048088156501952,0.0
0.24927531236753644,-1.4099806895405302,1.5238789318496528,0.7507246876324636,0.0
0.39710354433952977,-0.40413979563326785,-1.6356206104789783,0.6028964556604702,0.0
0.2816643474210428,-1.1416192372240468,0.9153188536996998,0.7183356525789573,0.0
0.25063606788414305,-0.9009418902410766,0.8408256714376018,0.749363932115857,0.0
0.3135854719283562,-0.9267319831396654,0.47868699620111915,0.6864145280716438,0.0
0.19519118434980479,-0.8567696430137519,0.988986318653642,0.8048088156501952,0.0
0.24927531236753644,-1.4099806895405302,1.5238789318496528,0.7507246876324636,0.0
0.39710354433952977,-0.40413979563326785,-1.6356206104789783,0.6028964556604702,0.0
0.2816643474210428,-1.1416192372240468,0.9153188536996998,0.7183356525789573,0.0
0.26001939908258465,-0.9047861996031806,0.7868447453096573,0.7399806009174154,0.0
0.3135854719283562,-0.9267319831396654,0.47868699620111915,0.6864145280716438,0.0
0.21544428326527715,-0.8519236412972813,0.8986247109177594,0.7845557167347228,0.0
0.24927531236753644,-1.4099806895405302,1.5238789318496528,0.7507246876324636,0.0
0.39710354433952977,-0.40413979563326785,-1.6356206104789783,0.6028964556604702,0.0
0.2816643474210428,-1.1416192372240468,0.9153188536996998,0.7183356525789573,0.0
0.26137737684671614,-0.840933133066049,0.6936887551104861,0.7386226231532839,0.0
0.3135854719283562,-0.9267319831396654,0.47868699620111915,0.6864145280716438,0.0
0.21544428326527715,-0.8519236412972813,0.8986247109177594,0.7845557167347228,0.0
0.23864959542839848,-1.234705021378026,1.3274978419767511,0.7613504045716015,0.0
0.3884717999966534,-0.4319184361786964,-1.4874840844822477,0.6115282000033466,0.0
0.2645213669758675,-1.2570226903148671,1.1498084435988225,0.7354786330241325,0.0
0.26137737684671614,-0.840933133066049,0.6936887551104861,0.7386226231532839,0.0
0.3135854719283562,-0.9267319831396654,0.47868699620111915,0.6864145280716438,0.0
0.21544428326527715,-0.8519236412972813,0.8986247109177594,0.7845557167347228,0.0
0.24780398925769126,-1.2426018416798272,1.264624732222472,0.7521960107423087,0.0
0.3884717999966534,-0.4319184361786964,-1.4874840844822477,0.6115282000033466,0.0
0.2811406500195286,-1.2713589199099515,1.0356658770535658,0.7188593499804714,0.0
0.2839109485835965,-0.8779648336108096,0.60089169844018,0.7160890514164036,0.0
0.3223373616805024,-0.8689036221747465,0.2489025619008367,0.6776626383194976,0.0
0.21544428326527715,-0.8519236412972813,0.8986247109177594,0.7845557167347228,0.0
0.2556424792074949,-1.1634424891218613,1.1205343736936526,0.7443575207925051,0.0
0.3884717999966534,-0.4319184361786964,-1.4874840844822477,0.6115282000033466,0.0
0.2827870632275362,-1.2727791591402702,1.0243581793230263,0.7172129367724638,0.0
0.2839109485835965,-0.8779648336108096,0.60089169844018,0.7160890514164036,0.0
0.3457178982549779,-0.630148742112643,-0.20951543073664203,0.6542821017450221,0.0
0.21544428326527715,-0.8519236412972813,0.8986247109177594,0.7845557167347228,0.0
0.22295560747599383,-1.3569659219078116,1.6031873306674447,0.7770443925240061,0.0
0.40001888155649573,-0.340046254392248,-1.7619271911437397,0.5999811184435042,0.0
0.30558675478254715,-1.091377703165318,0.48247076397455246,0.6944132452174528,0.0
0.2839109485835965,-0.8779648336108096,0.60089169844018,0.7160890514164036,0.0
0.34213825514506874,-0.6712897346103273,-0.14779120860597017,0.6578617448549313,0.0
0.21544428326527715,-0.8519236412972813,0.8986247109177594,0.7845557167347228,0.0
0.22499580616119513,-1.4941436775161474,1.7945580783718815,0.7750041938388048,0.0
0.40001888155649573,-0.340046254392248,-1.7619271911437397,0.5999811184435042,0.0
0.30558675478254715,-1.091377703165318,0.48247076397455246,0.6944132452174528,0.0
0.2839109485835965,-0.8779648336108096,0.60089169844018,0.7160890514164036,0.0
0.34213825514506874,-0.6712897346103273,-0.14779120860597017,0.6578617448549313,0.0
0.21544428326527715,-0.8519236412972813,0.8986247109177594,0.7845557167347228,0.0
0.2433773974012632,-1.402278776648568,1.4952905663607319,0.7566226025987368,0.0
0.40001888155649573,-0.340046254392248,-1.7619271911437397,0.5999811184435042,0.0
0.30558675478254715,-1.091377703165318,0.48247076397455246,0.6944132452174528,0.0
0.29194935223432356,-0.8494328961328853,0.497534428996794,0.7080506477656765,0.0
0.351160342648072,-0.6584264950421077,-0.2223082187715073,0.648839657351928,0.0
0.21544428326527715,-0.8519236412972813,0.8986247109177594,0.7845557167347228,0.0
0.22798278750295903,-1.5066742079713598,1.8154075328274046,0.772017212497041,0.0
0.40001888155649573,-0.340046254392248,-1.7619271911437397,0.5999811184435042,0.0
0.30558675478254715,-1.091377703165318,0.48247076397455246,0.6944132452174528,0.0
0.29284364929043727,-0.8652988594573519,0.4965466022287539,0.7071563507095627,0.0
0.343685856441618,-0.6951295218126797,0.0777844358918569,0.656314143558382,0.0
0.2098690466860657,-0.8509601966417175,0.9275872295323745,0.7901309533139342,0.0
0.25648503987218896,-1.3541448180060824,1.3258487962077279,0.743514960127811,0.0
0.3742583480488262,-0.5450050922654629,-1.1496685170828262,0.6257416519511738,0.0
0.308156823817518,-1.0978330352169212,0.47051916099704777,0.6918431761824819,0.0
0.29284364929043727,-0.8652988594573519,0.4965466022287539,0.7071563507095627,0.0
0.3163689827678765,-0.7447877300377177,0.2666830205704811,0.6836310172321235,0.0
0.2098690466860657,-0.8509601966417175,0.9275872295323745,0.7901309533139342,0.0
0.25648503987218896,-1.3541448180060824,1.3258487962077279,0.743514960127811,0.0
0.3742583480488262,-0.5450050922654629,-1.1496685170828262,0.6257416519511738,0.0
0.3203305356630378,-1.0374467750949932,0.2690061549238443,0.6796694643369622,0.0
0.25378868245040853,-0.8585498545423774,0.6994313028197895,0.7462113175495915,0.0
0.3163689827678765,-0.7447877300377177,0.2666830205704811,0.6836310172321235,0.0
0.2098690466860657,-0.8509601966417175,0.9275872295323745,0.7901309533139342,0.0
0.24487078225789138,-1.411755971475118,1.518101084980854,0.7551292177421086,0.0
0.3742583480488262,-0.5450050922654629,-1.1496685170828262,0.6257416519511738,0.0
0.32579564889797075,-1.0466732510141692,0.23642267102865822,0.6742043511020293,0.0
0.25378868245040853,-0.8585498545423774,0.6994313028197895,0.7462113175495915,0.0
0.31883727276490353,-0.8238338107400598,0.2587596129680655,0.6811627272350964,0.0
0.19721503997006057,-0.8487734849266558,0.993322898298129,0.8027849600299395,0.0
0.24487078225789138,-1.411755971475118,1.518101084980854,0.7551292177421086,0.0
0.36930223116204214,-0.5782054901771676,-1.0474811245461986,0.6306977688379578,0.0
0.32579564889797075,-1.0466732510141692,0.23642267102865822,0.6742043511020293,0.0
0.25633595663272074,-0.8589900435213268,0.6861985951358082,0.7436640433672792,0.0
0.31883727276490353,-0.8238338107400598,0.2587596129680655,0.6811627272350964,0.0
0.19721503997006057,-0.8487734849266558,0.993322898298129,0.8027849600299395,0.0
0.24487078225789138,-1.411755971475118,1.518101084980854,0.7551292177421086,0.0
0.36930223116204214,-0.5782054901771676,-1.0474811245461986,0.6306977688379578,0.0
0.32579564889797075,-1.0466732510141692,0.23642267102865822,0.6742043511020293,0.0
0.2428943725168436,-0.8226702796643427,0.7732375773140698,0.7571056274831565,0.0
0.32450929133249645,-0.7962263690773637,0.11194443760180017,0.6754907086675035,0.0
0.20504240397363577,-0.8608206630999824,0.9472464825568675,0.7949575960263642,0.0
0.24487078225789138,-1.411755971475118,1.518101084980854,0.7551292177421086,0.0
0.36329226065274833,-0.6184655197334192,-0.9235649156277952,0.6367077393472517,0.0
0.32577276818241885,-1.04221849906941,0.23420855022128323,0.6742272318175812,0.0
0.23239288238968092,-0.8260728495618879,0.8583269638946628,0.7676071176103191,0.0
0.32450929133249645,-0.7962263690773637,0.11194443760180017,0.6754907086675035,0.0
0.20504240397363577,-0.8608206630999824,0.9472464825568675,0.7949575960263642,0.0
0.24487078225789138,-1.411755971475118,1.518101084980854,0.7551292177421086,0.0
0.36973572552559264,-0.5456916825266975,-1.1223968338316246,0.6302642744744074,0.0
0.32577276818241885,-1.04221849906941,0.23420855022128323,0.6742272318175812,0.0
0.23239288238968092,-0.8260728495618879,0.8583269638946628,0.7676071176103191,0.0
0.3246630780245901,-0.7961432184820357,0.1108691744788326,0.67533692197541,0.0
0.20504240397363577,-0.8608206630999824,0.9472464825568675,0.7949575960263642,0.0
0.2848372843811666,-1.2292002528885504,0.8838435555749056,0.7151627156188334,0.0
0.36973572552559264,-0.5456916825266975,-1.1223968338316246,0.6302642744744074,0.0
0.32577276818241885,-1.04221849906941,0.23420855022128323,0.6742272318175812,0.0
0.23401564428419627,-0.9022414566624265,0.9441311708520941,0.7659843557158037,0.0
0.3246630780245901,-0.7961432184820357,0.1108691744788326,0.67533692197541,0.0
0.20504240397363577,-0.8608206630999824,0.9472464825568675,0.7949575960263642,0.0
0.2848372843811666,-1.2292002528885504,0.8838435555749056,0.7151627156188334,0.0
0.36973572552559264,-0.5456916825266975,-1.1223968338316246,0.6302642744744074,0.0
0.32577276818241885,-1.04221849906941,0.23420855022128323,0.6742272318175812,0.0
0.23401564428419627,-0.9022414566624265,0.9441311708520941,0.7659843557158037,0.0
0.3246630780245901,-0.7961432184820357,0.1108691744788326,0.67533692197541,0.0
0.18601534250376636,-0.8336191496760201,0.9492923437263178,0.8139846574962336,0.0
0.2848372843811666,-1.2292002528885504,0.8838435555749056,0.7151627156188334,0.0
0.36973572552559264,-0.5456916825266975,-1.1223968338316246,0.6302642744744074,0.0
0.32577276818241885,-1.04221849906941,0.23420855022128323,0.6742272318175812,0.0
0.23401564428419627,-0.9022414566624265,0.9441311708520941,0.7659843557158037,0.0
0.3246630780245901,-0.7961432184820357,0.1108691744788326,0.67533692197541,0.0
0.18601534250376636,-0.8336191496760201,0.9492923437263178,0.8139846574962336,0.0
0.27522817813182565,-1.3065621736306419,1.1109169482504113,0.7247718218681743,0.0
0.3653820068161759,-0.5948634903747152,-0.9880501338191039,0.6346179931838241,0.0
0.3463195849561636,-0.8101584617266769,-0.3998234609290944,0.6536804150438364,0.0
0.24237300891321925,-0.9141893324027405,0.9432325555929522,0.7576269910867808,0.0
0.3246630780245901,-0.7961432184820357,0.1108691744788326,0.67533692197541,0.0
0.18601534250376636,-0.8336191496760201,0.9492923437263178,0.8139846574962336,0.0
0.279397148992307,-1.2635172447389516,1.0265803755661977,0.720602851007693,0.0
0.3653820068161759,-0.5948634903747152,-0.9880501338191039,0.6346179931838241,0.0
0.3463195849561636,-0.8101584617266769,-0.3998234609290944,0.6536804150438364,0.0
0.24237300891321925,-0.9141893324027405,0.9432325555929522,0.7576269910867808,0.0
0.3246630780245901,-0.7961432184820357,0.1108691744788326,0.67533692197541,0.0
0.18601534250376636,-0.8336191496760201,0.9492923437263178,0.8139846574962336,0.0
0.279397148992307,-1.2635172447389516,1.0265803755661977,0.720602851007693,0.0
0.3581755858813443,-0.6509035948251357,-0.8192032479113098,0.6418244141186558,0.0
0.3463195849561636,-0.8101584617266769,-0.3998234609290944,0.6536804150438364,0.0
0.22064039076782402,-0.8831198945310043,0.9455693283859851,0.779359609232176,0.0
0.3246630780245901,-0.7961432184820357,0.1108691744788326,0.67533692197541,0.0
0.18601534250376636,-0.8336191496760201,0.9492923437263178,0.8139846574962336,0.0
0.279397148992307,-1.2635172447389516,1.0265803755661977,0.720602851007693,0.0
0.3581755858813443,-0.6509035948251357,-0.8192032479113098,0.6418244141186558,0.0
0.3554569881741244,-0.8048538603151321,-0.49763914539383036,0.6445430118258756,0.0
0.22064039076782402,-0.8831198945310043,0.9455693283859851,0.779359609232176,0.0
0.3116378042610956,-0.7924587726295644,0.36825732087586827,0.6883621957389043,0.0
0.18601534250376636,-0.8336191496760201,0.9492923437263178,0.8139846574962336,0.0
0.2872895146373766,-1.2082985690296113,0.8536137240734576,0.7127104853626234,0.0
0.3569376183374393,-0.7210079105707237,-0.6727726373269012,0.6430623816625607,0.0
0.3393580499513628,-0.8246450893346567,-0.270233871100206,0.6606419500486371,0.0
0.2535368379924877,-0.9301493926066468,0.9420321787269909,0.7464631620075123,0.0
0.31396193705817865,-0.7951573516792397,0.3147246669267989,0.6860380629418213,0.0
0.18601534250376636,-0.8336191496760201,0.9492923437263178,0.8139846574962336,0.0
0.2872895146373766,-1.2082985690296113,0.8536137240734576,0.7127104853626234,0.0
0.3569376183374393,-0.7210079105707237,-0.6727726373269012,0.6430623816625607,0.0
0.3393580499513628,-0.8246450893346567,-0.270233871100206,0.6606419500486371,0.0
0.2535368379924877,-0.9301493926066468,0.9420321787269909,0.7464631620075123,0.0
0.31396193705817865,-0.7951573516792397,0.3147246669267989,0.6860380629418213,0.0
0.18601534250376636,-0.8336191496760201,0.9492923437263178,0.8139846574962336,0.0
0.27723048623999647,-1.1710836420666006,0.863116975809157,0.7227695137600035,0.0
0.3569376183374393,-0.7210079105707237,-0.6727726373269012,0.6430623816625607,0.0
0.3369906272284735,-0.821896245822043,-0.21570410346616287,0.6630093727715265,0.0
0.2592704357053934,-0.9185524479890677,0.8524908699551594,0.7407295642946066,0.0
0.31396193705817865,-0.7951573516792397,0.3147246669267989,0.6860380629418213,0.0
0.18601534250376636,-0.8336191496760201,0.9492923437263178,0.8139846574962336,0.0
0.2894126310362731,-1.3423733367087176,0.8703245702357182,0.7105873689637269,0.0
0.3569376183374393,-0.7210079105707237,-0.6727726373269012,0.6430623816625607,0.0
0.3430195180116603,-0.8143984556730113,-0.29856585024909266,0.6569804819883397,0.0
0.2592704357053934,-0.9185524479890677,0.8524908699551594,0.7407295642946066,0.0
0.31396193705817865,-0.7951573516792397,0.3147246669267989,0.6860380629418213,0.0
0.18601534250376636,-0.8336191496760201,0.9492923437263178,0.8139846574962336,0.0
0.28839517377884644,-1.351735985819904,0.8935757475480073,0.7116048262211536,0.0
0.3569376183374393,-0.7210079105707237,-0.6727726373269012,0.6430623816625607,0.0
0.3430195180116603,-0.8143984556730113,-0.29856585024909266,0.6569804819883397,0.0
0.2592704357053934,-0.9185524479890677,0.8524908699551594,0.7407295642946066,0.0
0.31396193705817865,-0.7951573516792397,0.3147246669267989,0.6860380629418213,0.0
0.18601534250376636,-0.8336191496760201,0.9492923437263178,0.8139846574962336,0.0
0.31309101216625923,-1.124484700677274,0.3292205247314557,0.6869089878337408,0.0
0.3569376183374393,-0.7210079105707237,-0.6727726373269012,0.6430623816625607,0.0
0.3430195180116603,-0.8143984556730113,-0.29856585024909266,0.6569804819883397,0.0
0.2592704357053934,-0.9185524479890677,0.8524908699551594,0.7407295642946066,0.0
0.321603516186153,-0.8002173881259548,0.15344117870599522,0.678396483813847,0.0
0.18232736721004206,-0.828971510125583,0.9532394327294609,0.8176726327899579,0.0
0.31309101216625923,-1.124484700677274,0.3292205247314557,0.6869089878337408,0.0
0.3569376183374393,-0.7210079105707237,-0.6727726373269012,0.6430623816625607,0.0
0.3430195180116603,-0.8143984556730113,-0.29856585024909266,0.6569804819883397,0.0
0.25717062074357444,-0.9232900555338872,0.873137761906353,0.7428293792564256,0.0
0.321603516186153,-0.8002173881259548,0.15344117870599522,0.678396483813847,0.0
0.18232736721004206,-0.828971510125583,0.9532394327294609,0.8176726327899579,0.0
0.315734282578387,-1.097098041254264,0.2737747514377641,0.684265717421613,0.0
0.3569376183374393,-0.7210079105707237,-0.6727726373269012,0.6430623816625607,0.0
0.3601743260771242,-0.8257578818588731,-0.66063594573861,0.6398256739228758,0.0
0.25717062074357444,-0.9232900555338872,0.873137761906353,0.7428293792564256,0.0
0.321603516186153,-0.8002173881259548,0.15344117870599522,0.678396483813847,0.0
0.18232736721004206,-0.828971510125583,0.9532394327294609,0.8176726327899579,0.0
0.3175049622465389,-1.00753259344752,0.23747150899222752,0.6824950377534611,0.0
0.3793576941222523,-0.5163650321117216,-1.187819873165283,0.6206423058777477,0.0
0.3601743260771242,-0.8257578818588731,-0.66063594573861,0.6398256739228758,0.0
0.25717062074357444,-0.9232900555338872,0.873137761906353,0.7428293792564256,0.0
0.3092226059711169,-0.8610675406123611,0.44097072637814017,0.690777394028883,0.0
0.18232736721004206,-0.828971510125583,0.9532394327294609,0.8176726327899579,0.0
0.2866359724430242,-1.1390368207157195,0.8872039487028596,0.7133640275569758,0.0
0.3793576941222523,-0.5163650321117216,-1.187819873165283,0.6206423058777477,0.0
0.3601743260771242,-0.8257578818588731,-0.66063594573861,0.6398256739228758,0.0
0.25717062074357444,-0.9232900555338872,0.873137761906353,0.7428293792564256,0.0
0.2947750439498117,-0.8574132711880487,0.4992946948646139,0.7052249560501883,0.0
0.18232736721004206,-0.828971510125583,0.9532394327294609,0.8176726327899579,0.0
0.2744424842428071,-1.1027907440134879,0.894923377924212,0.725557515757193,0.0
0.3793576941222523,-0.5163650321117216,-1.187819873165283,0.6206423058777477,0.0
0.3601743260771242,-0.8257578818588731,-0.66063594573861,0.6398256739228758,0.0
0.28215560533669226,-0.9547764927558601,0.8463973555649628,0.7178443946633077,0.0
0.2947750439498117,-0.8574132711880487,0.4992946948646139,0.7052249560501883,0.0
0.18232736721004206,-0.828971510125583,0.9532394327294609,0.8176726327899579,0.0
0.27595269289699603,-1.073809946166326,0.8854221114422941,0.724047307103004,0.0
0.3793576941222523,-0.5163650321117216,-1.187819873165283,0.6206423058777477,0.0
0.3601743260771242,-0.8257578818588731,-0.66063594573861,0.6398256739228758,0.0
0.28215560533669226,-0.9547764927558601,0.8463973555649628,0.7178443946633077,0.0
0.2947750439498117,-0.8574132711880487,0.4992946948646139,0.7052249560501883,0.0
0.18232736721004206,-0.828971510125583,0.9532394327294609,0.8176726327899579,0.0
0.27595269289699603,-1.073809946166326,0.8854221114422941,0.724047307103004,0.0
0.3793576941222523,-0.5163650321117216,-1.187819873165283,0.6206423058777477,0.0
0.3601743260771242,-0.8257578818588731,-0.66063594573861,0.6398256739228758,0.0
0.28215560533669226,-0.9547764927558601,0.8463973555649628,0.7178443946633077,0.0
0.2874204440565391,-0.9419675842084566,0.6501691870459195,0.7125795559434609,0.0
0.18232736721004206,-0.828971510125583,0.9532394327294609,0.8176726327899579,0.0
0.2711423572247802,-1.129113379944392,0.9841027959525486,0.7288576427752198,0.0
0.38814631423382284,-0.37462056809125915,-1.4293425951492096,0.6118536857661772,0.0
0.3621543518840137,-0.7938236654311157,-0.7150496325753837,0.6378456481159863,0.0
0.28215560533669226,-0.9547764927558601,0.8463973555649628,0.7178443946633077,0.0
0.2730255164377238,-0.9705024360576394,0.9131318322974005,0.7269744835622762,0.0
0.18232736721004206,-0.828971510125583,0.9532394327294609,0.8176726327899579,0.0
0.2711423572247802,-1.129113379944392,0.9841027959525486,0.7288576427752198,0.0
0.38814631423382284,-0.37462056809125915,-1.4293425951492096,0.6118536857661772,0.0
0.3621543518840137,-0.7938236654311157,-0.7150496325753837,0.6378456481159863,0.0
0.28215560533669226,-0.9547764927558601,0.8463973555649628,0.7178443946633077,0.0
0.27254703001889485,-1.0108034270762485,0.931164636962445,0.7274529699811052,0.0
0.18232736721004206,-0.828971510125583,0.9532394327294609,0.8176726327899579,0.0
0.2711423572247802,-1.129113379944392,0.9841027959525486,0.7288576427752198,0.0
0.38814631423382284,-0.37462056809125915,-1.4293425951492096,0.6118536857661772,0.0
0.3621543518840137,-0.7938236654311157,-0.7150496325753837,0.6378456481159863,0.0
0.2802108833173081,-0.9523257260744031,0.8484787119422529,0.719789116682692,0.0
0.27254703001889485,-1.0108034270762485,0.931164636962445,0.7274529699811052,0.0
0.18232736721004206,-0.828971510125583,0.9532394327294609,0.8176726327899579,0.0
0.26958321664643403,-1.159508264635348,1.007420478520139,0.730416783353566,0.0
0.38814631423382284,-0.37462056809125915,-1.4293425951492096,0.6118536857661772,0.0
0.3621543518840137,-0.7938236654311157,-0.7150496325753837,0.6378456481159863,0.0
0.2802108833173081,-0.9523257260744031,0.8484787119422529,0.719789116682692,0.0
0.26713096269345105,-1.052129787763338,0.9895990196859086,0.732869037306549,0.0
0.18232736721004206,-0.828971510125583,0.9532394327294609,0.8176726327899579,0.0
0.2715222900498053,-1.2444157630385042,1.0215124598146117,0.7284777099501947,0.0
0.38814631423382284,-0.37462056809125915,-1.4293425951492096,0.6118536857661772,0.0
0.3621543518840137,-0.7938236654311157,-0.7150496325753837,0.6378456481159863,0.0
0.2790488836633366,-0.9611921625370196,0.8610156189680791,0.7209511163366634,0.0
0.26713096269345105,-1.052129787763338,0.9895990196859086,0.732869037306549,0.0
0.18232736721004206,-0.828971510125583,0.9532394327294609,0.8176726327899579,0.0
0.2715222900498053,-1.2444157630385042,1.0215124598146117,0.7284777099501947,0.0
0.38814631423382284,-0.37462056809125915,-1.4293425951492096,0.6118536857661772,0.0
0.3621543518840137,-0.7938236654311157,-0.7150496325753837,0.6378456481159863,0.0
0.2790488836633366,-0.9611921625370196,0.8610156189680791,0.7209511163366634,0.0
0.26713096269345105,-1.052129787763338,0.9895990196859086,0.732869037306549,0.0
0.18232736721004206,-0.828971510125583,0.9532394327294609,0.8176726327899579,0.0
0.2715222900498053,-1.2444157630385042,1.0215124598146117,0.7284777099501947,0.0
0.38814631423382284,-0.37462056809125915,-1.4293425951492096,0.6118536857661772,0.0
0.3621543518840137,-0.7938236654311157,-0.7150496325753837,0.6378456481159863,0.0
0.2790488836633366,-0.9611921625370196,0.8610156189680791,0.7209511163366634,0.0
0.26713096269345105,-1.052129787763338,0.9895990196859086,0.732869037306549,0.0
0.18232736721004206,-0.828971510125583,0.9532394327294609,0.8176726327899579,0.0
0.2715222900498053,-1.2444157630385042,1.0215124598146117,0.7284777099501947,0.0
0.38814631423382284,-0.37462056809125915,-1.4293425951492096,0.6118536857661772,0.0
0.3636168198631137,-0.7898481764916632,-0.7412852161594283,0.6363831801368862,0.0
0.2790488836633366,-0.9611921625370196,0.8610156189680791,0.7209511163366634,0.0
0.2634927654202624,-1.0724983787246989,1.0623219153770367,0.7365072345797377,0.0
0.18232736721004206,-0.828971510125583,0.9532394327294609,0.8176726327899579,0.0
0.2739499959649323,-1.2963945376319816,1.0091738269274926,0.7260500040350677,0.0
0.38814631423382284,-0.37462056809125915,-1.4293425951492096,0.6118536857661772,0.0
0.3636168198631137,-0.7898481764916632,-0.7412852161594283,0.6363831801368862,0.0
0.29271613588643874,-0.8634010486572165,0.6841524784256299,0.7072838641135613,0.0
0.2558110983490896,-1.0494504744611295,1.0519981156609879,0.7441889016509105,0.0
0.1752707653357092,-0.8077990376767195,0.9437556912770493,0.8247292346642908,0.0
0.2739499959649323,-1.2963945376319816,1.0091738269274926,0.7260500040350677,0.0
0.38814631423382284,-0.37462056809125915,-1.4293425951492096,0.6118536857661772,0.0
0.3677086745975161,-0.7205825393933043,-0.8560625858520448,0.6322913254024839,0.0
0.29271613588643874,-0.8634010486572165,0.6841524784256299,0.7072838641135613,0.0
0.2558110983490896,-1.0494504744611295,1.0519981156609879,0.7441889016509105,0.0
0.1752707653357092,-0.8077990376767195,0.9437556912770493,0.8247292346642908,0.0
0.2739499959649323,-1.2963945376319816,1.0091738269274926,0.7260500040350677,0.0
0.38814631423382284,-0.37462056809125915,-1.4293425951492096,0.6118536857661772,0.0
0.3677086745975161,-0.7205825393933043,-0.8560625858520448,0.6322913254024839,0.0
0.29271613588643874,-0.8634010486572165,0.6841524784256299,0.7072838641135613,0.0
0.2558110983490896,-1.0494504744611295,1.0519981156609879,0.7441889016509105,0.0
0.1752707653357092,-0.8077990376767195,0.9437556912770493,0.8247292346642908,0.0
0.2739499959649323,-1.2963945376319816,1.0091738269274926,0.7260500040350677,0.0
0.38814631423382284,-0.37462056809125915,-1.4293425951492096,0.6118536857661772,0.0
0.3677086745975161,-0.7205825393933043,-0.8560625858520448,0.6322913254024839,0.0
0.29271613588643874,-0.8634010486572165,0.6841524784256299,0.7072838641135613,0.0
0.2558110983490896,-1.0494504744611295,1.0519981156609879,0.7441889016509105,0.0
0.1752707653357092,-0.8077990376767195,0.9437556912770493,0.8247292346642908,0.0
0.2739499959649323,-1.2963945376319816,1.0091738269274926,0.7260500040350677,0.0
0.3809408400561818,-0.49659258125046324,-1.2272275575491534,0.6190591599438182,0.0
0.369618521805553,-0.6882532432154629,-0.9096341941523765,0.630381478194447,0.0
0.29271613588643874,-0.8634010486572165,0.6841524784256299,0.7072838641135613,0.0
0.2558110983490896,-1.0494504744611295,1.0519981156609879,0.7441889016509105,0.0
0.1752707653357092,-0.8077990376767195,0.9437556912770493,0.8247292346642908,0.0
0.2739499959649323,-1.2963945376319816,1.0091738269274926,0.7260500040350677,0.0
0.38941770560460814,-0.43322441449563165,-1.4044172414846738,0.6105822943953918,0.0
0.369618521805553,-0.6882532432154629,-0.9096341941523765,0.630381478194447,0.0
0.29271613588643874,-0.8634010486572165,0.6841524784256299,0.7072838641135613,0.0
0.2558110983490896,-1.0494504744611295,1.0519981156609879,0.7441889016509105,0.0
0.1752707653357092,-0.8077990376767195,0.9437556912770493,0.8247292346642908,0.0
0.2966285617836354,-1.1522324712542396,0.5543135307417804,0.7033714382163646,0.0
0.38941770560460814,-0.43322441449563165,-1.4044172414846738,0.6105822943953918,0.0
0.369618521805553,-0.6882532432154629,-0.9096341941523765,0.630381478194447,0.0
0.29271613588643874,-0.8634010486572165,0.6841524784256299,0.7072838641135613,0.0
0.2558110983490896,-1.0494504744611295,1.0519981156609879,0.7441889016509105,0.0
0.1752707653357092,-0.8077990376767195,0.9437556912770493,0.8247292346642908,0.0
0.2966285617836354,-1.1522324712542396,0.5543135307417804,0.7033714382163646,0.0
0.38941770560460814,-0.43322441449563165,-1.4044172414846738,0.6105822943953918,0.0
0.369618521805553,-0.6882532432154629,-0.9096341941523765,0.630381478194447,0.0
0.29271613588643874,-0.8634010486572165,0.6841524784256299,0.7072838641135613,0.0
0.2558110983490896,-1.0494504744611295,1.0519981156609879,0.7441889016509105,0.0
0.1752707653357092,-0.8077990376767195,0.9437556912770493,0.8247292346642908,0.0
0.3132429987158213,-1.0234898886542982,0.20359137142239936,0.6867570012841787,0.0
0.38941770560460814,-0.43322441449563165,-1.4044172414846738,0.6105822943953918,0.0
0.369618521805553,-0.6882532432154629,-0.9096341941523765,0.630381478194447,0.0
0.3016814691716181,-0.9333216116648838,0.4742621252825484,0.6983185308283819,0.0
0.24663548713503392,-1.0726801383300215,1.1675646728311873,0.7533645128649661,0.0
0.1752707653357092,-0.8077990376767195,0.9437556912770493,0.8247292346642908,0.0
0.3132429987158213,-1.0234898886542982,0.20359137142239936,0.6867570012841787,0.0
0.39796353073773705,-0.3231475650524561,-1.6179780349119375,0.602036469262263,0.0
0.369618521805553,-0.6882532432154629,-0.9096341941523765,0.630381478194447,0.0
0.3016814691716181,-0.9333216116648838,0.4742621252825484,0.6983185308283819,0.0
0.24663548713503392,-1.0726801383300215,1.1675646728311873,0.7533645128649661,0.0
0.1752707653357092,-0.8077990376767195,0.9437556912770493,0.8247292346642908,0.0
0.3132429987158213,-1.0234898886542982,0.20359137142239936,0.6867570012841787,0.0
0.37720410199462806,-0.49475539394138357,-1.1716312121412427,0.6227958980053719,0.0
0.3740285381160044,-0.6314488160378415,-1.0198408234263772,0.6259714618839956,0.0
0.3124412527530368,-0.9060813385029719,0.33874296308263074,0.6875587472469632,0.0
0.24735581648787264,-1.072148168588562,1.157139748556462,0.7526441835121274,0.0
0.1752707653357092,-0.8077990376767195,0.9437556912770493,0.8247292346642908,0.0
0.3132429987158213,-1.0234898886542982,0.20359137142239936,0.6867570012841787,0.0
0.37618576320060093,-0.5385901961779812,-1.1229551195488923,0.6238142367993991,0.0
0.3740285381160044,-0.6314488160378415,-1.0198408234263772,0.6259714618839956,0.0
0.3124412527530368,-0.9060813385029719,0.33874296308263074,0.6875587472469632,0.0
0.25773199970606725,-1.0456731235660066,1.026667626395961,0.7422680002939328,0.0
0.1752707653357092,-0.8077990376767195,0.9437556912770493,0.8247292346642908,0.0
0.3132429987158213,-1.0234898886542982,0.20359137142239936,0.6867570012841787,0.0
0.37618576320060093,-0.5385901961779812,-1.1229551195488923,0.6238142367993991,0.0
0.3536640645474334,-0.7627910750664422,-0.6099645133567874,0.6463359354525666,0.0
0.3124412527530368,-0.9060813385029719,0.33874296308263074,0.6875587472469632,0.0
0.25773199970606725,-1.0456731235660066,1.026667626395961,0.7422680002939328,0.0
0.1752707653357092,-0.8077990376767195,0.9437556912770493,0.8247292346642908,0.0
0.3132429987158213,-1.0234898886542982,0.20359137142239936,0.6867570012841787,0.0
0.37618576320060093,-0.5385901961779812,-1.1229551195488923,0.6238142367993991,0.0
0.3536640645474334,-0.7627910750664422,-0.6099645133567874,0.6463359354525666,0.0
0.3124412527530368,-0.9060813385029719,0.33874296308263074,0.6875587472469632,0.0
0.25773199970606725,-1.0456731235660066,1.026667626395961,0.7422680002939328,0.0
0.1752707653357092,-0.8077990376767195,0.9437556912770493,0.8247292346642908,0.0
0.31328211007115275,-1.0292173980364134,0.19699830807016422,0.6867178899288473,0.0
0.37618576320060093,-0.5385901961779812,-1.1229551195488923,0.6238142367993991,0.0
0.3536640645474334,-0.7627910750664422,-0.6099645133567874,0.6463359354525666,0.0
0.3121622179925505,-0.8652191849141484,0.38578029630134725,0.6878377820074495,0.0
0.25773199970606725,-1.0456731235660066,1.026667626395961,0.7422680002939328,0.0
0.1752707653357092,-0.8077990376767195,0.9437556912770493,0.8247292346642908,0.0
0.31328211007115275,-1.0292173980364134,0.19699830807016422,0.6867178899288473,0.0
0.3610064324956969,-0.6569838375537055,-0.8044361052132774,0.638993567504303,0.0
0.3536640645474334,-0.7627910750664422,-0.6099645133567874,0.6463359354525666,0.0
0.3121622179925505,-0.8652191849141484,0.38578029630134725,0.6878377820074495,0.0
0.25773199970606725,-1.0456731235660066,1.026667626395961,0.7422680002939328,0.0
0.1752707653357092,-0.8077990376767195,0.9437556912770493,0.8247292346642908,0.0
0.31328211007115275,-1.0292173980364134,0.19699830807016422,0.6867178899288473,0.0
0.3610064324956969,-0.6569838375537055,-0.8044361052132774,0.638993567504303,0.0
0.3470181076033761,-0.8585626776113122,-0.4339382183757285,0.652981892396624,0.0
0.3121622179925505,-0.8652191849141484,0.38578029630134725,0.6878377820074495,0.0
0.25773199970606725,-1.0456731235660066,1.026667626395961,0.7422680002939328,0.0
0.21302230553656037,-0.9167000647442719,0.9817135665826014,0.7869776944634397,0.0
0.2815875130780225,-1.2764245261307017,0.8620692515970005,0.7184124869219775,0.0
0.38340575017046125,-0.48227674174017265,-1.274457394442535,0.6165942498295387,0.0
0.34395577617902523,-0.8781197591118084,-0.3732815113676169,0.6560442238209747,0.0
0.3121622179925505,-0.8652191849141484,0.38578029630134725,0.6878377820074495,0.0
0.2548742672810521,-1.0525297834696283,1.0688280210471328,0.7451257327189479,0.0
0.21302230553656037,-0.9167000647442719,0.9817135665826014,0.7869776944634397,0.0
0.2815875130780225,-1.2764245261307017,0.8620692515970005,0.7184124869219775,0.0
0.38340575017046125,-0.48227674174017265,-1.274457394442535,0.6165942498295387,0.0
0.32993613905858143,-0.872431142322339,-0.038566817495004846,0.6700638609414186,0.0
0.3127093476198095,-0.8654411885763619,0.37271773811076525,0.6872906523801905,0.0
0.25405470698755706,-1.055180949212672,1.0786923515615305,0.745945293012443,0.0
0.21302230553656037,-0.9167000647442719,0.9817135665826014,0.7869776944634397,0.0
0.3184430854302625,-0.9881769959199296,0.09203329423626405,0.6815569145697375,0.0
0.37926095078188116,-0.5125203078959306,-1.1786549675843023,0.6207390492181188,0.0
0.3294382813159099,-0.8736301630030098,-0.031236484991990388,0.6705617186840901,0.0
0.29402549669665834,-0.8750483870727293,0.4868588243964491,0.7059745033033417,0.0
0.25405470698755706,-1.055180949212672,1.0786923515615305,0.745945293012443,0.0
0.21302230553656037,-0.9167000647442719,0.9817135665826014,0.7869776944634397,0.0
0.31904927825491736,-1.0776536425906749,0.0693058827128838,0.6809507217450826,0.0
0.37926095078188116,-0.5125203078959306,-1.1786549675843023,0.6207390492181188,0.0
0.32797348479632205,-0.8741720872685347,-0.018491106188697315,0.672026515203678,0.0
0.31697593823496417,-0.7716198116899251,0.14703964983261186,0.6830240617650358,0.0
0.25405470698755706,-1.055180949212672,1.0786923515615305,0.745945293012443,0.0
0.2199205952678817,-0.9399812091455694,0.9980174565066439,0.7800794047321182,0.0
0.314376919377825,-1.0760381155343464,0.14186910970520228,0.685623080622175,0.0
0.4013408586226679,-0.35682460709347674,-1.6781202979057297,0.5986591413773321,0.0
0.32797348479632205,-0.8741720872685347,-0.018491106188697315,0.672026515203678,0.0
0.3193849897929613,-0.7674408425116424,0.1259171711692335,0.6806150102070387,0.0
0.25405470698755706,-1.055180949212672,1.0786923515615305,0.745945293012443,0.0
0.2199205952678817,-0.9399812091455694,0.9980174565066439,0.7800794047321182,0.0
0.314376919377825,-1.0760381155343464,0.14186910970520228,0.685623080622175,0.0
0.4013408586226679,-0.35682460709347674,-1.6781202979057297,0.5986591413773321,0.0
0.3368030772509697,-0.8525505923111762,-0.1495495877693669,0.6631969227490303,0.0
0.3215330991311259,-0.7779371182223931,0.09194485826998561,0.6784669008688742,0.0
0.25405470698755706,-1.055180949212672,1.0786923515615305,0.745945293012443,0.0
0.2199205952678817,-0.9399812091455694,0.9980174565066439,0.7800794047321182,0.0
0.314376919377825,-1.0760381155343464,0.14186910970520228,0.685623080622175,0.0
0.40567420579943647,-0.33627806928320203,-1.7592292560720397,0.5943257942005635,0.0
0.3368030772509697,-0.8525505923111762,-0.1495495877693669,0.6631969227490303,0.0
0.32998815816767585,-0.7644536166533,0.016551604307838863,0.6700118418323242,0.0
0.25405470698755706,-1.055180949212672,1.0786923515615305,0.745945293012443,0.0
0.22099936958413255,-0.936475169935565,0.9820045944762088,0.7790006304158674,0.0
0.314376919377825,-1.0760381155343464,0.14186910970520228,0.685623080622175,0.0
0.40567420579943647,-0.33627806928320203,-1.7592292560720397,0.5943257942005635,0.0
0.3368030772509697,-0.8525505923111762,-0.1495495877693669,0.6631969227490303,0.0
0.32938812301132947,-0.7764297100317925,0.021368320646386635,0.6706118769886705,0.0
0.2511961741845603,-1.0687346641408357,1.1321966308351297,0.7488038258154397,0.0
0.22099936958413255,-0.936475169935565,0.9820045944762088,0.7790006304158674,0.0
0.3030639253214159,-1.1887775796996716,0.2888768143287495,0.6969360746785841,0.0
0.40567420579943647,-0.33627806928320203,-1.7592292560720397,0.5943257942005635,0.0
0.3368030772509697,-0.8525505923111762,-0.1495495877693669,0.6631969227490303,0.0
0.303122508312105,-0.9279757454632549,0.6344354513098336,0.696877491687895,0.0
0.2511961741845603,-1.0687346641408357,1.1321966308351297,0.7488038258154397,0.0
0.22099936958413255,-0.936475169935565,0.9820045944762088,0.7790006304158674,0.0
0.3030639253214159,-1.1887775796996716,0.2888768143287495,0.6969360746785841,0.0
0.40356009179879015,-0.3463021272406128,-1.7196585554006247,0.5964399082012098,0.0
0.3368030772509697,-0.8525505923111762,-0.1495495877693669,0.6631969227490303,0.0
0.303122508312105,-0.9279757454632549,0.6344354513098336,0.696877491687895,0.0
0.2511961741845603,-1.0687346641408357,1.1321966308351297,0.7488038258154397,0.0
0.22099936958413255,-0.936475169935565,0.9820045944762088,0.7790006304158674,0.0
0.31420127019854843,-1.0954114345674861,0.066283735461097,0.6857987298014516,0.0
0.40356009179879015,-0.3463021272406128,-1.7196585554006247,0.5964399082012098,0.0
0.34137324149593745,-0.8492385299285411,-0.19420608944045648,0.6586267585040626,0.0
0.303122508312105,-0.9279757454632549,0.6344354513098336,0.696877491687895,0.0
0.2583918458852225,-1.049229051338356,1.063219567590096,0.7416081541147774,0.0
0.21551366662174345,-0.9199334919720189,0.9700898655608571,0.7844863333782566,0.0
0.2922443432994931,-1.294337026403542,0.2767784390183885,0.7077556567005069,0.0
0.40356009179879015,-0.3463021272406128,-1.7196585554006247,0.5964399082012098,0.0
0.34137324149593745,-0.8492385299285411,-0.19420608944045648,0.6586267585040626,0.0
0.303122508312105,-0.9279757454632549,0.6344354513098336,0.696877491687895,0.0
0.2583918458852225,-1.049229051338356,1.063219567590096,0.7416081541147774,0.0
0.21551366662174345,-0.9199334919720189,0.9700898655608571,0.7844863333782566,0.0
0.2922443432994931,-1.294337026403542,0.2767784390183885,0.7077556567005069,0.0
0.40491107958491235,-0.33537600807042467,-1.752798481925053,0.5950889204150877,0.0
0.38870551386639685,-0.4204171225646479,-0.6479668860727701,0.6112944861336032,0.0
0.302507528156153,-0.9486874112107616,0.6142158678652618,0.697492471843847,0.0
0.2597179455761401,-1.0545534470803655,1.038277457167119,0.74028205442386,0.0
0.21131413014932246,-0.9053326463838425,1.001632108335192,0.7886858698506776,0.0
0.29514104984943473,-1.1967800284250831,0.37201760931374817,0.7048589501505653,0.0
0.40491107958491235,-0.33537600807042467,-1.752798481925053,0.5950889204150877,0.0
0.38870551386639685,-0.4204171225646479,-0.6479668860727701,0.6112944861336032,0.0
0.31589909838499897,-0.8666162512883269,0.4181253345224314,0.684100901615001,0.0
0.2712964627058951,-1.015820990873929,0.910468723880265,0.7287035372941049,0.0
0.21131413014932246,-0.9053326463838425,1.001632108335192,0.7886858698506776,0.0
0.33967002713297956,-0.8272952399205615,-0.1134109869148403,0.6603299728670204,0.0
0.40491107958491235,-0.33537600807042467,-1.752798481925053,0.5950889204150877,0.0
0.38870551386639685,-0.4204171225646479,-0.6479668860727701,0.6112944861336032,0.0
0.31589909838499897,-0.8666162512883269,0.4181253345224314,0.684100901615001,0.0
0.2712964627058951,-1.015820990873929,0.910468723880265,0.7287035372941049,0.0
0.21131413014932246,-0.9053326463838425,1.001632108335192,0.7886858698506776,0.0
0.3531086737202235,-0.7902409929921467,-0.3146518860330735,0.6468913262797765,0.0
0.40491107958491235,-0.33537600807042467,-1.752798481925053,0.5950889204150877,0.0
0.38870551386639685,-0.4204171225646479,-0.6479668860727701,0.6112944861336032,0.0
0.31589909838499897,-0.8666162512883269,0.4181253345224314,0.684100901615001,0.0
0.2712964627058951,-1.015820990873929,0.910468723880265,0.7287035372941049,0.0
0.21131413014932246,-0.9053326463838425,1.001632108335192,0.7886858698506776,0.0
0.351492259033376,-0.793558797296805,-0.2828194383143835,0.648507740966624,0.0
0.40491107958491235,-0.33537600807042467,-1.752798481925053,0.5950889204150877,0.0
0.3558422603358103,-0.5870729986145388,-0.21175465154097017,0.6441577396641898,0.0
0.31589909838499897,-0.8666162512883269,0.4181253345224314,0.684100901615001,0.0
0.2712964627058951,-1.015820990873929,0.910468723880265,0.7287035372941049,0.0
0.20349216776159823,-0.8909244758768309,1.0135202182827594,0.7965078322384018,0.0
0.351492259033376,-0.793558797296805,-0.2828194383143835,0.648507740966624,0.0
0.40491107958491235,-0.33537600807042467,-1.752798481925053,0.5950889204150877,0.0
0.3401966304534203,-0.6965693442678824,0.03496765713376371,0.6598033695465797,0.0
0.2994371798683271,-0.9818254140748961,0.6777200310721754,0.7005628201316729,0.0
0.2712964627058951,-1.015820990873929,0.910468723880265,0.7287035372941049,0.0
0.1944706735710871,-0.8743067500323682,1.027231421368631,0.805529326428913,0.0
0.351492259033376,-0.793558797296805,-0.2828194383143835,0.648507740966624,0.0
0.40491107958491235,-0.33537600807042467,-1.752798481925053,0.5950889204150877,0.0
0.3401966304534203,-0.6965693442678824,0.03496765713376371,0.6598033695465797,0.0
0.27688434946915225,-1.139661981308842,1.033364797378263,0.7231156505308478,0.0
0.2712964627058951,-1.015820990873929,0.910468723880265,0.7287035372941049,0.0
0.1944706735710871,-0.8743067500323682,1.027231421368631,0.805529326428913,0.0
0.351492259033376,-0.793558797296805,-0.2828194383143835,0.648507740966624,0.0
0.4045963037176625,-0.33618213838970157,-1.7486401249803687,0.5954036962823375,0.0
0.4067490598572996,-0.38819603593752205,-0.8107011538795507,0.5932509401427004,0.0
0.27688434946915225,-1.139661981308842,1.033364797378263,0.7231156505308478,0.0
0.27588504259253677,-1.0242732229500555,0.90349482916029,0.7241149574074632,0.0
0.1944706735710871,-0.8743067500323682,1.027231421368631,0.805529326428913,0.0
0.3334801349344761,-0.9486943465596408,0.21436574356640326,0.666519865065524,0.0
0.4045963037176625,-0.33618213838970157,-1.7486401249803687,0.5954036962823375,0.0
0.3955970888681757,-0.41373369276603605,-0.7141460070380903,0.6044029111318243,0.0
0.27412018323767706,-1.0784014192510152,0.9725716584446382,0.7258798167623229,0.0
0.27588504259253677,-1.0242732229500555,0.90349482916029,0.7241149574074632,0.0
0.1944706735710871,-0.8743067500323682,1.027231421368631,0.805529326428913,0.0
0.32833026087569717,-0.9459385143314353,0.24447992303539845,0.6716697391243028,0.0
0.4045963037176625,-0.33618213838970157,-1.7486401249803687,0.5954036962823375,0.0
0.3955970888681757,-0.41373369276603605,-0.7141460070380903,0.6044029111318243,0.0
0.27412018323767706,-1.0784014192510152,0.9725716584446382,0.7258798167623229,0.0
0.27588504259253677,-1.0242732229500555,0.90349482916029,0.7241149574074632,0.0
0.1944706735710871,-0.8743067500323682,1.027231421368631,0.805529326428913,0.0
0.32833026087569717,-0.9459385143314353,0.24447992303539845,0.6716697391243028,0.0
0.4045963037176625,-0.33618213838970157,-1.7486401249803687,0.5954036962823375,0.0
0.3955970888681757,-0.41373369276603605,-0.7141460070380903,0.6044029111318243,0.0
0.26987501713725537,-1.0887745280534566,1.0295881854047237,0.7301249828627446,0.0
0.2805358274969621,-0.9743596746094214,0.8059190231785367,0.719464172503038,0.0
0.1944706735710871,-0.8743067500323682,1.027231421368631,0.805529326428913,0.0
0.3068965831200462,-1.1155184839222714,0.5499332926472946,0.6931034168799538,0.0
0.4045963037176625,-0.33618213838970157,-1.7486401249803687,0.5954036962823375,0.0
0.3955970888681757,-0.41373369276603605,-0.7141460070380903,0.6044029111318243,0.0
0.26571588893857606,-1.1334114765827557,1.116848786466152,0.734284111061424,0.0
0.2805358274969621,-0.9743596746094214,0.8059190231785367,0.719464172503038,0.0
0.1944706735710871,-0.8743067500323682,1.027231421368631,0.805529326428913,0.0
0.3068965831200462,-1.1155184839222714,0.5499332926472946,0.6931034168799538,0.0
0.4045963037176625,-0.33618213838970157,-1.7486401249803687,0.5954036962823375,0.0
0.39826368737331314,-0.3907540370483141,-1.0206816898299795,0.6017363126266868,0.0
0.25455502850864414,-1.1952543245396186,1.2741885504143575,0.7454449714913558,0.0
0.28403147072703083,-0.9784234485352495,0.7969301449720354,0.7159685292729692,0.0
0.1944706735710871,-0.8743067500323682,1.027231421368631,0.805529326428913,0.0
0.3068965831200462,-1.1155184839222714,0.5499332926472946,0.6931034168799538,0.0
0.38228393534841015,-0.5141646292167414,-1.223698840561476,0.6177160646515898,0.0
0.39514987457052514,-0.4154541830376842,-0.9671547549373971,0.6048501254294749,0.0
0.25455502850864414,-1.1952543245396186,1.2741885504143575,0.7454449714913558,0.0
0.28403147072703083,-0.9784234485352495,0.7969301449720354,0.7159685292729692,0.0
0.1944706735710871,-0.8743067500323682,1.027231421368631,0.805529326428913,0.0
0.3068965831200462,-1.1155184839222714,0.5499332926472946,0.6931034168799538,0.0
0.40041331936807073,-0.42850035145664955,-1.5965419949918536,0.5995866806319292,0.0
0.39514987457052514,-0.4154541830376842,-0.9671547549373971,0.6048501254294749,0.0
0.25455502850864414,-1.1952543245396186,1.2741885504143575,0.7454449714913558,0.0
0.28403147072703083,-0.9784234485352495,0.7969301449720354,0.7159685292729692,0.0
0.1944706735710871,-0.8743067500323682,1.027231421368631,0.805529326428913,0.0
0.3068965831200462,-1.1155184839222714,0.5499332926472946,0.6931034168799538,0.0
0.3679860745192356,-0.6356829339560313,-1.4324901185243482,0.6320139254807644,0.0
0.45053635113669,-0.10825670408757215,-1.850118191619541,0.54946364886331,0.0
0.25455502850864414,-1.1952543245396186,1.2741885504143575,0.7454449714913558,0.0
0.28403147072703083,-0.9784234485352495,0.7969301449720354,0.7159685292729692,0.0
0.1944706735710871,-0.8743067500323682,1.027231421368631,0.805529326428913,0.0
0.31184148049198535,-1.1261278467798042,0.5289399978470617,0.6881585195080147,0.0
0.3679860745192356,-0.6356829339560313,-1.4324901185243482,0.6320139254807644,0.0
0.45053635113669,-0.10825670408757215,-1.850118191619541,0.54946364886331,0.0
0.25455502850864414,-1.1952543245396186,1.2741885504143575,0.7454449714913558,0.0
0.2735319232391211,-1.0332948555069228,0.9638490343430604,0.7264680767608789,0.0
0.1944706735710871,-0.8743067500323682,1.027231421368631,0.805529326428913,0.0
0.31184148049198535,-1.1261278467798042,0.5289399978470617,0.6881585195080147,0.0
0.3679860745192356,-0.6356829339560313,-1.4324901185243482,0.6320139254807644,0.0
0.40263559018827,-0.3585896018891377,-1.0886052000602235,0.59736440981173,0.0
0.23929606919621843,-1.3075003510483558,1.5212491195360591,0.7607039308037815,0.0
0.2712143369415674,-1.0454067318588782,1.0006933775163864,0.7287856630584326,0.0
0.1944706735710871,-0.8743067500323682,1.027231421368631,0.805529326428913,0.0
0.3274285539897773,-0.9899686842593313,-0.015599613033819182,0.6725714460102227,0.0
0.3679860745192356,-0.6356829339560313,-1.4324901185243482,0.6320139254807644,0.0
0.40263559018827,-0.3585896018891377,-1.0886052000602235,0.59736440981173,0.0
0.23929606919621843,-1.3075003510483558,1.5212491195360591,0.7607039308037815,0.0
0.2712143369415674,-1.0454067318588782,1.0006933775163864,0.7287856630584326,0.0
0.1944706735710871,-0.8743067500323682,1.027231421368631,0.805529326428913,0.0
0.3274285539897773,-0.9899686842593313,-0.015599613033819182,0.6725714460102227,0.0
0.3601217400556127,-0.6689798971507628,-1.2347529557615757,0.6398782599443873,0.0
0.40263559018827,-0.3585896018891377,-1.0886052000602235,0.59736440981173,0.0
0.23929606919621843,-1.3075003510483558,1.5212491195360591,0.7607039308037815,0.0
0.2712143369415674,-1.0454067318588782,1.0006933775163864,0.7287856630584326,0.0
0.1944706735710871,-0.8743067500323682,1.027231421368631,0.805529326428913,0.0
0.3274285539897773,-0.9899686842593313,-0.015599613033819182,0.6725714460102227,0.0
0.3601217400556127,-0.6689798971507628,-1.2347529557615757,0.6398782599443873,0.0
0.40263559018827,-0.3585896018891377,-1.0886052000602235,0.59736440981173,0.0
0.23985404890886408,-1.304258802745003,1.512333666898199,0.7601459510911359,0.0
0.2712143369415674,-1.0454067318588782,1.0006933775163864,0.7287856630584326,0.0
0.1944706735710871,-0.8743067500323682,1.027231421368631,0.805529326428913,0.0
0.3234157369236469,-0.9939260949501112,0.05694783262696579,0.6765842630763531,0.0
0.36591926581464773,-0.6383561628440968,-1.3671767622329047,0.6340807341853523,0.0
0.3983961457091397,-0.3807452503698019,-1.021207689374987,0.6016038542908603,0.0
0.23985404890886408,-1.304258802745003,1.512333666898199,0.7601459510911359,0.0
0.2712143369415674,-1.0454067318588782,1.0006933775163864,0.7287856630584326,0.0
0.1944706735710871,-0.8743067500323682,1.027231421368631,0.805529326428913,0.0
0.3234157369236469,-0.9939260949501112,0.05694783262696579,0.6765842630763531,0.0
0.35938379674222876,-0.6473503910556495,-1.2759040347879096,0.6406162032577712,0.0
0.3993889740446843,-0.3726260185974849,-1.0354837298728419,0.6006110259553157,0.0
0.23985404890886408,-1.304258802745003,1.512333666898199,0.7601459510911359,0.0
0.27360375553473626,-1.0346192865916126,0.9389969102995233,0.7263962444652637,0.0
0.1944706735710871,-0.8743067500323682,1.027231421368631,0.805529326428913,0.0
0.3234157369236469,-0.9939260949501112,0.05694783262696579,0.6765842630763531,0.0
0.35938379674222876,-0.6473503910556495,-1.2759040347879096,0.6406162032577712,0.0
0.40879111131314166,-0.3177205531459998,-1.185638493032137,0.5912088886868583,0.0
0.23985404890886408,-1.304258802745003,1.512333666898199,0.7601459510911359,0.0
0.26935107092229393,-1.0380934569638738,1.0143016148193094,0.7306489290777061,0.0
0.1944706735710871,-0.8743067500323682,1.027231421368631,0.805529326428913,0.0
0.3234157369236469,-0.9939260949501112,0.05694783262696579,0.6765842630763531,0.0
0.35938379674222876,-0.6473503910556495,-1.2759040347879096,0.6406162032577712,0.0
0.40879111131314166,-0.3177205531459998,-1.185638493032137,0.5912088886868583,0.0
0.2288365638117955,-1.1998815875652313,1.3945679273317177,0.7711634361882045,0.0
0.26935107092229393,-1.0380934569638738,1.0143016148193094,0.7306489290777061,0.0
0.1944706735710871,-0.8743067500323682,1.027231421368631,0.805529326428913,0.0
0.3234157369236469,-0.9939260949501112,0.05694783262696579,0.6765842630763531,0.0
0.35938379674222876,-0.6473503910556495,-1.2759040347879096,0.6406162032577712,0.0
0.40879111131314166,-0.3177205531459998,-1.185638493032137,0.5912088886868583,0.0
0.24321210034832128,-1.1424752077642208,1.2596401530847612,0.7567878996516787,0.0
0.29512273540558986,-0.9049522965911866,0.6077030640445453,0.7048772645944101,0.0
0.1944706735710871,-0.8743067500323682,1.027231421368631,0.805529326428913,0.0
0.3234157369236469,-0.9939260949501112,0.05694783262696579,0.6765842630763531,0.0
0.35938379674222876,-0.6473503910556495,-1.2759040347879096,0.6406162032577712,0.0
0.40879111131314166,-0.3177205531459998,-1.185638493032137,0.5912088886868583,0.0
0.24321210034832128,-1.1424752077642208,1.2596401530847612,0.7567878996516787,0.0
0.2915488521592461,-0.919278843885462,0.7124599994761944,0.7084511478407539,0.0
0.1944706735710871,-0.8743067500323682,1.027231421368631,0.805529326428913,0.0
0.33787616267953613,-0.8545904660549488,-0.4789055208640114,0.6621238373204639,0.0
0.35938379674222876,-0.6473503910556495,-1.2759040347879096,0.6406162032577712,0.0
0.40879111131314166,-0.3177205531459998,-1.185638493032137,0.5912088886868583,0.0
0.24321210034832128,-1.1424752077642208,1.2596401530847612,0.7567878996516787,0.0
0.2915488521592461,-0.919278843885462,0.7124599994761944,0.7084511478407539,0.0
0.1944706735710871,-0.8743067500323682,1.027231421368631,0.805529326428913,0.0
0.33787616267953613,-0.8545904660549488,-0.4789055208640114,0.6621238373204639,0.0
0.35938379674222876,-0.6473503910556495,-1.2759040347879096,0.6406162032577712,0.0
0.40879111131314166,-0.3177205531459998,-1.185638493032137,0.5912088886868583,0.0
0.24321210034832128,-1.1424752077642208,1.2596401530847612,0.7567878996516787,0.0
0.2915488521592461,-0.919278843885462,0.7124599994761944,0.7084511478407539,0.0
0.23532537787350116,-0.8932329559310507,0.8947619668393875,0.7646746221264988,0.0
0.3179068903933715,-1.0057701775219867,-0.27989327553682786,0.6820931096066285,0.0
0.35938379674222876,-0.6473503910556495,-1.2759040347879096,0.6406162032577712,0.0
0.40879111131314166,-0.3177205531459998,-1.185638493032137,0.5912088886868583,0.0
0.24321210034832128,-1.1424752077642208,1.2596401530847612,0.7567878996516787,0.0
0.2904088304512296,-0.924890673041582,0.733693634806541,0.7095911695487704,0.0
0.233424821817211,-0.8331701259383248,0.8068329888779011,0.766575178182789,0.0
0.3278342804933393,-1.0192986400726203,-0.42110237268475237,0.6721657195066607,0.0
0.3741076706467594,-0.5916697550972286,-1.583837163654791,0.6258923293532406,0.0
0.39482644929554117,-0.41088832227698324,-1.2111514721001608,0.6051735507044589,0.0
0.24163504071074549,-1.0926357596792216,1.186677694725585,0.7583649592892545,0.0
0.28963468313118346,-0.927553156518105,0.7408834881658114,0.7103653168688165,0.0
0.233424821817211,-0.8331701259383248,0.8068329888779011,0.766575178182789,0.0
0.3278342804933393,-1.0192986400726203,-0.42110237268475237,0.6721657195066607,0.0
0.3740227210563986,-0.5924109816397415,-1.5853652217207412,0.6259772789436013,0.0
0.39482644929554117,-0.41088832227698324,-1.2111514721001608,0.6051735507044589,0.0
0.24163504071074549,-1.0926357596792216,1.186677694725585,0.7583649592892545,0.0
0.28963468313118346,-0.927553156518105,0.7408834881658114,0.7103653168688165,0.0
0.233424821817211,-0.8331701259383248,0.8068329888779011,0.766575178182789,0.0
0.3278342804933393,-1.0192986400726203,-0.42110237268475237,0.6721657195066607,0.0
0.3740227210563986,-0.5924109816397415,-1.5853652217207412,0.6259772789436013,0.0
0.4052934032846347,-0.3835031943918996,-1.3420184951517038,0.5947065967153653,0.0
0.24163504071074549,-1.0926357596792216,1.186677694725585,0.7583649592892545,0.0
0.28963468313118346,-0.927553156518105,0.7408834881658114,0.7103653168688165,0.0
0.23482365635117558,-0.8773771676214153,0.8715498860731502,0.7651763436488244,0.0
0.3224691163291732,-1.006412913138796,-0.2579005242254967,0.6775308836708268,0.0
0.3740227210563986,-0.5924109816397415,-1.5853652217207412,0.6259772789436013,0.0
0.4052934032846347,-0.3835031943918996,-1.3420184951517038,0.5947065967153653,0.0
0.24163504071074549,-1.0926357596792216,1.186677694725585,0.7583649592892545,0.0
0.2866619833907362,-0.9377770037557764,0.7684922838840242,0.7133380166092638,0.0
0.23482365635117558,-0.8773771676214153,0.8715498860731502,0.7651763436488244,0.0
0.3224691163291732,-1.006412913138796,-0.2579005242254967,0.6775308836708268,0.0
0.3740227210563986,-0.5924109816397415,-1.5853652217207412,0.6259772789436013,0.0
0.4052934032846347,-0.3835031943918996,-1.3420184951517038,0.5947065967153653,0.0
0.24163504071074549,-1.0926357596792216,1.186677694725585,0.7583649592892545,0.0
0.2866619833907362,-0.9377770037557764,0.7684922838840242,0.7133380166092638,0.0
0.23372863748775727,-0.8761012977449815,0.8737268471145363,0.7662713625122427,0.0
0.3289791984450256,-0.954133609209598,-0.4255300087652161,0.6710208015549743,0.0
0.3740227210563986,-0.5924109816397415,-1.5853652217207412,0.6259772789436013,0.0
0.4052934032846347,-0.3835031943918996,-1.3420184951517038,0.5947065967153653,0.0
0.2561806684820225,-1.0296094763110057,0.9619322375052424,0.7438193315179775,0.0
0.27434415018748787,-0.9164340397815604,0.7856885534027087,0.7256558498125121,0.0
0.22784335404766237,-0.8358626600259923,0.8506058330946411,0.7721566459523377,0.0
0.3315127062800123,-0.955112869967138,-0.4970154510301359,0.6684872937199877,0.0
0.3543659410100133,-0.6653383828400875,-1.1604603191426188,0.6456340589899867,0.0
0.4052934032846347,-0.3835031943918996,-1.3420184951517038,0.5947065967153653,0.0
0.2561806684820225,-1.0296094763110057,0.9619322375052424,0.7438193315179775,0.0
0.2527378547610028,-0.8789970671180455,0.8158519492957605,0.7472621452389971,0.0
0.22784335404766237,-0.8358626600259923,0.8506058330946411,0.7721566459523377,0.0
0.3315127062800123,-0.955112869967138,-0.4970154510301359,0.6684872937199877,0.0
0.3543659410100133,-0.6653383828400875,-1.1604603191426188,0.6456340589899867,0.0
0.40685994043073426,-0.3713665810741582,-1.359959890542706,0.5931400595692657,0.0
0.2561806684820225,-1.0296094763110057,0.9619322375052424,0.7438193315179775,0.0
0.2571435663460549,-0.8866307914987066,0.8097013704895654,0.7428564336539452,0.0
0.22784335404766237,-0.8358626600259923,0.8506058330946411,0.7721566459523377,0.0
0.3315127062800123,-0.955112869967138,-0.4970154510301359,0.6684872937199877,0.0
0.347191847696842,-0.6919545417462645,-1.0053836782519892,0.6528081523031579,0.0
0.40685994043073426,-0.3713665810741582,-1.359959890542706,0.5931400595692657,0.0
0.23336009103317176,-1.1293012439751156,1.313585908582381,0.7666399089668282,0.0
0.2571435663460549,-0.8866307914987066,0.8097013704895654,0.7428564336539452,0.0
0.2297268198438084,-0.8380291989960053,0.8261222365431873,0.7702731801561916,0.0
0.3315127062800123,-0.955112869967138,-0.4970154510301359,0.6684872937199877,0.0
0.36525796749276396,-0.6694882613115137,-1.2870692647486581,0.634742032507236,0.0
0.40685994043073426,-0.3713665810741582,-1.359959890542706,0.5931400595692657,0.0
0.22993290464473987,-1.1642699296133852,1.3861954077230534,0.7700670953552602,0.0
0.2785885257726488,-0.9246462131754866,0.7968572204281932,0.7214114742273512,0.0
0.2297268198438084,-0.8380291989960053,0.8261222365431873,0.7702731801561916,0.0
0.3223126536518977,-1.026389495311328,-0.3916481558912951,0.6776873463481023,0.0
0.36525796749276396,-0.6694882613115137,-1.2870692647486581,0.634742032507236,0.0
0.40685994043073426,-0.3713665810741582,-1.359959890542706,0.5931400595692657,0.0
0.22993290464473987,-1.1642699296133852,1.3861954077230534,0.7700670953552602,0.0
0.28559427087683187,-0.9370652786070249,0.7926612301434895,0.7144057291231681,0.0
0.23670419799882553,-0.8503979784133444,0.8219432362347584,0.7632958020011744,0.0
0.3125007701282809,-1.0410341200921622,-0.20281895731830302,0.6874992298717191,0.0
0.36525796749276396,-0.6694882613115137,-1.2870692647486581,0.634742032507236,0.0
0.40685994043073426,-0.3713665810741582,-1.359959890542706,0.5931400595692657,0.0
0.2308359585388358,-1.1224103803431322,1.3109438872129964,0.7691640414611642,0.0
0.28559427087683187,-0.9370652786070249,0.7926612301434895,0.7144057291231681,0.0
0.23670419799882553,-0.8503979784133444,0.8219432362347584,0.7632958020011744,0.0
0.3213048140308517,-0.9790310908196984,-0.38375706216196737,0.6786951859691484,0.0
0.36525796749276396,-0.6694882613115137,-1.2870692647486581,0.634742032507236,0.0
0.38820071732089,-0.5038957250354454,-1.147054046770354,0.61179928267911,0.0
0.2308359585388358,-1.1224103803431322,1.3109438872129964,0.7691640414611642,0.0
0.28559427087683187,-0.9370652786070249,0.7926612301434895,0.7144057291231681,0.0
0.23670419799882553,-0.8503979784133444,0.8219432362347584,0.7632958020011744,0.0
0.3213048140308517,-0.9790310908196984,-0.38375706216196737,0.6786951859691484,0.0
0.3582459703281499,-0.7200983409030008,-1.3298621434934321,0.64175402967185,0.0
0.38820071732089,-0.5038957250354454,-1.147054046770354,0.61179928267911,0.0
0.22672008978143482,-1.1363417102362854,1.3499002265276203,0.7732799102185652,0.0
0.28559427087683187,-0.9370652786070249,0.7926612301434895,0.7144057291231681,0.0
0.23670419799882553,-0.8503979784133444,0.8219432362347584,0.7632958020011744,0.0
0.2972430785371971,-1.1476877319112462,0.23249138531462843,0.7027569214628029,0.0
0.3376254874507651,-0.8646341072737449,-0.8017480944150843,0.6623745125492349,0.0
0.38820071732089,-0.5038957250354454,-1.147054046770354,0.61179928267911,0.0
0.22672008978143482,-1.1363417102362854,1.3499002265276203,0.7732799102185652,0.0
0.27031164778729677,-0.988793668515035,0.9373099266362768,0.7296883522127032,0.0
0.23670419799882553,-0.8503979784133444,0.8219432362347584,0.7632958020011744,0.0
0.2972430785371971,-1.1476877319112462,0.23249138531462843,0.7027569214628029,0.0
0.3445442332356834,-0.8152847090015327,-0.8489863196984945,0.6554557667643166,0.0
0.38820071732089,-0.5038957250354454,-1.147054046770354,0.61179928267911,0.0
0.22672008978143482,-1.1363417102362854,1.3499002265276203,0.7732799102185652,0.0
0.27644412556590303,-1.014047250668556,0.9583613205900469,0.723555874434097,0.0
0.23670419799882553,-0.8503979784133444,0.8219432362347584,0.7632958020011744,0.0
0.3011380470448383,-1.1727142544724878,0.09655951689589781,0.6988619529551616,0.0
0.3445442332356834,-0.8152847090015327,-0.8489863196984945,0.6554557667643166,0.0
0.40760236321055476,-0.3655094365505299,-1.279520153763727,0.5923976367894452,0.0
0.22672008978143482,-1.1363417102362854,1.3499002265276203,0.7732799102185652,0.0
0.27644412556590303,-1.014047250668556,0.9583613205900469,0.723555874434097,0.0
0.23670419799882553,-0.8503979784133444,0.8219432362347584,0.7632958020011744,0.0
0.304411443777347,-1.1937469629571158,-0.017679900714989483,0.6955885562226529,0.0
0.3326566106545717,-0.8499808961214919,-0.5334939165910749,0.6673433893454284,0.0
0.40760236321055476,-0.3655094365505299,-1.279520153763727,0.5923976367894452,0.0
0.22302734687547307,-1.2421014500349945,1.5451714904308878,0.7769726531245269,0.0
0.327237909818791,-0.7971914970163934,0.4003660633875332,0.672762090181209,0.0
0.23670419799882553,-0.8503979784133444,0.8219432362347584,0.7632958020011744,0.0
0.304411443777347,-1.1937469629571158,-0.017679900714989483,0.6955885562226529,0.0
0.33197522237584665,-0.8433427592541389,-0.41606332508728283,0.6680247776241534,0.0
0.41200452711699953,-0.3301765083749054,-1.3333507393247537,0.5879954728830005,0.0
0.239952718342841,-1.160426676561138,1.287362277945959,0.7600472816571591,0.0
0.327237909818791,-0.7971914970163934,0.4003660633875332,0.672762090181209,0.0
0.23670419799882553,-0.8503979784133444,0.8219432362347584,0.7632958020011744,0.0
0.3038520986866746,-1.203464251329768,-0.027923797307288112,0.6961479013133254,0.0
0.33197522237584665,-0.8433427592541389,-0.41606332508728283,0.6680247776241534,0.0
0.38853996584475314,-0.4594526569970028,-0.8534341702483874,0.6114600341552469,0.0
0.239952718342841,-1.160426676561138,1.287362277945959,0.7600472816571591,0.0
0.327237909818791,-0.7971914970163934,0.4003660633875332,0.672762090181209,0.0
0.23670419799882553,-0.8503979784133444,0.8219432362347584,0.7632958020011744,0.0
0.3038520986866746,-1.203464251329768,-0.027923797307288112,0.6961479013133254,0.0
0.33197522237584665,-0.8433427592541389,-0.41606332508728283,0.6680247776241534,0.0
0.356917476234449,-0.7372669378528092,-0.5451882069535379,0.643082523765551,0.0
0.239952718342841,-1.160426676561138,1.287362277945959,0.7600472816571591,0.0
0.3237843109034663,-0.8560294799215922,0.3409074539749842,0.6762156890965336,0.0
0.23670419799882553,-0.8503979784133444,0.8219432362347584,0.7632958020011744,0.0
0.30290009536512397,-1.2118279229257816,-0.018643971951106786,0.697099904634876,0.0
0.33285021253417796,-0.8396215518488561,-0.42059310822032164,0.6671497874658221,0.0
0.356917476234449,-0.7372669378528092,-0.5451882069535379,0.643082523765551,0.0
0.239952718342841,-1.160426676561138,1.287362277945959,0.7600472816571591,0.0
0.3237843109034663,-0.8560294799215922,0.3409074539749842,0.6762156890965336,0.0
0.23670419799882553,-0.8503979784133444,0.8219432362347584,0.7632958020011744,0.0
0.3098333731976354,-1.0937076395378797,0.10072225113945918,0.6901666268023646,0.0
0.334515448422361,-0.8189267611263651,-0.4429416059961919,0.6654845515776391,0.0
0.39822261150288263,-0.3743873356562589,-0.9478175181414102,0.6017773884971174,0.0
0.239952718342841,-1.160426676561138,1.287362277945959,0.7600472816571591,0.0
0.3271157291044853,-0.8445111602202491,0.09756614736683489,0.6728842708955147,0.0
0.2375160529521998,-0.9278788951461419,0.9382585781115715,0.7624839470478002,0.0
0.3098333731976354,-1.0937076395378797,0.10072225113945918,0.6901666268023646,0.0
0.334515448422361,-0.8189267611263651,-0.4429416059961919,0.6654845515776391,0.0
0.40155098764168373,-0.34730068368934597,-0.9873012247053947,0.5984490123583163,0.0
0.23834380236104852,-1.0068767293726504,1.0568511359058008,0.7616561976389515,0.0
0.30044456367147837,-1.0226684358875695,0.4862888806794359,0.6995554363285217,0.0
0.2375160529521998,-0.9278788951461419,0.9382585781115715,0.7624839470478002,0.0
0.3127732359035152,-1.0609787036856115,0.03596687366103918,0.6872267640964849,0.0
0.3414787614608392,-0.7414055131783546,-0.5963201850043973,0.6585212385391608,0.0
0.40155098764168373,-0.34730068368934597,-0.9873012247053947,0.5984490123583163,0.0
0.23834380236104852,-1.0068767293726504,1.0568511359058008,0.7616561976389515,0.0
0.30044456367147837,-1.0226684358875695,0.4862888806794359,0.6995554363285217,0.0
0.2375160529521998,-0.9278788951461419,0.9382585781115715,0.7624839470478002,0.0
0.35222025964905973,-0.7438668907564472,-0.4187065122269783,0.6477797403509402,0.0
0.3414787614608392,-0.7414055131783546,-0.5963201850043973,0.6585212385391608,0.0
0.40155098764168373,-0.34730068368934597,-0.9873012247053947,0.5984490123583163,0.0
0.23834380236104852,-1.0068767293726504,1.0568511359058008,0.7616561976389515,0.0
0.30044456367147837,-1.0226684358875695,0.4862888806794359,0.6995554363285217,0.0
0.2375160529521998,-0.9278788951461419,0.9382585781115715,0.7624839470478002,0.0
0.37493947111417764,-0.621528578522494,-0.8158191211101311,0.6250605288858224,0.0
0.33396395466024786,-0.7929146601386352,-0.3980563366176232,0.6660360453397521,0.0
0.40155098764168373,-0.34730068368934597,-0.9873012247053947,0.5984490123583163,0.0
0.23834380236104852,-1.0068767293726504,1.0568511359058008,0.7616561976389515,0.0
0.314409285131452,-0.9474712638002603,0.24219735576841028,0.6855907148685481,0.0
0.2374150849573128,-0.9182428231212048,0.9237927837044733,0.7625849150426872,0.0
0.37493947111417764,-0.621528578522494,-0.8158191211101311,0.6250605288858224,0.0
0.33396395466024786,-0.7929146601386352,-0.3980563366176232,0.6660360453397521,0.0
0.40155098764168373,-0.34730068368934597,-0.9873012247053947,0.5984490123583163,0.0
0.23834380236104852,-1.0068767293726504,1.0568511359058008,0.7616561976389515,0.0
0.33717530028062975,-0.9296915077281511,-0.0016244096954782794,0.6628246997193703,0.0
0.22823891231159082,-0.938040774677063,1.0398665915666236,0.7717610876884091,0.0
0.37035299797078025,-0.6407121722514062,-0.7690580804399034,0.6296470020292197,0.0
0.33396395466024786,-0.7929146601386352,-0.3980563366176232,0.6660360453397521,0.0
0.40155098764168373,-0.34730068368934597,-0.9873012247053947,0.5984490123583163,0.0
0.23834380236104852,-1.0068767293726504,1.0568511359058008,0.7616561976389515,0.0
0.3390820035204068,-0.9130840312140196,-0.045728382188928274,0.6609179964795933,0.0
0.22823891231159082,-0.938040774677063,1.0398665915666236,0.7717610876884091,0.0
0.37035299797078025,-0.6407121722514062,-0.7690580804399034,0.6296470020292197,0.0
0.34570029739394964,-0.7438256926842589,-0.5177133329047181,0.6542997026060504,0.0
0.40155098764168373,-0.34730068368934597,-0.9873012247053947,0.5984490123583163,0.0
0.23834380236104852,-1.0068767293726504,1.0568511359058008,0.7616561976389515,0.0
0.3390820035204068,-0.9130840312140196,-0.045728382188928274,0.6609179964795933,0.0
0.22823891231159082,-0.938040774677063,1.0398665915666236,0.7717610876884091,0.0
0.36605743163916493,-0.6526271311763198,-0.7096431728791575,0.6339425683608351,0.0
0.3436225230402391,-0.7969633504656188,-0.369536439482845,0.6563774769597609,0.0
0.39945871164781793,-0.36625048625787693,-0.9557650906928972,0.6005412883521821,0.0
0.23834380236104852,-1.0068767293726504,1.0568511359058008,0.7616561976389515,0.0
0.3390820035204068,-0.9130840312140196,-0.045728382188928274,0.6609179964795933,0.0
0.23849877021993687,-0.9254962346219866,0.9145431184767882,0.7615012297800632,0.0
0.353837392026171,-0.7706157548202595,-0.4088855720666777,0.646162607973829,0.0
0.3436225230402391,-0.7969633504656188,-0.369536439482845,0.6563774769597609,0.0
0.39945871164781793,-0.36625048625787693,-0.9557650906928972,0.6005412883521821,0.0
0.23834380236104852,-1.0068767293726504,1.0568511359058008,0.7616561976389515,0.0
0.3390820035204068,-0.9130840312140196,-0.045728382188928274,0.6609179964795933,0.0
0.23914852446426885,-0.9246097035373182,0.9071740722299564,0.7608514755357312,0.0
0.3558858024981346,-0.7653322126715205,-0.41677634143028053,0.6441141975018654,0.0
0.3436225230402391,-0.7969633504656188,-0.369536439482845,0.6563774769597609,0.0
0.3726605139396041,-0.6089625172002384,-0.5518453608401592,0.6273394860603959,0.0
0.23834380236104852,-1.0068767293726504,1.0568511359058008,0.7616561976389515,0.0
0.33649610249904127,-0.9792166809333707,0.13868566612104172,0.6635038975009587,0.0
0.2401068086662446,-0.9244991813198503,0.8980364801365142,0.7598931913337554,0.0
0.3558858024981346,-0.7653322126715205,-0.41677634143028053,0.6441141975018654,0.0
0.3436225230402391,-0.7969633504656188,-0.369536439482845,0.6563774769597609,0.0
0.3697253356005919,-0.6363235209722968,-0.5282114723272752,0.6302746643994082,0.0
0.23834380236104852,-1.0068767293726504,1.0568511359058008,0.7616561976389515,0.0
0.3387596888551723,-0.9213270082959903,-0.022742447400839083,0.6612403111448277,0.0
0.2401068086662446,-0.9244991813198503,0.8980364801365142,0.7598931913337554,0.0
0.36134268182291124,-0.7512570786553382,-0.4377970190660223,0.6386573181770887,0.0
0.3276640600289761,-0.8381256141345172,-0.30806216333410485,0.6723359399710239,0.0
0.3736977614393606,-0.6118767373952689,-0.5523592456364272,0.6263022385606394,0.0
0.23834380236104852,-1.0068767293726504,1.0568511359058008,0.7616561976389515,0.0
0.3226613709478854,-1.0425615938859651,0.2731297805666447,0.6773386290521146,0.0
0.2401068086662446,-0.9244991813198503,0.8980364801365142,0.7598931913337554,0.0
0.36134268182291124,-0.7512570786553382,-0.4377970190660223,0.6386573181770887,0.0
0.34903721541083665,-0.7977457059141901,-0.6346678493127464,0.6509627845891633,0.0
0.3736977614393606,-0.6118767373952689,-0.5523592456364272,0.6263022385606394,0.0
0.23834380236104852,-1.0068767293726504,1.0568511359058008,0.7616561976389515,0.0
0.3331759060669714,-0.9449675526636949,-0.08875702361880411,0.6668240939330285,0.0
0.2401068086662446,-0.9244991813198503,0.8980364801365142,0.7598931913337554,0.0
0.36361314026097513,-0.7256435430296494,-0.45884979914312174,0.6363868597390249,0.0
0.35121522600103955,-0.7775297997504489,-0.7096301070867365,0.6487847739989605,0.0
0.36943341383857237,-0.6599837704780902,-0.5128181685100575,0.6305665861614276,0.0
0.25014568781402485,-0.9823497267650296,0.9134379081214836,0.7498543121859751,0.0
0.33126076677612837,-0.9627435342720165,-0.022842208585743706,0.6687392332238716,0.0
0.21663701281239375,-0.972502627203095,1.154074056774895,0.7833629871876062,0.0
0.36182924912340936,-0.7285157586174695,-0.43925131073336,0.6381707508765906,0.0
0.3536143612018495,-0.7552614543567819,-0.7922029798573023,0.6463856387981505,0.0
0.36943341383857237,-0.6599837704780902,-0.5128181685100575,0.6305665861614276,0.0
0.25014568781402485,-0.9823497267650296,0.9134379081214836,0.7498543121859751,0.0
0.31208336594623504,-1.10968834782836,0.2383956301259691,0.687916634053765,0.0
0.21663701281239375,-0.972502627203095,1.154074056774895,0.7833629871876062,0.0
0.36182924912340936,-0.7285157586174695,-0.43925131073336,0.6381707508765906,0.0
0.35431456182310933,-0.754150961227964,-0.8021519561385404,0.6456854381768906,0.0
0.36943341383857237,-0.6599837704780902,-0.5128181685100575,0.6305665861614276,0.0
0.2698550540722097,-0.988141662490257,0.7718988592471776,0.7301449459277902,0.0
0.31208336594623504,-1.10968834782836,0.2383956301259691,0.687916634053765,0.0
0.21663701281239375,-0.972502627203095,1.154074056774895,0.7833629871876062,0.0
0.3650585772967986,-0.6994116704806665,-0.47049360168114523,0.6349414227032014,0.0
0.35431456182310933,-0.754150961227964,-0.8021519561385404,0.6456854381768906,0.0
0.3933205154853191,-0.47267548835879203,-0.8257092823962082,0.6066794845146809,0.0
0.2698550540722097,-0.988141662490257,0.7718988592471776,0.7301449459277902,0.0
0.29981151320951577,-1.2130030269456356,0.540765631236434,0.7001884867904842,0.0
0.21663701281239375,-0.972502627203095,1.154074056774895,0.7833629871876062,0.0
0.36801643046819504,-0.6756817928308766,-0.5076699559964192,0.631983569531805,0.0
0.35324278948441157,-0.7615780055316769,-0.8060608787047376,0.6467572105155884,0.0
0.38309483145008444,-0.5547127691096028,-0.6971857787665661,0.6169051685499156,0.0
0.25005184450717893,-0.9823221492978308,0.9141118259035267,0.7499481554928211,0.0
0.29981151320951577,-1.2130030269456356,0.540765631236434,0.7001884867904842,0.0
0.21663701281239375,-0.972502627203095,1.154074056774895,0.7833629871876062,0.0
0.36801643046819504,-0.6756817928308766,-0.5076699559964192,0.631983569531805,0.0
0.35324278948441157,-0.7615780055316769,-0.8060608787047376,0.6467572105155884,0.0
0.38309483145008444,-0.5547127691096028,-0.6971857787665661,0.6169051685499156,0.0
0.25005184450717893,-0.9823221492978308,0.9141118259035267,0.7499481554928211,0.0
0.29981151320951577,-1.2130030269456356,0.540765631236434,0.7001884867904842,0.0
0.21663701281239375,-0.972502627203095,1.154074056774895,0.7833629871876062,0.0
0.36801643046819504,-0.6756817928308766,-0.5076699559964192,0.631983569531805,0.0
0.35324278948441157,-0.7615780055316769,-0.8060608787047376,0.6467572105155884,0.0
0.38309483145008444,-0.5547127691096028,-0.6971857787665661,0.6169051685499156,0.0
0.25005184450717893,-0.9823221492978308,0.9141118259035267,0.7499481554928211,0.0
0.29981151320951577,-1.2130030269456356,0.540765631236434,0.7001884867904842,0.0
0.2209467427631242,-0.9737691153560234,1.1231245543839603,0.7790532572368758,0.0
0.36748184709249687,-0.6799705784344364,-0.5009509406043782,0.6325181529075031,0.0
0.35324278948441157,-0.7615780055316769,-0.8060608787047376,0.6467572105155884,0.0
0.39591794303452116,-0.45183718626090374,-0.8583555570021237,0.6040820569654788,0.0
0.24476773593109621,-0.9807693232537623,0.9520586422653528,0.7552322640689038,0.0
0.29981151320951577,-1.2130030269456356,0.540765631236434,0.7001884867904842,0.0
0.2209467427631242,-0.9737691153560234,1.1231245543839603,0.7790532572368758,0.0
0.34430385595039764,-0.8659199349774632,-0.2096338396246361,0.6556961440496023,0.0
0.3706927593794347,-0.6141483803622166,-1.2459171518616412,0.6293072406205653,0.0
0.3577674327773059,-0.5656385969137778,-0.4263160145137106,0.6422325672226941,0.0
0.24476773593109621,-0.9807693232537623,0.9520586422653528,0.7552322640689038,0.0
0.27521788344139986,-1.4207873176969863,1.1606900436154726,0.7247821165586001,0.0
0.2209467427631242,-0.9737691153560234,1.1231245543839603,0.7790532572368758,0.0
0.34430385595039764,-0.8659199349774632,-0.2096338396246361,0.6556961440496023,0.0
0.3706927593794347,-0.6141483803622166,-1.2459171518616412,0.6293072406205653,0.0
0.3577674327773059,-0.5656385969137778,-0.4263160145137106,0.6422325672226941,0.0
0.24476773593109621,-0.9807693232537623,0.9520586422653528,0.7552322640689038,0.0
0.28226021858149825,-1.363762051464642,1.0204536974476452,0.7177397814185018,0.0
0.22526197477987492,-0.9750372203855336,1.092135539956913,0.774738025220125,0.0
0.34364773652087083,-0.8666769959830835,-0.20197622740953802,0.6563522634791292,0.0
0.3666182107111128,-0.5988562736607993,-0.9875480734210134,0.6333817892888872,0.0
0.3577674327773059,-0.5656385969137778,-0.4263160145137106,0.6422325672226941,0.0
0.24476773593109621,-0.9807693232537623,0.9520586422653528,0.7552322640689038,0.0
0.28226021858149825,-1.363762051464642,1.0204536974476452,0.7177397814185018,0.0
0.22526197477987492,-0.9750372203855336,1.092135539956913,0.774738025220125,0.0
0.34364773652087083,-0.8666769959830835,-0.20197622740953802,0.6563522634791292,0.0
0.383223973176803,-0.4052439319459423,-1.5554518688133594,0.616776026823197,0.0
0.3797973026271623,-0.4975734882903427,-0.6787681823251572,0.6202026973728376,0.0
0.24476773593109621,-0.9807693232537623,0.9520586422653528,0.7552322640689038,0.0
0.28226021858149825,-1.363762051464642,1.0204536974476452,0.7177397814185018,0.0
0.22526197477987492,-0.9750372203855336,1.092135539956913,0.774738025220125,0.0
0.33949142646627034,-0.9091148115767996,-0.14715689180972513,0.6605085735337297,0.0
0.364540950520667,-0.6230757703959978,-0.9165074362561134,0.6354590494793331,0.0
0.3797973026271623,-0.4975734882903427,-0.6787681823251572,0.6202026973728376,0.0
0.23988702952740074,-0.9793350438652929,0.9871085029845889,0.7601129704725993,0.0
0.25272257273189574,-1.5984104129904795,1.623070160569796,0.7472774272681042,0.0
0.22526197477987492,-0.9750372203855336,1.092135539956913,0.774738025220125,0.0
0.31711798374678235,-1.1375578352812634,0.14793593063388166,0.6828820162532176,0.0
0.3640987675213366,-0.6267132700510212,-0.9233979599952064,0.6359012324786635,0.0
0.3797973026271623,-0.4975734882903427,-0.6787681823251572,0.6202026973728376,0.0
0.23988702952740074,-0.9793350438652929,0.9871085029845889,0.7601129704725993,0.0
0.25272257273189574,-1.5984104129904795,1.623070160569796,0.7472774272681042,0.0
0.22526197477987492,-0.9750372203855336,1.092135539956913,0.774738025220125,0.0
0.318049205834684,-1.1308934458027955,0.12660401340738003,0.681950794165316,0.0
0.3640987675213366,-0.6267132700510212,-0.9233979599952064,0.6359012324786635,0.0
0.3797973026271623,-0.4975734882903427,-0.6787681823251572,0.6202026973728376,0.0
0.23988702952740074,-0.9793350438652929,0.9871085029845889,0.7601129704725993,0.0
0.28410918382910866,-1.3737888071688564,0.9040831448571087,0.7158908161708913,0.0
0.22526197477987492,-0.9750372203855336,1.092135539956913,0.774738025220125,0.0
0.318049205834684,-1.1308934458027955,0.12660401340738003,0.681950794165316,0.0
0.3330497534236062,-0.8975991478356685,-0.21350367132500692,0.6669502465763938,0.0
0.3797973026271623,-0.4975734882903427,-0.6787681823251572,0.6202026973728376,0.0
0.25373556465504915,-0.983404673720316,0.8876578933306238,0.7462644353449508,0.0
0.28410918382910866,-1.3737888071688564,0.9040831448571087,0.7158908161708913,0.0
0.22526197477987492,-0.9750372203855336,1.092135539956913,0.774738025220125,0.0
0.32696555967752533,-1.067082615380563,-0.07764685715163,0.6730344403224746,0.0
0.3330497534236062,-0.8975991478356685,-0.21350367132500692,0.6669502465763938,0.0
0.37584983299494046,-0.5401259360981863,-0.6338537418028087,0.6241501670050595,0.0
0.2535881667270247,-0.9832362460805452,0.8896008665629659,0.7464118332729752,0.0
0.31705993664492743,-1.074359716071838,0.35169793002112215,0.6829400633550726,0.0
0.22526197477987492,-0.9750372203855336,1.092135539956913,0.774738025220125,0.0
0.32696555967752533,-1.067082615380563,-0.07764685715163,0.6730344403224746,0.0
0.33510073115382927,-0.8776432218064654,-0.26033895931965456,0.6648992688461708,0.0
0.37584983299494046,-0.5401259360981863,-0.6338537418028087,0.6241501670050595,0.0
0.2535881667270247,-0.9832362460805452,0.8896008665629659,0.7464118332729752,0.0
0.31705993664492743,-1.074359716071838,0.35169793002112215,0.6829400633550726,0.0
0.22526197477987492,-0.9750372203855336,1.092135539956913,0.774738025220125,0.0
0.3444840221180099,-0.8782392478249273,-0.2769725043721915,0.6555159778819901,0.0
0.30151071486289066,-1.1558631239191672,0.04755414903488797,0.6984892851371094,0.0
0.37584983299494046,-0.5401259360981863,-0.6338537418028087,0.6241501670050595,0.0
0.2535881667270247,-0.9832362460805452,0.8896008665629659,0.7464118332729752,0.0
0.31705993664492743,-1.074359716071838,0.35169793002112215,0.6829400633550726,0.0
0.22926557551672896,-0.9761960639524797,1.0635094553370181,0.770734424483271,0.0
0.3444840221180099,-0.8782392478249273,-0.2769725043721915,0.6555159778819901,0.0
0.30151071486289066,-1.1558631239191672,0.04755414903488797,0.6984892851371094,0.0
0.37584983299494046,-0.5401259360981863,-0.6338537418028087,0.6241501670050595,0.0
0.2535881667270247,-0.9832362460805452,0.8896008665629659,0.7464118332729752,0.0
0.31705993664492743,-1.074359716071838,0.35169793002112215,0.6829400633550726,0.0
0.22926557551672896,-0.9761960639524797,1.0635094553370181,0.770734424483271,0.0
0.3483782614111735,-0.8737408751047141,-0.32695185535483906,0.6516217385888265,0.0
0.3123841661315719,-1.090409675846428,-0.0393326860667762,0.6876158338684282,0.0
0.37584983299494046,-0.5401259360981863,-0.6338537418028087,0.6241501670050595,0.0
0.2535881667270247,-0.9832362460805452,0.8896008665629659,0.7464118332729752,0.0
0.30886584276179085,-1.1488208398435944,0.4890634201306441,0.6911341572382091,0.0
0.22393313771846884,-0.9746525880554527,1.1016368375802505,0.7760668622815312,0.0
0.3483782614111735,-0.8737408751047141,-0.32695185535483906,0.6516217385888265,0.0
0.34325249939368835,-0.8227635183761006,-0.3284949211270933,0.6567475006063117,0.0
0.37584983299494046,-0.5401259360981863,-0.6338537418028087,0.6241501670050595,0.0
0.2535881667270247,-0.9832362460805452,0.8896008665629659,0.7464118332729752,0.0
0.30886584276179085,-1.1488208398435944,0.4890634201306441,0.6911341572382091,0.0
0.22393313771846884,-0.9746525880554527,1.1016368375802505,0.7760668622815312,0.0
0.35661300151214115,-0.8164117594990963,-0.4970167094370497,0.6433869984878589,0.0
0.34325249939368835,-0.8227635183761006,-0.3284949211270933,0.6567475006063117,0.0
0.37584983299494046,-0.5401259360981863,-0.6338537418028087,0.6241501670050595,0.0
0.2535881667270247,-0.9832362460805452,0.8896008665629659,0.7464118332729752,0.0
0.30886584276179085,-1.1488208398435944,0.4890634201306441,0.6911341572382091,0.0
0.22393313771846884,-0.9746525880554527,1.1016368375802505,0.7760668622815312,0.0
0.3597459560751129,-0.8149223115891168,-0.5365340195624398,0.6402540439248872,0.0
0.32972070068974635,-0.8291967139085417,-0.15781249494124772,0.6702792993102537,0.0
0.37584983299494046,-0.5401259360981863,-0.6338537418028087,0.6241501670050595,0.0
0.2458639421281833,-1.0112309860578799,0.9858493958065535,0.7541360578718167,0.0
0.29536432262424156,-1.2374239778783818,0.7612154179016385,0.7046356773757585,0.0
0.22393313771846884,-0.9746525880554527,1.1016368375802505,0.7760668622815312,0.0
0.3681921864636761,-0.7594942924203567,-0.7067858467984501,0.6318078135363239,0.0
0.3145040089675079,-1.0100035619586532,0.2492317053291957,0.685495991032492,0.0
0.37584983299494046,-0.5401259360981863,-0.6338537418028087,0.6241501670050595,0.0
0.24403124172610383,-1.0143901766461165,1.0103490740328809,0.7559687582738962,0.0
0.30318209211606356,-1.271390901671221,0.7232736177561585,0.6968179078839365,0.0
0.22373219862893962,-0.9749522830306078,1.104155797817711,0.7762678013710604,0.0
0.3681921864636761,-0.7594942924203567,-0.7067858467984501,0.6318078135363239,0.0
0.30836288024610514,-1.0829733078045334,0.4135059690647251,0.6916371197538949,0.0
0.34267171633332255,-0.6594960048409314,-0.2200156608912751,0.6573282836666774,0.0
0.24403124172610383,-1.0143901766461165,1.0103490740328809,0.7559687582738962,0.0
0.30532409560659896,-1.1934894060666343,0.595199786497849,0.694675904393401,0.0
0.22373219862893962,-0.9749522830306078,1.104155797817711,0.7762678013710604,0.0
0.3681921864636761,-0.7594942924203567,-0.7067858467984501,0.6318078135363239,0.0
0.30836288024610514,-1.0829733078045334,0.4135059690647251,0.6916371197538949,0.0
0.35296251561903413,-0.6998190200964689,-0.4162994384178247,0.6470374843809659,0.0
0.23617261339821158,-0.9991220801907454,1.0466656714879212,0.7638273866017884,0.0
0.33494450906079054,-0.9890118320215413,-0.01823307338217317,0.6650554909392095,0.0
0.22373219862893962,-0.9749522830306078,1.104155797817711,0.7762678013710604,0.0
0.3806103132068144,-0.6737686682811674,-0.9639627769644245,0.6193896867931856,0.0
0.3231744619082915,-1.1018785345981639,0.29263235510962937,0.6768255380917085,0.0
0.35296251561903413,-0.6998190200964689,-0.4162994384178247,0.6470374843809659,0.0
0.23617261339821158,-0.9991220801907454,1.0466656714879212,0.7638273866017884,0.0
0.3062578537216379,-1.1870434260196858,0.5758618420147187,0.6937421462783622,0.0
0.23241457389592124,-0.9918207920765826,1.0640324691185483,0.7675854261040788,0.0
0.3806103132068144,-0.6737686682811674,-0.9639627769644245,0.6193896867931856,0.0
0.3231744619082915,-1.1018785345981639,0.29263235510962937,0.6768255380917085,0.0
0.35296251561903413,-0.6998190200964689,-0.4162994384178247,0.6470374843809659,0.0
0.24450542038481454,-1.0153114322642984,1.0081577812586637,0.7554945796151855,0.0
0.3062578537216379,-1.1870434260196858,0.5758618420147187,0.6937421462783622,0.0
0.2356255726244044,-0.998059264779325,1.0491936774890878,0.7643744273755956,0.0
0.3806103132068144,-0.6737686682811674,-0.9639627769644245,0.6193896867931856,0.0
0.2959172539658883,-1.3050457095347165,0.8889719938543069,0.7040827460341117,0.0
0.3568229137222661,-0.6961816696559129,-0.4927684051274705,0.643177086277734,0.0
0.246169027251503,-1.018543562484055,1.0004698568041464,0.753830972748497,0.0
0.302344656419301,-1.1760701178330217,0.6035138205210794,0.6976553435806989,0.0
0.2356255726244044,-0.998059264779325,1.0491936774890878,0.7643744273755956,0.0
0.3806103132068144,-0.6737686682811674,-0.9639627769644245,0.6193896867931856,0.0
0.32816335006129727,-1.0646928362587598,0.1834842807658582,0.6718366499387027,0.0
0.4015022349685943,-0.5660198558542033,-1.0957013352761036,0.5984977650314057,0.0
0.246169027251503,-1.018543562484055,1.0004698568041464,0.753830972748497,0.0
0.3002764922028832,-1.1767675890110334,0.6224659468247198,0.6997235077971168,0.0
0.22797829239589606,-0.9776558239706615,1.1002770941755826,0.7720217076041039,0.0
0.3806103132068144,-0.6737686682811674,-0.9639627769644245,0.6193896867931856,0.0
0.3137362190872456,-1.172228408083703,0.4991244626717962,0.6862637809127544,0.0
0.3924357465031489,-0.6127797172098819,-1.0385306195800341,0.6075642534968511,0.0
0.2590670562632708,-1.0475347627713143,0.9297021471200929,0.7409329437367291,0.0
0.3002764922028832,-1.1767675890110334,0.6224659468247198,0.6997235077971168,0.0
0.22797829239589606,-0.9776558239706615,1.1002770941755826,0.7720217076041039,0.0
0.3806103132068144,-0.6737686682811674,-0.9639627769644245,0.6193896867931856,0.0
0.3291893820114006,-0.9970749649829322,0.11608777974288575,0.6708106179885994,0.0
0.3512490784342748,-0.7470399526564537,-0.4307046785847696,0.6487509215657252,0.0
0.23004978432968184,-1.1367677870962578,1.381796252832458,0.7699502156703182,0.0
0.3002764922028832,-1.1767675890110334,0.6224659468247198,0.6997235077971168,0.0
0.22797829239589606,-0.9776558239706615,1.1002770941755826,0.7720217076041039,0.0
0.3806103132068144,-0.6737686682811674,-0.9639627769644245,0.6193896867931856,0.0
0.3033692671154981,-1.159417527308074,0.6584161432956134,0.6966307328845018,0.0
0.3316247150645933,-0.7960127673314243,-0.07428742387806142,0.6683752849354068,0.0
0.23004978432968184,-1.1367677870962578,1.381796252832458,0.7699502156703182,0.0
0.30477101098014964,-1.121566030039406,0.5194041123586028,0.6952289890198504,0.0
0.2404603291238851,-1.0077490316157078,1.0271207961165536,0.7595396708761148,0.0
0.3859439906364735,-0.6702303851638106,-1.0535086370357873,0.6140560093635266,0.0
0.3033692671154981,-1.159417527308074,0.6584161432956134,0.6966307328845018,0.0
0.3389822842504759,-0.701384090099893,-0.2650795570601484,0.6610177157495241,0.0
0.23004978432968184,-1.1367677870962578,1.381796252832458,0.7699502156703182,0.0
0.30477101098014964,-1.121566030039406,0.5194041123586028,0.6952289890198504,0.0
0.2404603291238851,-1.0077490316157078,1.0271207961165536,0.7595396708761148,0.0
0.3859439906364735,-0.6702303851638106,-1.0535086370357873,0.6140560093635266,0.0
0.3033692671154981,-1.159417527308074,0.6584161432956134,0.6966307328845018,0.0
0.3389822842504759,-0.701384090099893,-0.2650795570601484,0.6610177157495241,0.0
0.23004978432968184,-1.1367677870962578,1.381796252832458,0.7699502156703182,0.0
0.30555621992511434,-1.1003629165568622,0.4415343296529101,0.6944437800748857,0.0
0.2404603291238851,-1.0077490316157078,1.0271207961165536,0.7595396708761148,0.0
0.3666767527423803,-0.7733239992173144,-0.6951786541766956,0.6333232472576197,0.0
0.3020920357801674,-1.1939067942989057,0.7850801697116288,0.6979079642198326,0.0
0.3389822842504759,-0.701384090099893,-0.2650795570601484,0.6610177157495241,0.0
0.23004978432968184,-1.1367677870962578,1.381796252832458,0.7699502156703182,0.0
0.30555621992511434,-1.1003629165568622,0.4415343296529101,0.6944437800748857,0.0
0.2404603291238851,-1.0077490316157078,1.0271207961165536,0.7595396708761148,0.0
0.3666767527423803,-0.7733239992173144,-0.6951786541766956,0.6333232472576197,0.0
0.3020920357801674,-1.1939067942989057,0.7850801697116288,0.6979079642198326,0.0
0.3389822842504759,-0.701384090099893,-0.2650795570601484,0.6610177157495241,0.0
0.23768896049520552,-1.1428266613423543,1.3185220049017938,0.7623110395047945,0.0
0.30703469505516756,-1.0604394335595495,0.2949127993566811,0.6929653049448324,0.0
0.2404603291238851,-1.0077490316157078,1.0271207961165536,0.7595396708761148,0.0
0.3666767527423803,-0.7733239992173144,-0.6951786541766956,0.6333232472576197,0.0
0.3020920357801674,-1.1939067942989057,0.7850801697116288,0.6979079642198326,0.0
0.3434264158669379,-0.6820162895876818,-0.3345583095433542,0.6565735841330621,0.0
0.23768896049520552,-1.1428266613423543,1.3185220049017938,0.7623110395047945,0.0
0.29136921441959057,-1.2233385848420046,0.5658801305838236,0.7086307855804095,0.0
0.239099331271992,-1.0740846182981507,1.1702256920483238,0.760900668728008,0.0
0.3799322289836259,-0.7353519270270275,-0.9021173169630581,0.6200677710163741,0.0
0.3020920357801674,-1.1939067942989057,0.7850801697116288,0.6979079642198326,0.0
0.33405519096784936,-0.7794639592794524,-0.17246332756951566,0.6659448090321507,0.0
0.23735799582016814,-1.1589580136874227,1.3533219609138014,0.7626420041798319,0.0
0.29136921441959057,-1.2233385848420046,0.5658801305838236,0.7086307855804095,0.0
0.239099331271992,-1.0740846182981507,1.1702256920483238,0.760900668728008,0.0
0.3799322289836259,-0.7353519270270275,-0.9021173169630581,0.6200677710163741,0.0
0.3020920357801674,-1.1939067942989057,0.7850801697116288,0.6979079642198326,0.0
0.3257501705437203,-0.8658245893773013,-0.028810587352759764,0.6742498294562798,0.0
0.23735799582016814,-1.1589580136874227,1.3533219609138014,0.7626420041798319,0.0
0.29136921441959057,-1.2233385848420046,0.5658801305838236,0.7086307855804095,0.0
0.239099331271992,-1.0740846182981507,1.1702256920483238,0.760900668728008,0.0
0.3603212386627228,-0.843409468544202,-0.5770506525471059,0.6396787613372772,0.0
0.3020920357801674,-1.1939067942989057,0.7850801697116288,0.6979079642198326,0.0
0.3257501705437203,-0.8658245893773013,-0.028810587352759764,0.6742498294562798,0.0
0.23740459823901736,-1.1566865929126708,1.34842185450268,0.7625954017609826,0.0
0.2869925175729711,-1.2179329026831267,0.6293466784410983,0.7130074824270289,0.0
0.239099331271992,-1.0740846182981507,1.1702256920483238,0.760900668728008,0.0
0.3358563215348327,-0.9782123905283823,-0.17152656244038555,0.6641436784651673,0.0
0.3020920357801674,-1.1939067942989057,0.7850801697116288,0.6979079642198326,0.0
0.3216239212934996,-0.8794095273962226,0.03551413410567039,0.6783760787065004,0.0
0.23740459823901736,-1.1566865929126708,1.34842185450268,0.7625954017609826,0.0
0.28551849577522015,-1.2249150745137032,0.6514980198531203,0.7144815042247799,0.0
0.239099331271992,-1.0740846182981507,1.1702256920483238,0.760900668728008,0.0
0.3308536063245211,-1.0101709423059153,-0.02979008135512773,0.6691463936754789,0.0
0.3020920357801674,-1.1939067942989057,0.7850801697116288,0.6979079642198326,0.0
0.33993614770687375,-0.836211077810333,-0.21627863405595193,0.6600638522931263,0.0
0.23740459823901736,-1.1566865929126708,1.34842185450268,0.7625954017609826,0.0
0.303403735877552,-1.1401959612576222,0.3827217640696401,0.696596264122448,0.0
0.239099331271992,-1.0740846182981507,1.1702256920483238,0.760900668728008,0.0
0.3308536063245211,-1.0101709423059153,-0.02979008135512773,0.6691463936754789,0.0
0.3020920357801674,-1.1939067942989057,0.7850801697116288,0.6979079642198326,0.0
0.384628162916048,-0.5169770734774679,-0.9289644269560228,0.615371837083952,0.0
0.23740459823901736,-1.1566865929126708,1.34842185450268,0.7625954017609826,0.0
0.3108855612992504,-1.1383265424810871,0.2732476141813571,0.6891144387007496,0.0
0.239099331271992,-1.0740846182981507,1.1702256920483238,0.760900668728008,0.0
0.337284957923034,-0.9779278688789493,-0.18830665427051962,0.6627150420769661,0.0
0.29637422389312407,-1.1830306036730593,0.8200396092697839,0.7036257761068759,0.0
0.38970502742680946,-0.4780233009589163,-1.0109502693346692,0.6102949725731905,0.0
0.26385978218291206,-1.1500764657292726,0.9613293190371052,0.7361402178170879,0.0
0.3112252952795233,-1.1354804505262597,0.2677123615355337,0.6887747047204766,0.0
0.239099331271992,-1.0740846182981507,1.1702256920483238,0.760900668728008,0.0
0.337284957923034,-0.9779278688789493,-0.18830665427051962,0.6627150420769661,0.0
0.29637422389312407,-1.1830306036730593,0.8200396092697839,0.7036257761068759,0.0
0.41570618829509387,-0.34480566828457127,-1.4135973289951989,0.5842938117049061,0.0
0.2605297393802483,-1.139856292215085,0.9894238745826093,0.7394702606197516,0.0
0.3018385274239558,-1.192231358210666,0.431971764953472,0.6981614725760442,0.0
0.239099331271992,-1.0740846182981507,1.1702256920483238,0.760900668728008,0.0
0.337284957923034,-0.9779278688789493,-0.18830665427051962,0.6627150420769661,0.0
0.317735444345502,-1.032982729046618,0.4202036450504174,0.682264555654498,0.0
0.41570618829509387,-0.34480566828457127,-1.4135973289951989,0.5842938117049061,0.0
0.2610335497889739,-1.1414025275341357,0.9851733798138865,0.738966450211026,0.0
0.3018385274239558,-1.192231358210666,0.431971764953472,0.6981614725760442,0.0
0.239099331271992,-1.0740846182981507,1.1702256920483238,0.760900668728008,0.0
0.337284957923034,-0.9779278688789493,-0.18830665427051962,0.6627150420769661,0.0
0.317735444345502,-1.032982729046618,0.4202036450504174,0.682264555654498,0.0
0.4010665321971807,-0.4629967657805115,-1.1848603656391599,0.5989334678028193,0.0
0.27694840046917796,-1.1109717118232698,0.8266000369314677,0.723051599530822,0.0
0.3018385274239558,-1.192231358210666,0.431971764953472,0.6981614725760442,0.0
0.239099331271992,-1.0740846182981507,1.1702256920483238,0.760900668728008,0.0
0.34939279327371636,-0.8801770515901963,-0.3774852437405798,0.6506072067262836,0.0
0.317735444345502,-1.032982729046618,0.4202036450504174,0.682264555654498,0.0
0.4076076131908082,-0.4101883161642076,-1.2870613322152478,0.5923923868091918,0.0
0.27694840046917796,-1.1109717118232698,0.8266000369314677,0.723051599530822,0.0
0.3018385274239558,-1.192231358210666,0.431971764953472,0.6981614725760442,0.0
0.239099331271992,-1.0740846182981507,1.1702256920483238,0.760900668728008,0.0
0.34590780878350286,-0.8863040227655294,-0.3285816323327355,0.6540921912164972,0.0
0.317735444345502,-1.032982729046618,0.4202036450504174,0.682264555654498,0.0
0.4076076131908082,-0.4101883161642076,-1.2870613322152478,0.5923923868091918,0.0
0.2700041135168628,-1.1042039215523705,0.8896461092371544,0.7299958864831372,0.0
0.29517609105048714,-1.2455683246741036,0.5410069738153656,0.7048239089495129,0.0
0.239099331271992,-1.0740846182981507,1.1702256920483238,0.760900668728008,0.0
0.34662483581883774,-0.8825708395553329,-0.3476392903694263,0.6533751641811623,0.0
0.317735444345502,-1.032982729046618,0.4202036450504174,0.682264555654498,0.0
0.3857629755259384,-0.5203637075560896,-0.9415077273024164,0.6142370244740616,0.0
0.2700041135168628,-1.1042039215523705,0.8896461092371544,0.7299958864831372,0.0
0.3168799279536113,-1.0924365379077807,0.16612837047377393,0.6831200720463887,0.0
0.239099331271992,-1.0740846182981507,1.1702256920483238,0.760900668728008,0.0
0.34662483581883774,-0.8825708395553329,-0.3476392903694263,0.6533751641811623,0.0
0.30662607398079794,-1.0422858543554747,0.5172109189903009,0.693373926019202,0.0
0.35178511736434537,-0.8025493856415602,-0.39514539939607607,0.6482148826356546,0.0
0.27743375292631567,-1.0667318681177913,0.7721189284010244,0.7225662470736843,0.0
0.32753130367605965,-1.0039769985663733,-0.005145239753372111,0.6724686963239404,0.0
0.239099331271992,-1.0740846182981507,1.1702256920483238,0.760900668728008,0.0
0.3468289864682272,-0.8794050371398026,-0.3495187232883917,0.6531710135317728,0.0
0.3159374360058055,-1.034488403656559,0.4359038946441557,0.6840625639941945,0.0
0.3555604090927773,-0.7903512574520885,-0.451294928797876,0.6444395909072227,0.0
0.26742800429966945,-1.0751108068178956,0.8594893522985392,0.7325719957003305,0.0
0.32291812636077444,-1.0161174270948659,0.1703473499153046,0.6770818736392256,0.0
0.2644732585485163,-1.0610089252650916,0.9277336635235696,0.7355267414514837,0.0
0.3479874893715284,-0.8719265755785427,-0.37019258785503306,0.6520125106284715,0.0
0.3159374360058055,-1.034488403656559,0.4359038946441557,0.6840625639941945,0.0
0.3452155321872384,-0.820721812629915,-0.2981631954110102,0.6547844678127617,0.0
0.25257885373004185,-1.0926851603105892,1.0731063979233393,0.7474211462699581,0.0
0.32291812636077444,-1.0161174270948659,0.1703473499153046,0.6770818736392256,0.0
0.2644732585485163,-1.0610089252650916,0.9277336635235696,0.7355267414514837,0.0
0.35694054464174507,-0.8204315031855399,-0.563236341561153,0.6430594553582549,0.0
0.3159374360058055,-1.034488403656559,0.4359038946441557,0.6840625639941945,0.0
0.36273854558934676,-0.6927819760957903,-0.7375041750079235,0.6372614544106532,0.0
0.25257885373004185,-1.0926851603105892,1.0731063979233393,0.7474211462699581,0.0
0.3112209039680217,-1.1067584386840497,0.4490781985126584,0.6887790960319783,0.0
0.2839415087907129,-1.0103572661372886,0.6138218100564643,0.7160584912092871,0.0
0.35694054464174507,-0.8204315031855399,-0.563236341561153,0.6430594553582549,0.0
0.3112411025088805,-1.0687774911621373,0.5536514367880523,0.6887588974911195,0.0
0.39572941123751293,-0.4519075407867471,-1.5646586660198136,0.6042705887624871,0.0
0.2644844751308602,-1.0817494902467804,0.9533705786040731,0.7355155248691398,0.0
0.3259167030954153,-0.9928816520168412,0.0988948452293581,0.6740832969045847,0.0
0.2839415087907129,-1.0103572661372886,0.6138218100564643,0.7160584912092871,0.0
0.35694054464174507,-0.8204315031855399,-0.563236341561153,0.6430594553582549,0.0
0.3112411025088805,-1.0687774911621373,0.5536514367880523,0.6887588974911195,0.0
0.39572941123751293,-0.4519075407867471,-1.5646586660198136,0.6042705887624871,0.0
0.2644844751308602,-1.0817494902467804,0.9533705786040731,0.7355155248691398,0.0
0.3259167030954153,-0.9928816520168412,0.0988948452293581,0.6740832969045847,0.0
0.289837918589708,-1.0079024024005,0.5414881269975342,0.710162081410292,0.0
0.3564684999361048,-0.8230554264550397,-0.5531616536571098,0.6435315000638953,0.0
0.3112411025088805,-1.0687774911621373,0.5536514367880523,0.6887588974911195,0.0
0.39572941123751293,-0.4519075407867471,-1.5646586660198136,0.6042705887624871,0.0
0.2644844751308602,-1.0817494902467804,0.9533705786040731,0.7355155248691398,0.0
0.31586888745962816,-1.0015684688637925,0.2292563906949438,0.6841311125403718,0.0
0.28615099286505136,-1.027261009091206,0.6148198611804276,0.7138490071349486,0.0
0.35663420077195734,-0.8221343563238127,-0.5566981496429916,0.6433657992280426,0.0
0.3236320533792241,-1.0014513318288998,0.25055938753781304,0.6763679466207759,0.0
0.39572941123751293,-0.4519075407867471,-1.5646586660198136,0.6042705887624871,0.0
0.2184319623100959,-1.0945261421923245,1.3470702942478199,0.7815680376899041,0.0
0.309729512713051,-1.0771218987715736,0.4341421537278754,0.690270487286949,0.0
0.28615099286505136,-1.027261009091206,0.6148198611804276,0.7138490071349486,0.0
0.3223391577953525,-0.9219429147196854,0.01332784267736109,0.6776608422046475,0.0
0.33927553025187673,-0.8822129042213973,-0.14330139298433497,0.6607244697481233,0.0
0.40817883773663455,-0.35701495057456134,-1.878101826892125,0.5918211622633655,0.0
0.2184319623100959,-1.0945261421923245,1.3470702942478199,0.7815680376899041,0.0
0.309729512713051,-1.0771218987715736,0.4341421537278754,0.690270487286949,0.0
0.28615099286505136,-1.027261009091206,0.6148198611804276,0.7138490071349486,0.0
0.31532058705000915,-0.9423689987041852,0.12998516124419163,0.6846794129499909,0.0
0.33927553025187673,-0.8822129042213973,-0.14330139298433497,0.6607244697481233,0.0
0.40817883773663455,-0.35701495057456134,-1.878101826892125,0.5918211622633655,0.0
0.2184319623100959,-1.0945261421923245,1.3470702942478199,0.7815680376899041,0.0
0.3216107079567404,-0.998744099937644,0.20193761002987126,0.6783892920432596,0.0
0.27903663118581057,-1.0663371140522584,0.7601600214170996,0.7209633688141894,0.0
0.31532058705000915,-0.9423689987041852,0.12998516124419163,0.6846794129499909,0.0
0.33927553025187673,-0.8822129042213973,-0.14330139298433497,0.6607244697481233,0.0
0.39166276618765183,-0.4477305726486376,-1.540692991969686,0.6083372338123482,0.0
0.2184319623100959,-1.0945261421923245,1.3470702942478199,0.7815680376899041,0.0
0.3216107079567404,-0.998744099937644,0.20193761002987126,0.6783892920432596,0.0
0.2919660021083295,-1.02179409191796,0.533179495378432,0.7080339978916705,0.0
0.31421352254433965,-0.9451490794766749,0.1426149488213766,0.6857864774556603,0.0
0.35046616363578853,-0.7894015085146497,-0.44180343835230684,0.6495338363642115,0.0
0.39166276618765183,-0.4477305726486376,-1.540692991969686,0.6083372338123482,0.0
0.22950581624744404,-1.0531794561288381,1.162468779266613,0.770494183752556,0.0
0.3216107079567404,-0.998744099937644,0.20193761002987126,0.6783892920432596,0.0
0.3058980240323518,-1.014793447007084,0.3928137251066409,0.6941019759676482,0.0
0.3163966897399618,-0.9609668377179291,0.16012313344660972,0.6836033102600382,0.0
0.31973249371119195,-1.0442963570040207,0.377994960846908,0.680267506288808,0.0
0.39166276618765183,-0.4477305726486376,-1.540692991969686,0.6083372338123482,0.0
0.22950581624744404,-1.0531794561288381,1.162468779266613,0.770494183752556,0.0
0.3217005455316311,-0.9965652727269901,0.19351654439448832,0.6782994544683689,0.0
0.3012600597771514,-1.0049026853684597,0.39778167115288526,0.6987399402228486,0.0
0.3163966897399618,-0.9609668377179291,0.16012313344660972,0.6836033102600382,0.0
0.3188392510628121,-1.0659601362230784,0.4617244579920171,0.6811607489371879,0.0
0.39166276618765183,-0.4477305726486376,-1.540692991969686,0.6083372338123482,0.0
0.22950581624744404,-1.0531794561288381,1.162468779266613,0.770494183752556,0.0
0.3217005455316311,-0.9965652727269901,0.19351654439448832,0.6782994544683689,0.0
0.29973325254638117,-1.00864176085825,0.42018709114680963,0.7002667474536188,0.0
0.32134514206290904,-0.9557153109759428,0.10303935191596203,0.678654857937091,0.0
0.3193669143188994,-1.0427459806774346,0.3861964517959024,0.6806330856811006,0.0
0.4048215285260358,-0.36663017528261543,-1.8228518830451643,0.5951784714739642,0.0
0.22950581624744404,-1.0531794561288381,1.162468779266613,0.770494183752556,0.0
0.3217005455316311,-0.9965652727269901,0.19351654439448832,0.6782994544683689,0.0
0.26976679249676117,-1.0820281412926611,0.8599355476721113,0.7302332075032388,0.0
0.33005290165781737,-0.9343904378576233,-0.024744304722616406,0.6699470983421827,0.0
0.31727423557097595,-1.0639656709584537,0.46667258942802603,0.6827257644290241,0.0
0.4048215285260358,-0.36663017528261543,-1.8228518830451643,0.5951784714739642,0.0
0.22950581624744404,-1.0531794561288381,1.162468779266613,0.770494183752556,0.0
0.32483492213831144,-0.9732330123450635,0.11161011113285807,0.6751650778616886,0.0
0.26976679249676117,-1.0820281412926611,0.8599355476721113,0.7302332075032388,0.0
0.33005290165781737,-0.9343904378576233,-0.024744304722616406,0.6699470983421827,0.0
0.31727423557097595,-1.0639656709584537,0.46667258942802603,0.6827257644290241,0.0
0.34351242212436073,-0.6913904266235573,-0.604980486019375,0.6564875778756393,0.0
0.22950581624744404,-1.0531794561288381,1.162468779266613,0.770494183752556,0.0
0.3253491766883157,-0.9728017398382226,0.10594123543693112,0.6746508233116844,0.0
0.2756683132235628,-1.0797843656617976,0.8110832131961171,0.7243316867764372,0.0
0.3195122300798182,-1.12469315467694,0.4296611133548256,0.6804877699201818,0.0
0.31727423557097595,-1.0639656709584537,0.46667258942802603,0.6827257644290241,0.0
0.34351242212436073,-0.6913904266235573,-0.604980486019375,0.6564875778756393,0.0
0.22950581624744404,-1.0531794561288381,1.162468779266613,0.770494183752556,0.0
0.32919312998602496,-0.9294045325311306,-0.06577945671568497,0.6708068700139751,0.0
0.24547831017793914,-1.2526160881568413,1.4412185054824893,0.7545216898220608,0.0
0.3195122300798182,-1.12469315467694,0.4296611133548256,0.6804877699201818,0.0
0.31727423557097595,-1.0639656709584537,0.46667258942802603,0.6827257644290241,0.0
0.38254339906548257,-0.4679458988040647,-1.4196473817413922,0.6174566009345175,0.0
0.22950581624744404,-1.0531794561288381,1.162468779266613,0.770494183752556,0.0
0.35035784705529116,-0.84769043287688,-0.44677753527577746,0.6496421529447088,0.0
0.24547831017793914,-1.2526160881568413,1.4412185054824893,0.7545216898220608,0.0
0.308412760493623,-1.1158741818034148,0.5200299665730723,0.691587239506377,0.0
0.31727423557097595,-1.0639656709584537,0.46667258942802603,0.6827257644290241,0.0
0.37410340270864406,-0.5450175883471696,-1.1757261663907221,0.6258965972913559,0.0
0.22950581624744404,-1.0531794561288381,1.162468779266613,0.770494183752556,0.0
0.3591496480355876,-0.790216391656172,-0.6895222460710356,0.6408503519644124,0.0
0.2730036630499655,-1.1207758897465308,0.9147861386274174,0.7269963369500345,0.0
0.32681213592779296,-0.9559822333019424,0.04506347693107249,0.6731878640722071,0.0
0.31727423557097595,-1.0639656709584537,0.46667258942802603,0.6827257644290241,0.0
0.35064022342958245,-0.7489143709521588,-0.5700412648630016,0.6493597765704175,0.0
0.22950581624744404,-1.0531794561288381,1.162468779266613,0.770494183752556,0.0
0.3591496480355876,-0.790216391656172,-0.6895222460710356,0.6408503519644124,0.0
0.2730036630499655,-1.1207758897465308,0.9147861386274174,0.7269963369500345,0.0
0.3235260363590726,-0.9728271612272861,0.11971120553489067,0.6764739636409274,0.0
0.31727423557097595,-1.0639656709584537,0.46667258942802603,0.6827257644290241,0.0
0.36221256036400495,-0.6483498975666068,-0.8687727229150757,0.637787439635995,0.0
0.22950581624744404,-1.0531794561288381,1.162468779266613,0.770494183752556,0.0
0.3591496480355876,-0.790216391656172,-0.6895222460710356,0.6408503519644124,0.0
0.2884560320290621,-1.0755254750623207,0.6716108792822345,0.7115439679709379,0.0
0.33702173534600377,-0.933306620626811,-0.09267176989308634,0.6629782646539962,0.0
0.31727423557097595,-1.0639656709584537,0.46667258942802603,0.6827257644290241,0.0
0.34247701620758725,-0.8308756923232214,-0.2822857977434292,0.6575229837924128,0.0
0.22950581624744404,-1.0531794561288381,1.162468779266613,0.770494183752556,0.0
0.3456323317162961,-0.8785822221691045,-0.3163043982139053,0.6543676682837039,0.0
0.3042568411366743,-1.029254695129955,0.4229521876728688,0.6957431588633257,0.0
0.33702173534600377,-0.933306620626811,-0.09267176989308634,0.6629782646539962,0.0
0.31727423557097595,-1.0639656709584537,0.46667258942802603,0.6827257644290241,0.0
0.34247701620758725,-0.8308756923232214,-0.2822857977434292,0.6575229837924128,0.0
0.21723613040038298,-1.0516715849781633,1.25973839775469,0.7827638695996171,0.0
0.3405490089008083,-0.8970935874420781,-0.225480583996977,0.6594509910991917,0.0
0.315833552890537,-0.9870970852920058,0.21611088411208618,0.6841664471094631,0.0
0.33702173534600377,-0.933306620626811,-0.09267176989308634,0.6629782646539962,0.0
0.31727423557097595,-1.0639656709584537,0.46667258942802603,0.6827257644290241,0.0
0.32991370151079424,-0.8530244360446092,-0.12760040795838234,0.6700862984892058,0.0
0.21723613040038298,-1.0516715849781633,1.25973839775469,0.7827638695996171,0.0
0.3405490089008083,-0.8970935874420781,-0.225480583996977,0.6594509910991917,0.0
0.3067640871756569,-1.0201243390732013,0.37815518053673314,0.693235912824343,0.0
0.33702173534600377,-0.933306620626811,-0.09267176989308634,0.6629782646539962,0.0
0.3212682482488625,-0.997309218023935,0.278885075541889,0.6787317517511375,0.0
0.3347129298127984,-0.7729296638858432,-0.35324695044312715,0.6652870701872016,0.0
0.21723613040038298,-1.0516715849781633,1.25973839775469,0.7827638695996171,0.0
0.33939290317844645,-0.9013036476915691,-0.20482442361640774,0.6606070968215536,0.0
0.30710537668844407,-1.019587488888776,0.37581930977543754,0.6928946233115559,0.0
0.33702173534600377,-0.933306620626811,-0.09267176989308634,0.6629782646539962,0.0
0.3212682482488625,-0.997309218023935,0.278885075541889,0.6787317517511375,0.0
0.3289445249377786,-0.8691991149539002,-0.08203238556051878,0.6710554750622214,0.0
0.21723613040038298,-1.0516715849781633,1.25973839775469,0.7827638695996171,0.0
0.33939290317844645,-0.9013036476915691,-0.20482442361640774,0.6606070968215536,0.0
0.2955171864737052,-1.0620402810389467,0.5842158876806637,0.7044828135262948,0.0
0.3416471678284774,-0.9700179261547552,-0.0987644369647855,0.6583528321715226,0.0
0.3212682482488625,-0.997309218023935,0.278885075541889,0.6787317517511375,0.0
0.33110774022267847,-0.8863682029359624,-0.08488179490445485,0.6688922597773215,0.0
0.21723613040038298,-1.0516715849781633,1.25973839775469,0.7827638695996171,0.0
0.33939290317844645,-0.9013036476915691,-0.20482442361640774,0.6606070968215536,0.0
0.2955171864737052,-1.0620402810389467,0.5842158876806637,0.7044828135262948,0.0
0.3416471678284774,-0.9700179261547552,-0.0987644369647855,0.6583528321715226,0.0
0.3056025480766579,-1.018288602827159,0.56919212592285,0.6943974519233421,0.0
0.33329427593261995,-0.8831940865045409,-0.1107008737086077,0.66670572406738,0.0
0.21723613040038298,-1.0516715849781633,1.25973839775469,0.7827638695996171,0.0
0.33033392081717816,-0.9326665807508603,0.002684560781176959,0.6696660791828218,0.0
0.26602655713088424,-1.2016562998464402,1.1267016357299595,0.7339734428691158,0.0
0.34020957340752345,-0.9652716242562698,-0.08587313237068371,0.6597904265924766,0.0
0.3056025480766579,-1.018288602827159,0.56919212592285,0.6943974519233421,0.0
0.33329427593261995,-0.8831940865045409,-0.1107008737086077,0.66670572406738,0.0
0.21723613040038298,-1.0516715849781633,1.25973839775469,0.7827638695996171,0.0
0.33033392081717816,-0.9326665807508603,0.002684560781176959,0.6696660791828218,0.0
0.24113159618449717,-1.317002284799255,1.4773985391354716,0.7588684038155028,0.0
0.32899840440375516,-1.0050717088934238,0.09101888136721548,0.6710015955962448,0.0
0.3196574007853479,-1.012978973791069,0.45935938182896674,0.6803425992146521,0.0
0.35916459420713764,-0.7569853445803459,-0.7458742505585977,0.6408354057928624,0.0
0.21723613040038298,-1.0516715849781633,1.25973839775469,0.7827638695996171,0.0
0.33041211787381786,-0.9284271211310001,-0.0024875837171372123,0.6695878821261821,0.0
0.2402620858873916,-1.3073474081077094,1.4694783028902394,0.7597379141126084,0.0
0.3276048398450494,-1.0806239218305962,0.1831926481953911,0.6723951601549506,0.0
0.3252209393163955,-0.9923514326225542,0.3885764200699813,0.6747790606836045,0.0
0.37697418586854586,-0.6105194874741942,-1.2399613408070496,0.6230258141314542,0.0
0.21723613040038298,-1.0516715849781633,1.25973839775469,0.7827638695996171,0.0
0.33444624140376433,-0.8787508161703489,-0.30638784103674666,0.6655537585962357,0.0
0.2402620858873916,-1.3073474081077094,1.4694783028902394,0.7597379141126084,0.0
0.30590088015574957,-1.0749304571238147,0.3948949111799588,0.6940991198442504,0.0
0.3252209393163955,-0.9923514326225542,0.3885764200699813,0.6747790606836045,0.0
0.389386678144735,-0.5322316854754366,-1.5124403896063643,0.610613321855265,0.0
0.21723613040038298,-1.0516715849781633,1.25973839775469,0.7827638695996171,0.0
0.3314675628802158,-0.9154303431152028,-0.08199680217562072,0.6685324371197843,0.0
0.2500292148202987,-1.4157997470754617,1.5584455857893325,0.7499707851797013,0.0
0.2942080921466231,-1.1552898168616412,0.6821552644430309,0.705791907853377,0.0
0.3252209393163955,-0.9923514326225542,0.3885764200699813,0.6747790606836045,0.0
0.389386678144735,-0.5322316854754366,-1.5124403896063643,0.610613321855265,0.0
0.21723613040038298,-1.0516715849781633,1.25973839775469,0.7827638695996171,0.0
0.3314675628802158,-0.9154303431152028,-0.08199680217562072,0.6685324371197843,0.0
0.2610911175621035,-1.3456639701316042,1.3146851069413872,0.7389088824378964,0.0
0.33491058270873864,-0.8888431424710441,-0.2563490005644087,0.6650894172912614,0.0
0.3275702092793034,-0.96342245951452,0.21160024644983277,0.6724297907206966,0.0
0.389386678144735,-0.5322316854754366,-1.5124403896063643,0.610613321855265,0.0
0.21723613040038298,-1.0516715849781633,1.25973839775469,0.7827638695996171,0.0
0.3314675628802158,-0.9154303431152028,-0.08199680217562072,0.6685324371197843,0.0
0.2610911175621035,-1.3456639701316042,1.3146851069413872,0.7389088824378964,0.0
0.3387572027606149,-0.8497608942513177,-0.5015712599125791,0.6612427972393851,0.0
0.32739032490432707,-0.9656375605154305,0.22515137036492344,0.6726096750956729,0.0
0.389386678144735,-0.5322316854754366,-1.5124403896063643,0.610613321855265,0.0
0.21723613040038298,-1.0516715849781633,1.25973839775469,0.7827638695996171,0.0
0.3130709843913668,-1.0371439457815406,0.3723483239516916,0.6869290156086332,0.0
0.2903947582910389,-1.159870110089744,0.6689490466270454,0.7096052417089611,0.0
0.34380060425822395,-0.7983472554700151,-0.8240128351830027,0.656199395741776,0.0
0.30699000301008394,-1.1082527128516686,0.7969177626032149,0.693009996989916,0.0
0.389386678144735,-0.5322316854754366,-1.5124403896063643,0.610613321855265,0.0
0.21723613040038298,-1.0516715849781633,1.25973839775469,0.7827638695996171,0.0
0.31852342369611575,-0.9733851193396799,-0.008336790793780358,0.6814765763038843,0.0
0.31158580336247804,-1.0164205126185362,0.07655280321173064,0.6884141966375219,0.0
0.3496361373438283,-0.7642814524538588,-0.9121393490144114,0.6503638626561716,0.0
0.30699000301008394,-1.1082527128516686,0.7969177626032149,0.693009996989916,0.0
0.389386678144735,-0.5322316854754366,-1.5124403896063643,0.610613321855265,0.0
0.21723613040038298,-1.0516715849781633,1.25973839775469,0.7827638695996171,0.0
0.31852342369611575,-0.9733851193396799,-0.008336790793780358,0.6814765763038843,0.0
0.2968518258451,-1.1140546423357691,0.4593974833569312,0.7031481741548999,0.0
0.3496361373438283,-0.7642814524538588,-0.9121393490144114,0.6503638626561716,0.0
0.30699000301008394,-1.1082527128516686,0.7969177626032149,0.693009996989916,0.0
0.389386678144735,-0.5322316854754366,-1.5124403896063643,0.610613321855265,0.0
0.21723613040038298,-1.0516715849781633,1.25973839775469,0.7827638695996171,0.0
0.3201379072344159,-0.9545059406898483,-0.12105878854204433,0.6798620927655841,0.0
0.2968518258451,-1.1140546423357691,0.4593974833569312,0.7031481741548999,0.0
0.375135719292411,-0.5586092742013282,-1.934043035089382,0.624864280707589,0.0
0.31279993406527073,-1.067636481068957,0.6340809536646854,0.6872000659347293,0.0
0.389386678144735,-0.5322316854754366,-1.5124403896063643,0.610613321855265,0.0
0.21723613040038298,-1.0516715849781633,1.25973839775469,0.7827638695996171,0.0
0.3334702447985594,-0.8631570738409922,-0.453396326524376,0.6665297552014406,0.0
0.3009944371694769,-1.0856708087839686,0.35613387772607696,0.6990055628305232,0.0
0.37874023958790354,-0.5467967745153172,-1.885027621810056,0.6212597604120964,0.0
0.31279993406527073,-1.067636481068957,0.6340809536646854,0.6872000659347293,0.0
0.3948595927815978,-0.4939714776852998,-1.6658315308427314,0.6051404072184021,0.0
0.21723613040038298,-1.0516715849781633,1.25973839775469,0.7827638695996171,0.0
0.3340323171139316,-0.8575968181027238,-0.4829672836656329,0.6659676828860683,0.0
0.3009944371694769,-1.0856708087839686,0.35613387772607696,0.6990055628305232,0.0
0.37874023958790354,-0.5467967745153172,-1.885027621810056,0.6212597604120964,0.0
0.31279993406527073,-1.067636481068957,0.6340809536646854,0.6872000659347293,0.0
0.3948595927815978,-0.4939714776852998,-1.6658315308427314,0.6051404072184021,0.0
0.21723613040038298,-1.0516715849781633,1.25973839775469,0.7827638695996171,0.0
0.30465863182090785,-1.0617964803596645,0.43820455469167596,0.6953413681790921,0.0
0.3105372215053229,-1.0895444217171837,0.2531840523039788,0.6894627784946771,0.0
0.37874023958790354,-0.5467967745153172,-1.885027621810056,0.6212597604120964,0.0
0.31279993406527073,-1.067636481068957,0.6340809536646854,0.6872000659347293,0.0
0.3786355524259375,-0.6073909618888658,-1.2111151263774624,0.6213644475740625,0.0
0.21723613040038298,-1.0516715849781633,1.25973839775469,0.7827638695996171,0.0
0.30314485241783234,-1.0723199553596825,0.4856773502121512,0.6968551475821676,0.0
0.31523364475842697,-1.1117123368146953,0.10537060786198382,0.684766355241573,0.0
0.37874023958790354,-0.5467967745153172,-1.885027621810056,0.6212597604120964,0.0
0.3216831555127326,-1.0055354031284263,0.3851080450606126,0.6783168444872674,0.0
0.3786355524259375,-0.6073909618888658,-1.2111151263774624,0.6213644475740625,0.0
0.21723613040038298,-1.0516715849781633,1.25973839775469,0.7827638695996171,0.0
0.3142324142269167,-1.0749848778202384,0.3857753902355,0.6857675857730833,0.0
0.3128451070471567,-1.151034328797947,0.001771522062029518,0.6871548929528433,0.0
0.37874023958790354,-0.5467967745153172,-1.885027621810056,0.6212597604120964,0.0
0.3216831555127326,-1.0055354031284263,0.3851080450606126,0.6783168444872674,0.0
0.3786355524259375,-0.6073909618888658,-1.2111151263774624,0.6213644475740625,0.0
0.21723613040038298,-1.0516715849781633,1.25973839775469,0.7827638695996171,0.0
0.3142324142269167,-1.0749848778202384,0.3857753902355,0.6857675857730833,0.0
0.3193376710392158,-1.0914995674836812,-0.18413240906940676,0.6806623289607843,0.0
0.37874023958790354,-0.5467967745153172,-1.885027621810056,0.6212597604120964,0.0
0.3216831555127326,-1.0055354031284263,0.3851080450606126,0.6783168444872674,0.0
0.3786355524259375,-0.6073909618888658,-1.2111151263774624,0.6213644475740625,0.0
0.21723613040038298,-1.0516715849781633,1.25973839775469,0.7827638695996171,0.0
0.3142324142269167,-1.0749848778202384,0.3857753902355,0.6857675857730833,0.0
0.3193376710392158,-1.0914995674836812,-0.18413240906940676,0.6806623289607843,0.0
0.37874023958790354,-0.5467967745153172,-1.885027621810056,0.6212597604120964,0.0
0.3216831555127326,-1.0055354031284263,0.3851080450606126,0.6783168444872674,0.0
0.3786355524259375,-0.6073909618888658,-1.2111151263774624,0.6213644475740625,0.0
0.21723613040038298,-1.0516715849781633,1.25973839775469,0.7827638695996171,0.0
0.3142324142269167,-1.0749848778202384,0.3857753902355,0.6857675857730833,0.0
0.30803442582860563,-1.1951467562543026,0.13951749592422447,0.6919655741713944,0.0
0.37874023958790354,-0.5467967745153172,-1.885027621810056,0.6212597604120964,0.0
0.3216831555127326,-1.0055354031284263,0.3851080450606126,0.6783168444872674,0.0
0.37864964232717474,-0.5992355577341434,-1.3018173703284974,0.6213503576728252,0.0
0.21723613040038298,-1.0516715849781633,1.25973839775469,0.7827638695996171,0.0
0.31374913095570994,-1.09299933091196,0.3323742775720576,0.6862508690442901,0.0
0.31277588155790675,-1.1292773414863646,0.22483362007746072,0.6872241184420933,0.0
0.37874023958790354,-0.5467967745153172,-1.885027621810056,0.6212597604120964,0.0
0.323643259260576,-0.9783051822582798,0.42037747796300223,0.676356740739424,0.0
0.37021212054971586,-0.667126612399098,-1.1062743980174512,0.6297878794502841,0.0
0.21723613040038298,-1.0516715849781633,1.25973839775469,0.7827638695996171,0.0
0.2823313582385004,-1.3299682263407218,1.1328833798103142,0.7176686417614996,0.0
0.3141937485430963,-1.1095800008666767,0.25034623110821574,0.6858062514569037,0.0
0.37874023958790354,-0.5467967745153172,-1.885027621810056,0.6212597604120964,0.0
0.323643259260576,-0.9783051822582798,0.42037747796300223,0.676356740739424,0.0
0.37021212054971586,-0.667126612399098,-1.1062743980174512,0.6297878794502841,0.0
0.21723613040038298,-1.0516715849781633,1.25973839775469,0.7827638695996171,0.0
0.26151661941559534,-1.5071514165389255,1.4918749509995775,0.7384833805844047,0.0
0.33907352928582596,-0.9130704826562877,-0.3521779514889176,0.660926470714174,0.0
0.37874023958790354,-0.5467967745153172,-1.885027621810056,0.6212597604120964,0.0
0.3620466902593543,-0.6514001714957932,-0.24196607343139975,0.6379533097406457,0.0
0.37021212054971586,-0.667126612399098,-1.1062743980174512,0.6297878794502841,0.0
0.22677192441737123,-1.0450967726361873,1.1845181289364264,0.7732280755826287,0.0
0.26151661941559534,-1.5071514165389255,1.4918749509995775,0.7384833805844047,0.0
0.2836085108789198,-1.3511532840031801,0.9910418792614684,0.7163914891210802,0.0
0.37874023958790354,-0.5467967745153172,-1.885027621810056,0.6212597604120964,0.0
0.38944872500561944,-0.4181433444188898,-0.7145686648470315,0.6105512749943806,0.0
0.3969342391097125,-0.4560656429281224,-1.7534152554516782,0.6030657608902875,0.0
0.22677192441737123,-1.0450967726361873,1.1845181289364264,0.7732280755826287,0.0
0.2951404828415117,-1.2209319525677187,0.9119645488839379,0.7048595171584884,0.0
0.26567717559189324,-1.2545957272644064,1.0520815672333208,0.7343228244081068,0.0
0.37874023958790354,-0.5467967745153172,-1.885027621810056,0.6212597604120964,0.0
0.3905953888634109,-0.41908519741856576,-0.8030091077453,0.6094046111365892,0.0
0.4024046940756633,-0.42878518880023525,-1.7138428941210813,0.5975953059243366,0.0
0.22677192441737123,-1.0450967726361873,1.1845181289364264,0.7732280755826287,0.0
0.2801388947365787,-1.3317187595741538,1.2792005659077303,0.7198611052634213,0.0
0.26567717559189324,-1.2545957272644064,1.0520815672333208,0.7343228244081068,0.0
0.37874023958790354,-0.5467967745153172,-1.885027621810056,0.6212597604120964,0.0
0.39206704344194493,-0.42029399306505005,-0.9165155916502723,0.6079329565580551,0.0
0.41826750955662323,-0.3496793716861284,-1.5990939253716376,0.5817324904433767,0.0
0.22677192441737123,-1.0450967726361873,1.1845181289364264,0.7732280755826287,0.0
0.27570598084909387,-1.3080784331682536,1.209582358468995,0.7242940191509062,0.0
0.26567717559189324,-1.2545957272644064,1.0520815672333208,0.7343228244081068,0.0
0.3509125785399864,-0.6380429229793894,-1.3229480947257775,0.6490874214600135,0.0
0.39206704344194493,-0.42029399306505005,-0.9165155916502723,0.6079329565580551,0.0
0.4111952583704578,-0.3687402669244739,-1.4148466143053913,0.5888047416295422,0.0
0.22677192441737123,-1.0450967726361873,1.1845181289364264,0.7732280755826287,0.0
0.30438915759909313,-1.052532409845748,0.24369610853778534,0.6956108424009069,0.0
0.26567717559189324,-1.2545957272644064,1.0520815672333208,0.7343228244081068,0.0
0.3509125785399864,-0.6380429229793894,-1.3229480947257775,0.6490874214600135,0.0
0.33443969539330287,-0.8006931281549938,-0.018935464601295804,0.6655603046066971,0.0
0.4111952583704578,-0.3687402669244739,-1.4148466143053913,0.5888047416295422,0.0
0.22677192441737123,-1.0450967726361873,1.1845181289364264,0.7732280755826287,0.0
0.29900808322803835,-1.1004738275175452,0.4249000870984645,0.7009919167719616,0.0
0.2828026319670446,-1.1503428485082563,0.7617583981337086,0.7171973680329554,0.0
0.3696282588807109,-0.4712999667673493,-1.953185758314211,0.6303717411192891,0.0
0.33443969539330287,-0.8006931281549938,-0.018935464601295804,0.6655603046066971,0.0
0.4111952583704578,-0.3687402669244739,-1.4148466143053913,0.5888047416295422,0.0
0.22677192441737123,-1.0450967726361873,1.1845181289364264,0.7732280755826287,0.0
0.29900808322803835,-1.1004738275175452,0.4249000870984645,0.7009919167719616,0.0
0.3307734736900391,-0.858315691016891,-0.051478136315881384,0.6692265263099608,0.0
0.3696282588807109,-0.4712999667673493,-1.953185758314211,0.6303717411192891,0.0
0.33443969539330287,-0.8006931281549938,-0.018935464601295804,0.6655603046066971,0.0
0.4145633728462105,-0.3604300012351055,-1.371225763965985,0.5854366271537895,0.0
0.22677192441737123,-1.0450967726361873,1.1845181289364264,0.7732280755826287,0.0
0.29900808322803835,-1.1004738275175452,0.4249000870984645,0.7009919167719616,0.0
0.3307734736900391,-0.858315691016891,-0.051478136315881384,0.6692265263099608,0.0
0.3696282588807109,-0.4712999667673493,-1.953185758314211,0.6303717411192891,0.0
0.33443969539330287,-0.8006931281549938,-0.018935464601295804,0.6655603046066971,0.0
0.38723298825299235,-0.5228291391053372,-0.9407537071559255,0.6127670117470077,0.0
0.22677192441737123,-1.0450967726361873,1.1845181289364264,0.7732280755826287,0.0
0.29900808322803835,-1.1004738275175452,0.4249000870984645,0.7009919167719616,0.0
0.29385518193376825,-1.077686872289906,0.5300099482015743,0.7061448180662317,0.0
0.3696282588807109,-0.4712999667673493,-1.953185758314211,0.6303717411192891,0.0
0.33335964311943544,-0.8031448247915147,-0.006863209567011808,0.6666403568805646,0.0
0.38723298825299235,-0.5228291391053372,-0.9407537071559255,0.6127670117470077,0.0
0.22677192441737123,-1.0450967726361873,1.1845181289364264,0.7732280755826287,0.0
0.2974955495251338,-1.0937851611138814,0.45575303737772777,0.7025044504748662,0.0
0.2986834258319829,-1.0800325089751373,0.4829024396076127,0.7013165741680172,0.0
0.3602285114588666,-0.552417169392467,-1.6392724665984422,0.6397714885411334,0.0
0.360552957105329,-0.5827719356287567,-0.3576337880863245,0.639447042894671,0.0
0.3766418818073446,-0.5779371569595653,-0.7571576515550971,0.6233581181926554,0.0
0.22677192441737123,-1.0450967726361873,1.1845181289364264,0.7732280755826287,0.0
0.2974955495251338,-1.0937851611138814,0.45575303737772777,0.7025044504748662,0.0
0.2986834258319829,-1.0800325089751373,0.4829024396076127,0.7013165741680172,0.0
0.3602285114588666,-0.552417169392467,-1.6392724665984422,0.6397714885411334,0.0
0.35622678932216545,-0.5840719643195966,-0.25020539875915604,0.6437732106778346,0.0
0.35970231678249676,-0.6870372764748836,-0.48770543772971964,0.6402976832175032,0.0
0.22677192441737123,-1.0450967726361873,1.1845181289364264,0.7732280755826287,0.0
0.2974955495251338,-1.0937851611138814,0.45575303737772777,0.7025044504748662,0.0
0.2986834258319829,-1.0800325089751373,0.4829024396076127,0.7013165741680172,0.0
0.3602285114588666,-0.552417169392467,-1.6392724665984422,0.6397714885411334,0.0
0.3297772626009104,-0.812037812732211,0.08676404800861137,0.6702227373990897,0.0
0.3725068474697465,-0.6335512178459741,-0.7335132519575461,0.6274931525302535,0.0
0.22677192441737123,-1.0450967726361873,1.1845181289364264,0.7732280755826287,0.0
0.29780829149671123,-1.0901643872003932,0.46290088394354223,0.7021917085032887,0.0
0.2986671135834099,-1.0802213642279366,0.4825296164481413,0.7013328864165901,0.0
0.3602285114588666,-0.552417169392467,-1.6392724665984422,0.6397714885411334,0.0
0.3297772626009104,-0.812037812732211,0.08676404800861137,0.6702227373990897,0.0
0.3598114076465093,-0.6865815908671118,-0.48979964855947267,0.6401885923534907,0.0
0.22677192441737123,-1.0450967726361873,1.1845181289364264,0.7732280755826287,0.0
0.297779800837584,-1.0903498349745369,0.46333865333010515,0.702220199162416,0.0
0.2986671135834099,-1.0802213642279366,0.4825296164481413,0.7013328864165901,0.0
0.36002757372745026,-0.6170502264137957,-1.085519531385133,0.6399724262725497,0.0
0.3366377063157882,-0.7678167349574523,-0.17909720150595543,0.6633622936842118,0.0
0.3569338898755076,-0.7053115634980656,-0.4455855367058522,0.6430661101244923,0.0
0.22677192441737123,-1.0450967726361873,1.1845181289364264,0.7732280755826287,0.0
0.29755255449820983,-1.092943799629559,0.4584237277436606,0.7024474455017902,0.0
0.2986671135834099,-1.0802213642279366,0.4825296164481413,0.7013328864165901,0.0
0.3603022704853508,-0.6092132578335082,-1.142341043220729,0.6396977295146492,0.0
0.3527198708933633,-0.727228454211872,-0.3787033553578929,0.6472801291066367,0.0
0.3569338898755076,-0.7053115634980656,-0.4455855367058522,0.6430661101244923,0.0
0.22677192441737123,-1.0450967726361873,1.1845181289364264,0.7732280755826287,0.0
0.2926199557926575,-1.1256429983088405,0.5332726099497974,0.7073800442073426,0.0
0.29720094531012514,-1.0795050637021117,0.4968453627054288,0.7027990546898748,0.0
0.3603022704853508,-0.6092132578335082,-1.142341043220729,0.6396977295146492,0.0
0.3527198708933633,-0.727228454211872,-0.3787033553578929,0.6472801291066367,0.0
0.3569338898755076,-0.7053115634980656,-0.4455855367058522,0.6430661101244923,0.0
0.22677192441737123,-1.0450967726361873,1.1845181289364264,0.7732280755826287,0.0
0.29239839911973275,-1.1270910085347798,0.5366447027525627,0.7076016008802672,0.0
0.29720094531012514,-1.0795050637021117,0.4968453627054288,0.7027990546898748,0.0
0.3603022704853508,-0.6092132578335082,-1.142341043220729,0.6396977295146492,0.0
0.358060120012797,-0.693343705293112,-0.462920551954194,0.6419398799872029,0.0
0.3569338898755076,-0.7053115634980656,-0.4455855367058522,0.6430661101244923,0.0
0.22677192441737123,-1.0450967726361873,1.1845181289364264,0.7732280755826287,0.0
0.29239839911973275,-1.1270910085347798,0.5366447027525627,0.7076016008802672,0.0
0.2771074494479582,-1.242209660680349,1.1299367348615639,0.7228925505520418,0.0
0.36229243632679636,-0.5524347676606592,-1.5540103791778557,0.6377075636732037,0.0
0.358060120012797,-0.693343705293112,-0.462920551954194,0.6419398799872029,0.0
0.3559297731567209,-0.7339585385705621,-0.237882211566812,0.6440702268432791,0.0
0.22677192441737123,-1.0450967726361873,1.1845181289364264,0.7732280755826287,0.0
0.29239839911973275,-1.1270910085347798,0.5366447027525627,0.7076016008802672,0.0
0.29533423661454045,-1.1186305016232887,0.7712991438968916,0.7046657633854596,0.0
0.36229243632679636,-0.5524347676606592,-1.5540103791778557,0.6377075636732037,0.0
0.358060120012797,-0.693343705293112,-0.462920551954194,0.6419398799872029,0.0
0.35828436878791636,-0.7193882886697825,-0.2665876774306216,0.6417156312120836,0.0
0.22677192441737123,-1.0450967726361873,1.1845181289364264,0.7732280755826287,0.0
0.29334060176100524,-1.1243757656193905,0.6119526973617745,0.7066593982389948,0.0
0.29533423661454045,-1.1186305016232887,0.7712991438968916,0.7046657633854596,0.0
0.36229243632679636,-0.5524347676606592,-1.5540103791778557,0.6377075636732037,0.0
0.3637784022294561,-0.6655090849923699,-0.49579445280082635,0.6362215977705439,0.0
0.37668744728082226,-0.602672317964128,-0.5700074158838649,0.6233125527191777,0.0
0.22677192441737123,-1.0450967726361873,1.1845181289364264,0.7732280755826287,0.0
0.3056379307974255,-1.1390210898363322,0.5061818485493964,0.6943620692025745,0.0
0.29533423661454045,-1.1186305016232887,0.7712991438968916,0.7046657633854596,0.0
0.3629050421882025,-0.6059083131042003,-1.056944975811141,0.6370949578117975,0.0
0.3635979082856223,-0.666387667091477,-0.4947568090140741,0.6364020917143778,0.0
0.37668744728082226,-0.602672317964128,-0.5700074158838649,0.6233125527191777,0.0
0.22677192441737123,-1.0450967726361873,1.1845181289364264,0.7732280755826287,0.0
0.30752748973843563,-1.1427604494860404,0.4575629020872244,0.6924725102615643,0.0
0.2922988134967226,-1.1153749815897036,0.7895933702687091,0.7077011865032774,0.0
0.3625433004568978,-0.5743323617031688,-1.3504604494842505,0.6374566995431021,0.0
0.36344671979570053,-0.6531906262276934,-0.617430411181142,0.6365532802042995,0.0
0.37668744728082226,-0.602672317964128,-0.5700074158838649,0.6233125527191777,0.0
0.22677192441737123,-1.0450967726361873,1.1845181289364264,0.7732280755826287,0.0
0.3125620449178658,-1.088600737822444,0.2768191402416291,0.6874379550821341,0.0
0.2846587501774372,-1.161792142745401,0.9126838343438964,0.7153412498225629,0.0
0.36070885706407146,-0.5706567744681743,-1.4516823138159922,0.6392911429359285,0.0
0.36344671979570053,-0.6531906262276934,-0.617430411181142,0.6365532802042995,0.0
0.3921273265457999,-0.5088674194814267,-0.8187621479544264,0.6078726734542002,0.0
0.22677192441737123,-1.0450967726361873,1.1845181289364264,0.7732280755826287,0.0
0.3403007540070824,-0.8864892950202123,-0.10513150475162703,0.6596992459929176,0.0
0.2846587501774372,-1.161792142745401,0.9126838343438964,0.7153412498225629,0.0
0.33858414032755185,-0.8086655431443907,-0.6573907845334885,0.6614158596724482,0.0
0.35140550753510996,-0.7137830112390346,-0.532903671617933,0.6485944924648901,0.0
0.3921273265457999,-0.5088674194814267,-0.8187621479544264,0.6078726734542002,0.0
0.22677192441737123,-1.0450967726361873,1.1845181289364264,0.7732280755826287,0.0
0.34015023081607176,-0.879665232268964,-0.15355697755848985,0.6598497691839282,0.0
0.2846587501774372,-1.161792142745401,0.9126838343438964,0.7153412498225629,0.0
0.3390927262055238,-0.8317226011457326,-0.4937714017770814,0.6609072737944762,0.0
0.3692194005209913,-0.6241420150509637,-0.6579533975456624,0.6307805994790088,0.0
0.3921273265457999,-0.5088674194814267,-0.8187621479544264,0.6078726734542002,0.0
0.22677192441737123,-1.0450967726361873,1.1845181289364264,0.7732280755826287,0.0
0.34015023081607176,-0.879665232268964,-0.15355697755848985,0.6598497691839282,0.0
0.2846587501774372,-1.161792142745401,0.9126838343438964,0.7153412498225629,0.0
0.3429594079416298,-0.8082763280406813,-0.5936780257457898,0.6570405920583702,0.0
0.37164475671619907,-0.6071354871393398,-0.6638898299617411,0.6283552432838009,0.0
0.3835357476217546,-0.5521009616493435,-0.7584510980008963,0.6164642523782454,0.0
0.22677192441737123,-1.0450967726361873,1.1845181289364264,0.7732280755826287,0.0
0.34015023081607176,-0.879665232268964,-0.15355697755848985,0.6598497691839282,0.0
0.28766312786482984,-1.143266675467568,0.8619063973956662,0.7123368721351702,0.0
0.3429594079416298,-0.8082763280406813,-0.5936780257457898,0.6570405920583702,0.0
0.37164475671619907,-0.6071354871393398,-0.6638898299617411,0.6283552432838009,0.0
0.3835357476217546,-0.5521009616493435,-0.7584510980008963,0.6164642523782454,0.0
0.22677192441737123,-1.0450967726361873,1.1845181289364264,0.7732280755826287,0.0
0.3296005945412348,-0.9326477592308864,0.050545909700050684,0.6703994054587652,0.0
0.28000716173116114,-1.1893284574128389,0.9846319809663859,0.7199928382688389,0.0
0.3429594079416298,-0.8082763280406813,-0.5936780257457898,0.6570405920583702,0.0
0.37164475671619907,-0.6071354871393398,-0.6638898299617411,0.6283552432838009,0.0
0.39387454177623277,-0.5042503968856769,-0.8406687611887895,0.6061254582237672,0.0
0.22677192441737123,-1.0450967726361873,1.1845181289364264,0.7732280755826287,0.0
0.3296005945412348,-0.9326477592308864,0.050545909700050684,0.6703994054587652,0.0
0.28724153269581415,-1.1518855282809561,0.8483735134726142,0.7127584673041858,0.0
0.3536059200557225,-0.7336232911846886,-0.6197370020549825,0.6463940799442776,0.0
0.36863804237212283,-0.6210513246439243,-0.6399793986725764,0.6313619576278772,0.0
0.39387454177623277,-0.5042503968856769,-0.8406687611887895,0.6061254582237672,0.0
0.22677192441737123,-1.0450967726361873,1.1845181289364264,0.7732280755826287,0.0
0.3296005945412348,-0.9326477592308864,0.050545909700050684,0.6703994054587652,0.0
0.30257282512728345,-1.1789604455459044,0.7631483640850217,0.6974271748727165,0.0
0.3536059200557225,-0.7336232911846886,-0.6197370020549825,0.6463940799442776,0.0
0.36863804237212283,-0.6210513246439243,-0.6399793986725764,0.6313619576278772,0.0
0.39387454177623277,-0.5042503968856769,-0.8406687611887895,0.6061254582237672,0.0
0.22677192441737123,-1.0450967726361873,1.1845181289364264,0.7732280755826287,0.0
0.35491182032827745,-0.7639439090495983,-0.3004164433217249,0.6450881796717225,0.0
0.30257282512728345,-1.1789604455459044,0.7631483640850217,0.6974271748727165,0.0
0.3604277113752465,-0.6947658892571198,-0.657164415566345,0.6395722886247535,0.0
0.36863804237212283,-0.6210513246439243,-0.6399793986725764,0.6313619576278772,0.0
0.39387454177623277,-0.5042503968856769,-0.8406687611887895,0.6061254582237672,0.0
0.22677192441737123,-1.0450967726361873,1.1845181289364264,0.7732280755826287,0.0
0.35475671718038904,-0.7658891484575445,-0.2903849301850828,0.645243282819611,0.0
0.3032372343449022,-1.173701190888549,0.7497346993650938,0.6967627656550979,0.0
0.3554147576590409,-0.7397735388581874,-0.6676570125558511,0.644585242340959,0.0
0.36863804237212283,-0.6210513246439243,-0.6399793986725764,0.6313619576278772,0.0
0.3814501773027966,-0.5444632469455326,-0.6900926634146629,0.6185498226972034,0.0
0.22426229120646793,-1.0525982011277542,1.2167937677888192,0.7757377087935321,0.0
0.32869523929915256,-0.982072670868114,0.09985950424765799,0.6713047607008474,0.0
0.3315978453251052,-0.9340483740869349,0.14709473057837985,0.6684021546748948,0.0
0.3546086288796243,-0.7470111803149655,-0.6693443180613292,0.6453913711203757,0.0
0.36863804237212283,-0.6210513246439243,-0.6399793986725764,0.6313619576278772,0.0
0.3814501773027966,-0.5444632469455326,-0.6900926634146629,0.6185498226972034,0.0
0.22927131822640293,-1.0602792215096672,1.187170302412729,0.7707286817735971,0.0
0.30166906779696073,-1.2263475857052706,0.6004506379692307,0.6983309322030393,0.0
0.3174026349015361,-1.0540007321470157,0.44873143271261906,0.6825973650984639,0.0
0.34205395559584323,-0.841749497481608,-0.6596396358655255,0.6579460444041567,0.0
0.36863804237212283,-0.6210513246439243,-0.6399793986725764,0.6313619576278772,0.0
0.35988971098830436,-0.715989981208508,-0.306727780983185,0.6401102890116956,0.0
0.22927131822640293,-1.0602792215096672,1.187170302412729,0.7707286817735971,0.0
0.30166906779696073,-1.2263475857052706,0.6004506379692307,0.6983309322030393,0.0
0.3174026349015361,-1.0540007321470157,0.44873143271261906,0.6825973650984639,0.0
0.34205395559584323,-0.841749497481608,-0.6596396358655255,0.6579460444041567,0.0
0.4093428575229092,-0.27708752163966555,-1.5049236888030721,0.5906571424770908,0.0
0.34595261679928657,-0.8381614587817826,-0.08956372407589375,0.6540473832007134,0.0
0.22927131822640293,-1.0602792215096672,1.187170302412729,0.7707286817735971,0.0
0.30166906779696073,-1.2263475857052706,0.6004506379692307,0.6983309322030393,0.0
0.3174026349015361,-1.0540007321470157,0.44873143271261906,0.6825973650984639,0.0
0.34017041546191623,-0.843482968163091,-0.9350574788656889,0.6598295845380837,0.0
0.4093428575229092,-0.27708752163966555,-1.5049236888030721,0.5906571424770908,0.0
0.34683386551363804,-0.8304365014785088,-0.10329510476095094,0.653166134486362,0.0
0.22927131822640293,-1.0602792215096672,1.187170302412729,0.7707286817735971,0.0
0.30166906779696073,-1.2263475857052706,0.6004506379692307,0.6983309322030393,0.0
0.31099848205691205,-1.0869807216410283,0.5231236152650498,0.689001517943088,0.0
0.335680717868852,-0.8881293625388702,-0.7559996662333446,0.664319282131148,0.0
0.4093428575229092,-0.27708752163966555,-1.5049236888030721,0.5906571424770908,0.0
0.32738774384940034,-1.002579600236716,0.33274200121755704,0.6726122561505996,0.0
0.22927131822640293,-1.0602792215096672,1.187170302412729,0.7707286817735971,0.0
0.3306788882055828,-0.9705948714216025,0.03321388269164505,0.6693211117944172,0.0
0.2995077079479518,-1.1549347823574547,0.8091665977246545,0.7004922920520482,0.0
0.32444472499479976,-0.9813341187723268,-0.641763166719221,0.6755552750052003,0.0
0.37415840996025984,-0.588551161336458,-0.7159887558861218,0.6258415900397402,0.0
0.32738774384940034,-1.002579600236716,0.33274200121755704,0.6726122561505996,0.0
0.22927131822640293,-1.0602792215096672,1.187170302412729,0.7707286817735971,0.0
0.33043695255849503,-0.9720256287836193,0.03923645292059974,0.669563047441505,0.0
0.2995077079479518,-1.1549347823574547,0.8091665977246545,0.7004922920520482,0.0
0.32444472499479976,-0.9813341187723268,-0.641763166719221,0.6755552750052003,0.0
0.37415840996025984,-0.588551161336458,-0.7159887558861218,0.6258415900397402,0.0
0.32738774384940034,-1.002579600236716,0.33274200121755704,0.6726122561505996,0.0
0.22927131822640293,-1.0602792215096672,1.187170302412729,0.7707286817735971,0.0
0.33043695255849503,-0.9720256287836193,0.03923645292059974,0.669563047441505,0.0
0.2995077079479518,-1.1549347823574547,0.8091665977246545,0.7004922920520482,0.0
0.32444472499479976,-0.9813341187723268,-0.641763166719221,0.6755552750052003,0.0
0.37415840996025984,-0.588551161336458,-0.7159887558861218,0.6258415900397402,0.0
0.32738774384940034,-1.002579600236716,0.33274200121755704,0.6726122561505996,0.0
0.22927131822640293,-1.0602792215096672,1.187170302412729,0.7707286817735971,0.0
0.3310847363272822,-0.971019343781505,0.11285523582958024,0.6689152636727178,0.0
0.2995077079479518,-1.1549347823574547,0.8091665977246545,0.7004922920520482,0.0
0.32444472499479976,-0.9813341187723268,-0.641763166719221,0.6755552750052003,0.0
0.37415840996025984,-0.588551161336458,-0.7159887558861218,0.6258415900397402,0.0
0.32738774384940034,-1.002579600236716,0.33274200121755704,0.6726122561505996,0.0
0.22927131822640293,-1.0602792215096672,1.187170302412729,0.7707286817735971,0.0
0.3262484972754658,-0.975283520123793,0.16404111688552714,0.6737515027245342,0.0
0.3072668512293949,-1.1125336286457497,0.6765754231591214,0.6927331487706051,0.0
0.3397290862095508,-0.8605738773092557,-0.6645836580385195,0.6602709137904492,0.0
0.369927500552399,-0.6219791623188318,-0.7096717479288874,0.630072499447601,0.0
0.32738774384940034,-1.002579600236716,0.33274200121755704,0.6726122561505996,0.0
0.23100939075512322,-1.0592571079744941,1.1720346271306443,0.7689906092448768,0.0
0.31201384370899427,-1.090422711945375,0.4487774664846611,0.6879861562910057,0.0
0.3213302520515059,-1.0033787606506588,0.09555388423469369,0.6786697479484941,0.0
0.3397290862095508,-0.8605738773092557,-0.6645836580385195,0.6602709137904492,0.0
0.369927500552399,-0.6219791623188318,-0.7096717479288874,0.630072499447601,0.0
0.32496027606852107,-1.0158449094047315,0.37422348862049476,0.6750397239314789,0.0
0.23100939075512322,-1.0592571079744941,1.1720346271306443,0.7689906092448768,0.0
0.31201384370899427,-1.090422711945375,0.4487774664846611,0.6879861562910057,0.0
0.32455698966914787,-0.9732310919670923,-0.02678508786503575,0.6754430103308522,0.0
0.31226554627316844,-1.0775606173862595,-0.623578903838484,0.6877344537268315,0.0
0.369927500552399,-0.6219791623188318,-0.7096717479288874,0.630072499447601,0.0
0.32512117938559926,-1.0328469818518515,0.5342179993047543,0.6748788206144007,0.0
0.21554298801570188,-1.1079413063590442,1.3815337966520116,0.7844570119842982,0.0
0.30709713258538945,-1.0913155605409908,0.49631610798616355,0.6929028674146105,0.0
0.3244097154923753,-0.9576691615572909,-0.17322743769988946,0.6755902845076247,0.0
0.3127949035377548,-1.076151813926864,-0.7382803569139613,0.6872050964622451,0.0
0.369927500552399,-0.6219791623188318,-0.7096717479288874,0.630072499447601,0.0
0.3248718878212966,-1.006505242516116,0.286334471652381,0.6751281121787034,0.0
0.21554298801570188,-1.1079413063590442,1.3815337966520116,0.7844570119842982,0.0
0.30709713258538945,-1.0913155605409908,0.49631610798616355,0.6929028674146105,0.0
0.3244097154923753,-0.9576691615572909,-0.17322743769988946,0.6755902845076247,0.0
0.3127949035377548,-1.076151813926864,-0.7382803569139613,0.6872050964622451,0.0
0.3469890088780596,-0.7933273401416367,-0.26938238965571704,0.6530109911219404,0.0
0.3234107311819546,-1.0149315638422853,0.16236952110026337,0.6765892688180454,0.0
0.21554298801570188,-1.1079413063590442,1.3815337966520116,0.7844570119842982,0.0
0.3063898767538374,-1.0931978138485876,0.6495647304236265,0.6936101232461627,0.0
0.3288234721818122,-0.912644446433049,0.04149890585273286,0.6711765278181878,0.0
0.3127949035377548,-1.076151813926864,-0.7382803569139613,0.6872050964622451,0.0
0.35441887870156524,-0.7384493546532144,-0.4375548879245015,0.6455811212984348,0.0
0.3355965553136793,-0.9588980220448248,-0.18643054435508888,0.6644034446863207,0.0
0.21554298801570188,-1.1079413063590442,1.3815337966520116,0.7844570119842982,0.0
0.3063898767538374,-1.0931978138485876,0.6495647304236265,0.6936101232461627,0.0
0.30833571888881317,-1.06732105937409,0.4082585218093187,0.6916642811111868,0.0
0.3127949035377548,-1.076151813926864,-0.7382803569139613,0.6872050964622451,0.0
0.35899386917408066,-0.6848666734819597,-0.4985936585146498,0.6410061308259194,0.0
0.34486681841841754,-0.8503239047217512,-0.3101128703314575,0.6551331815815824,0.0
0.25412613989127686,-1.1016796674784102,1.0706626810553215,0.7458738601087231,0.0
0.3063898767538374,-1.0931978138485876,0.6495647304236265,0.6936101232461627,0.0
0.30964522225171837,-1.0499066471788026,0.24586544480141842,0.6903547777482817,0.0
0.3127949035377548,-1.076151813926864,-0.7382803569139613,0.6872050964622451,0.0
0.35899386917408066,-0.6848666734819597,-0.4985936585146498,0.6410061308259194,0.0
0.34486681841841754,-0.8503239047217512,-0.3101128703314575,0.6551331815815824,0.0
0.25412613989127686,-1.1016796674784102,1.0706626810553215,0.7458738601087231,0.0
0.3063898767538374,-1.0931978138485876,0.6495647304236265,0.6936101232461627,0.0
0.30826999376233344,-1.068195104051277,0.41640917329149396,0.6917300062376666,0.0
0.31132624810854953,-1.0878804778896491,-0.7872899353064173,0.6886737518914505,0.0
0.36153154604570337,-0.6747802846386947,-0.5365678336570789,0.6384684539542966,0.0
0.33180451794949645,-0.9243412700349717,-0.10392244749830848,0.6681954820505036,0.0
0.25412613989127686,-1.1016796674784102,1.0706626810553215,0.7458738601087231,0.0
0.3063898767538374,-1.0931978138485876,0.6495647304236265,0.6936101232461627,0.0
0.3083400367712164,-1.0688939068252585,0.38148923123143197,0.6916599632287836,0.0
0.310724660894096,-1.0926847458903817,-0.807365124598852,0.689275339105904,0.0
0.3529459743664397,-0.7468569053332741,-0.4116139377429834,0.6470540256335603,0.0
0.33180451794949645,-0.9243412700349717,-0.10392244749830848,0.6681954820505036,0.0
0.25792371346231113,-1.1010633613144882,1.040064975186318,0.7420762865376889,0.0
0.3063898767538374,-1.0931978138485876,0.6495647304236265,0.6936101232461627,0.0
0.313009172511056,-1.0401297556983913,0.2848984308437159,0.686990827488944,0.0
0.3088651819919375,-1.0929048350604045,-0.18239044542658644,0.6911348180080625,0.0
0.3529459743664397,-0.7468569053332741,-0.4116139377429834,0.6470540256335603,0.0
0.3388400360208904,-0.8775968262976845,-0.31250979744440543,0.6611599639791096,0.0
0.25792371346231113,-1.1010633613144882,1.040064975186318,0.7420762865376889,0.0
0.3063898767538374,-1.0931978138485876,0.6495647304236265,0.6936101232461627,0.0
0.31399205625036425,-1.0276124086855754,0.39573136733976977,0.6860079437496358,0.0
0.3088651819919375,-1.0929048350604045,-0.18239044542658644,0.6911348180080625,0.0
0.3529459743664397,-0.7468569053332741,-0.4116139377429834,0.6470540256335603,0.0
0.3613801441823613,-0.715692257859919,-0.41035528705210256,0.6386198558176387,0.0
0.25792371346231113,-1.1010633613144882,1.040064975186318,0.7420762865376889,0.0
0.307207534683633,-1.0931010353076092,0.37474822040381583,0.6927924653163671,0.0
0.28450288492820297,-1.221717450014356,0.8973516793046967,0.715497115071797,0.0
0.3088651819919375,-1.0929048350604045,-0.18239044542658644,0.6911348180080625,0.0
0.3931318408076429,-0.4479055282540688,-1.3275924328489352,0.606868159192357,0.0
0.3512032527480806,-0.7887924046694046,-0.3661779069819533,0.6487967472519194,0.0
0.23664943143619238,-1.0044904070409038,1.1542943788138427,0.7633505685638076,0.0
0.30278845510352653,-1.1181340650182374,0.47646422565377855,0.6972115448964735,0.0
0.2521326645188334,-1.4318194269089428,1.5105526636277458,0.7478673354811666,0.0
0.3088651819919375,-1.0929048350604045,-0.18239044542658644,0.6911348180080625,0.0
0.440848576385133,-0.08266900644235875,-1.9760731152996285,0.559151423614867,0.0
0.3512032527480806,-0.7887924046694046,-0.3661779069819533,0.6487967472519194,0.0
0.23664943143619238,-1.0044904070409038,1.1542943788138427,0.7633505685638076,0.0
0.2995386061512557,-1.1125499982701783,0.5097705173242554,0.7004613938487443,0.0
0.2521326645188334,-1.4318194269089428,1.5105526636277458,0.7478673354811666,0.0
0.3088651819919375,-1.0929048350604045,-0.18239044542658644,0.6911348180080625,0.0
0.440848576385133,-0.08266900644235875,-1.9760731152996285,0.559151423614867,0.0
0.3512032527480806,-0.7887924046694046,-0.3661779069819533,0.6487967472519194,0.0
0.2439218980195042,-1.0169863535973944,1.079762024619864,0.7560781019804959,0.0
0.30206806878563996,-1.0955145790329694,0.4563712817629846,0.69793193121436,0.0
0.23643227857599386,-1.5375583506971413,1.8420019588131789,0.7635677214240062,0.0
0.3088651819919375,-1.0929048350604045,-0.18239044542658644,0.6911348180080625,0.0
0.440848576385133,-0.08266900644235875,-1.9760731152996285,0.559151423614867,0.0
0.3653275083872015,-0.7587492561827562,-0.5565448657552379,0.6346724916127985,0.0
0.2439218980195042,-1.0169863535973944,1.079762024619864,0.7560781019804959,0.0
0.30206806878563996,-1.0955145790329694,0.4563712817629846,0.69793193121436,0.0
0.23643227857599386,-1.5375583506971413,1.8420019588131789,0.7635677214240062,0.0
0.31095297997877985,-1.0921032273709743,-0.3785921869045329,0.6890470200212202,0.0
0.440848576385133,-0.08266900644235875,-1.9760731152996285,0.559151423614867,0.0
0.3653275083872015,-0.7587492561827562,-0.5565448657552379,0.6346724916127985,0.0
0.2439218980195042,-1.0169863535973944,1.079762024619864,0.7560781019804959,0.0
0.30206806878563996,-1.0955145790329694,0.4563712817629846,0.69793193121436,0.0
0.2827220120349003,-1.2081010584970957,0.9774051561071926,0.7172779879650997,0.0
0.31095297997877985,-1.0921032273709743,-0.3785921869045329,0.6890470200212202,0.0
0.440848576385133,-0.08266900644235875,-1.9760731152996285,0.559151423614867,0.0
0.3864937225250159,-0.6460696785176094,-0.8954602942993042,0.6135062774749841,0.0
0.2439218980195042,-1.0169863535973944,1.079762024619864,0.7560781019804959,0.0
0.30467812871158534,-1.0803250516766334,0.38607635535975815,0.6953218712884146,0.0
0.2827220120349003,-1.2081010584970957,0.9774051561071926,0.7172779879650997,0.0
0.31095297997877985,-1.0921032273709743,-0.3785921869045329,0.6890470200212202,0.0
0.440848576385133,-0.08266900644235875,-1.9760731152996285,0.559151423614867,0.0
0.3864937225250159,-0.6460696785176094,-0.8954602942993042,0.6135062774749841,0.0
0.2439218980195042,-1.0169863535973944,1.079762024619864,0.7560781019804959,0.0
0.3034614589067193,-1.088259484026782,0.4376418886329579,0.6965385410932807,0.0
0.2966621227279388,-1.1326009090549078,0.7258148954424548,0.7033378772720612,0.0
0.3126662271457206,-1.09531906871618,-0.5873726277306248,0.6873337728542794,0.0
0.440848576385133,-0.08266900644235875,-1.9760731152996285,0.559151423614867,0.0
0.3867667561775333,-0.6444082351587772,-0.8965996841765668,0.6132332438224667,0.0
0.2439218980195042,-1.0169863535973944,1.079762024619864,0.7560781019804959,0.0
0.2933412245197069,-1.162333469399545,0.6154413943768962,0.7066587754802931,0.0
0.2966621227279388,-1.1326009090549078,0.7258148954424548,0.7033378772720612,0.0
0.31426695067549926,-1.0915901553383502,-0.7187170699113004,0.6857330493245007,0.0
0.43734444567704633,-0.11861689650583462,-1.9063072114373443,0.5626555543229537,0.0
0.3853353244269322,-0.6521638240455208,-0.8708254742054007,0.6146646755730678,0.0
0.2439218980195042,-1.0169863535973944,1.079762024619864,0.7560781019804959,0.0
0.2933412245197069,-1.162333469399545,0.6154413943768962,0.7066587754802931,0.0
0.2966621227279388,-1.1326009090549078,0.7258148954424548,0.7033378772720612,0.0
0.3635579718677506,-0.7019263462073266,-1.1943322978043702,0.6364420281322494,0.0
0.39037571415349825,-0.33676764650937907,-1.1812010334987941,0.6096242858465017,0.0
0.3853353244269322,-0.6521638240455208,-0.8708254742054007,0.6146646755730678,0.0
0.2439218980195042,-1.0169863535973944,1.079762024619864,0.7560781019804959,0.0
0.2933412245197069,-1.162333469399545,0.6154413943768962,0.7066587754802931,0.0
0.2939066124086955,-1.1503408468450966,0.8049077759947241,0.7060933875913045,0.0
0.3480605923836395,-0.8016982636046726,-0.7495027590252987,0.6519394076163605,0.0
0.39037571415349825,-0.33676764650937907,-1.1812010334987941,0.6096242858465017,0.0
0.38269697744435227,-0.6665396564933379,-0.8224690480163013,0.6173030225556477,0.0
0.2688648132908934,-1.0835316938435668,0.9426067698742115,0.7311351867091066,0.0
0.3038058827127198,-1.0933647603604604,0.35440632442828646,0.6961941172872802,0.0
0.2961841227468637,-1.137931142118669,0.7631648736055736,0.7038158772531363,0.0
0.3480605923836395,-0.8016982636046726,-0.7495027590252987,0.6519394076163605,0.0
0.39037571415349825,-0.33676764650937907,-1.1812010334987941,0.6096242858465017,0.0
0.38269697744435227,-0.6665396564933379,-0.8224690480163013,0.6173030225556477,0.0
0.27626075748737866,-1.0380787741234658,0.8133380056209731,0.7237392425126213,0.0
0.3005118057056398,-1.1150748090274423,0.43657524061260644,0.6994881942943603,0.0
0.30156320074301,-1.1030671104862344,0.606316166761435,0.69843679925699,0.0
0.3340442088557741,-0.8940750865723843,-0.39987187886279296,0.6659557911442259,0.0
0.39037571415349825,-0.33676764650937907,-1.1812010334987941,0.6096242858465017,0.0
0.3665071680533808,-0.7536463654548369,-0.5373626320652845,0.6334928319466192,0.0
0.27626075748737866,-1.0380787741234658,0.8133380056209731,0.7237392425126213,0.0
0.2810258832113306,-1.243499349426237,0.9226407238322455,0.7189741167886694,0.0
0.30143907606843895,-1.1039158632958859,0.6082279881395039,0.6985609239315611,0.0
0.3278996430042288,-0.9345716576567296,-0.2465991061378422,0.6721003569957712,0.0
0.39037571415349825,-0.33676764650937907,-1.1812010334987941,0.6096242858465017,0.0
0.34580996745598463,-0.8650043799451462,-0.17287997880850214,0.6541900325440153,0.0
0.27626075748737866,-1.0380787741234658,0.8133380056209731,0.7237392425126213,0.0
0.2810258832113306,-1.243499349426237,0.9226407238322455,0.7189741167886694,0.0
0.3045390613977764,-1.0840763581800814,0.5080807971208681,0.6954609386022236,0.0
0.351617727915867,-0.7827789822242623,-1.0128284033421957,0.648382272084133,0.0
0.3942482159128541,-0.30465675905253153,-1.2557062324229658,0.6057517840871459,0.0
0.3621161027445151,-0.6717281470069112,-0.5418139864366281,0.6378838972554849,0.0
0.27458563181694157,-0.9658655107470171,0.7749138800614052,0.7254143681830585,0.0
0.29682090726432747,-1.1125265904033075,0.6187515374070955,0.7031790927356725,0.0
0.3045390613977764,-1.0840763581800814,0.5080807971208681,0.6954609386022236,0.0
0.359378075099368,-0.7321307803113914,-1.2255996158340556,0.640621924900632,0.0
0.3942482159128541,-0.30465675905253153,-1.2557062324229658,0.6057517840871459,0.0
0.3621161027445151,-0.6717281470069112,-0.5418139864366281,0.6378838972554849,0.0
0.27458563181694157,-0.9658655107470171,0.7749138800614052,0.7254143681830585,0.0
0.31286195571586406,-1.2183313280279005,0.5060923661388692,0.6871380442841359,0.0
0.3197603692120096,-0.9750662579368745,0.23052621461206113,0.6802396307879903,0.0
0.3607107578715637,-0.7157933853252323,-1.2267502440885198,0.6392892421284363,0.0
0.3646324589454223,-0.6371350412171455,-0.6146029430682478,0.6353675410545777,0.0
0.3621161027445151,-0.6717281470069112,-0.5418139864366281,0.6378838972554849,0.0
0.27458563181694157,-0.9658655107470171,0.7749138800614052,0.7254143681830585,0.0
0.3182313186993215,-1.1057326895027586,0.3031712150974036,0.6817686813006785,0.0
0.32649580887303126,-0.9324215640431567,-0.00916376094852489,0.6735041911269688,0.0
0.3607107578715637,-0.7157933853252323,-1.2267502440885198,0.6392892421284363,0.0
0.365164379138821,-0.6264662113337836,-0.5315743020232477,0.634835620861179,0.0
0.36142412384328165,-0.6767925169116173,-0.5314664379547198,0.6385758761567184,0.0
0.27458563181694157,-0.9658655107470171,0.7749138800614052,0.7254143681830585,0.0
0.3182313186993215,-1.1057326895027586,0.3031712150974036,0.6817686813006785,0.0
0.34761583563164733,-0.9188146551602212,-0.3281713563391023,0.6523841643683527,0.0
0.3607107578715637,-0.7157933853252323,-1.2267502440885198,0.6392892421284363,0.0
0.36851492307742817,-0.5813835940302529,-0.5316709273261865,0.6314850769225718,0.0
0.36583909311114643,-0.599409985048601,-0.5964666410128208,0.6341609068888536,0.0
0.27458563181694157,-0.9658655107470171,0.7749138800614052,0.7254143681830585,0.0
0.3182313186993215,-1.1057326895027586,0.3031712150974036,0.6817686813006785,0.0
0.3365029974846016,-0.9895045993643896,-0.08940589261302512,0.6634970025153983,0.0
0.3607107578715637,-0.7157933853252323,-1.2267502440885198,0.6392892421284363,0.0
0.3599846293447449,-0.6163007496958228,-0.4130119654186756,0.6400153706552552,0.0
0.36583909311114643,-0.599409985048601,-0.5964666410128208,0.6341609068888536,0.0
0.27458563181694157,-0.9658655107470171,0.7749138800614052,0.7254143681830585,0.0
0.3182313186993215,-1.1057326895027586,0.3031712150974036,0.6817686813006785,0.0
0.3365029974846016,-0.9895045993643896,-0.08940589261302512,0.6634970025153983,0.0
0.3607107578715637,-0.7157933853252323,-1.2267502440885198,0.6392892421284363,0.0
0.3599846293447449,-0.6163007496958228,-0.4130119654186756,0.6400153706552552,0.0
0.36556655290230466,-0.6001962931902398,-0.5879263583166726,0.6344334470976953,0.0
0.27458563181694157,-0.9658655107470171,0.7749138800614052,0.7254143681830585,0.0
0.3182313186993215,-1.1057326895027586,0.3031712150974036,0.6817686813006785,0.0
0.340610065666939,-0.9344901410702198,-0.15985348629209495,0.6593899343330609,0.0
0.3607107578715637,-0.7157933853252323,-1.2267502440885198,0.6392892421284363,0.0
0.3655397655853224,-0.5935618425802903,-0.49028558813534284,0.6344602344146776,0.0
0.37485575101799734,-0.5009884236378724,-0.7627978264573052,0.6251442489820027,0.0
0.27458563181694157,-0.9658655107470171,0.7749138800614052,0.7254143681830585,0.0
0.3182313186993215,-1.1057326895027586,0.3031712150974036,0.6817686813006785,0.0
0.340610065666939,-0.9344901410702198,-0.15985348629209495,0.6593899343330609,0.0
0.3607107578715637,-0.7157933853252323,-1.2267502440885198,0.6392892421284363,0.0
0.3589717633167398,-0.683383133860842,-0.4032296347293981,0.6410282366832603,0.0
0.3743830427965025,-0.50641649879766,-0.7520970601500913,0.6256169572034975,0.0
0.27458563181694157,-0.9658655107470171,0.7749138800614052,0.7254143681830585,0.0
0.3182313186993215,-1.1057326895027586,0.3031712150974036,0.6817686813006785,0.0
0.3461187461300616,-0.8745553620359177,-0.4522410949382175,0.6538812538699383,0.0
0.3607107578715637,-0.7157933853252323,-1.2267502440885198,0.6392892421284363,0.0
0.3404537091558593,-0.7415494905472197,-0.1444311697131836,0.6595462908441407,0.0
0.3743830427965025,-0.50641649879766,-0.7520970601500913,0.6256169572034975,0.0
0.26805102537289954,-0.9689708110263047,0.8674301880350782,0.7319489746271004,0.0
0.3336335450468815,-0.9413423030736305,0.013714727445635289,0.6663664549531185,0.0
0.34810807989246945,-0.8529112895082829,-0.5578301821040592,0.6518919201075306,0.0
0.37071440461478566,-0.6069530993246236,-1.7577199324870478,0.6292855953852143,0.0
0.33811314996423386,-0.8101148353552468,-0.09015830658285548,0.6618868500357662,0.0
0.3743830427965025,-0.50641649879766,-0.7520970601500913,0.6256169572034975,0.0
0.25883744737650255,-1.0090507449591897,1.007760833310055,0.7411625526234975,0.0
0.3336335450468815,-0.9413423030736305,0.013714727445635289,0.6663664549531185,0.0
0.33919794802499326,-0.9498540670425186,-0.08490165286854179,0.6608020519750067,0.0
0.3618634357015412,-0.7032521803125382,-1.2879316316281941,0.6381365642984588,0.0
0.35482021044942424,-0.7636765705359283,-0.323114246827518,0.6451797895505758,0.0
0.3743830427965025,-0.50641649879766,-0.7520970601500913,0.6256169572034975,0.0
0.2702632530384154,-0.9987076452153417,0.8559109644219608,0.7297367469615845,0.0
0.2980627766000355,-1.1951179101348468,0.6112849717212967,0.7019372233999646,0.0
0.33919794802499326,-0.9498540670425186,-0.08490165286854179,0.6608020519750067,0.0
0.36026774424532265,-0.7206134005676651,-1.203236138370933,0.6397322557546774,0.0
0.353422382791685,-0.780335108639768,-0.3017997826858239,0.6465776172083151,0.0
0.43431128066611596,-0.2230684341101581,-1.6776184006819617,0.565688719333884,0.0
0.2702632530384154,-0.9987076452153417,0.8559109644219608,0.7297367469615845,0.0
0.28824686438468616,-1.2686638012276652,0.7731856861773554,0.7117531356153138,0.0
0.34261862853561814,-0.9090882857161804,-0.13706113882536192,0.6573813714643819,0.0
0.36026774424532265,-0.7206134005676651,-1.203236138370933,0.6397322557546774,0.0
0.403153958161553,-0.4077204248707734,-1.1220574833217933,0.5968460418384469,0.0
0.43431128066611596,-0.2230684341101581,-1.6776184006819617,0.565688719333884,0.0
0.2571905855883348,-1.0330359451789524,1.037903821312451,0.7428094144116653,0.0
0.2823129735929613,-1.3131235800388943,0.8710575026329075,0.7176870264070387,0.0
0.3211687891422768,-1.0695702359672268,0.22332439998575504,0.6788312108577232,0.0
0.3786679681270381,-0.5807589713488962,-1.692846550555928,0.6213320318729618,0.0
0.4219291754849922,-0.2561518645145534,-1.430160004110377,0.5780708245150078,0.0
0.3702889869102452,-0.6822040133581574,-0.6041059352306104,0.6297110130897547,0.0
0.2571905855883348,-1.0330359451789524,1.037903821312451,0.7428094144116653,0.0
0.27465819005304826,-1.4020831101211837,1.0222595982456535,0.7253418099469517,0.0
0.30410852602168353,-1.0598280960015942,0.44053805226870946,0.6958914739783164,0.0
0.3717172381097865,-0.569448767833268,-1.2557199726661759,0.6282827618902135,0.0
0.3596561042156253,-0.5498229330456086,-0.49720364826008057,0.6403438957843747,0.0
0.3702889869102452,-0.6822040133581574,-0.6041059352306104,0.6297110130897547,0.0
0.2571905855883348,-1.0330359451789524,1.037903821312451,0.7428094144116653,0.0
0.2968179653809111,-1.2119824412523004,0.5021688235725037,0.7031820346190889,0.0
0.30410852602168353,-1.0598280960015942,0.44053805226870946,0.6958914739783164,0.0
0.3717172381097865,-0.569448767833268,-1.2557199726661759,0.6282827618902135,0.0
0.35719628505078826,-0.5191977933006355,-0.4724727919337831,0.6428037149492117,0.0
0.3702840578294968,-0.6825931463833393,-0.6018571303926807,0.6297159421705032,0.0
0.2571905855883348,-1.0330359451789524,1.037903821312451,0.7428094144116653,0.0
0.31496110012826256,-1.0038069688740199,0.2092979014072256,0.6850388998717374,0.0
0.30410852602168353,-1.0598280960015942,0.44053805226870946,0.6958914739783164,0.0
0.3751983669600176,-0.5814955058460582,-1.4434889398015747,0.6248016330399824,0.0
0.3627486199283653,-0.538412113283364,-0.7719607540307002,0.6372513800716346,0.0
0.3713767292547832,-0.660114604630054,-0.788989645732783,0.6286232707452168,0.0
0.2571905855883348,-1.0330359451789524,1.037903821312451,0.7428094144116653,0.0
0.3285913196288316,-0.8710644858434895,-0.07058209480097755,0.6714086803711684,0.0
0.30410852602168353,-1.0598280960015942,0.44053805226870946,0.6958914739783164,0.0
0.37729829593141134,-0.5382955648848173,-1.8031258639111827,0.6227017040685887,0.0
0.3627486199283653,-0.538412113283364,-0.7719607540307002,0.6372513800716346,0.0
0.3713767292547832,-0.660114604630054,-0.788989645732783,0.6286232707452168,0.0
0.2571905855883348,-1.0330359451789524,1.037903821312451,0.7428094144116653,0.0
0.33834336851327457,-0.7958756824984203,-0.27417277730348344,0.6616566314867254,0.0
0.27916860672187627,-1.208023257143422,0.8963897041818158,0.7208313932781237,0.0
0.36449709534579805,-0.6295138123391124,-1.41069954704823,0.635502904654202,0.0
0.3627486199283653,-0.538412113283364,-0.7719607540307002,0.6372513800716346,0.0
0.3713767292547832,-0.660114604630054,-0.788989645732783,0.6286232707452168,0.0
0.2571905855883348,-1.0330359451789524,1.037903821312451,0.7428094144116653,0.0
0.33834336851327457,-0.7958756824984203,-0.27417277730348344,0.6616566314867254,0.0
0.27916860672187627,-1.208023257143422,0.8963897041818158,0.7208313932781237,0.0
0.37034461618943676,-0.5898688345445956,-1.5688032788998736,0.6296553838105632,0.0
0.3627486199283653,-0.538412113283364,-0.7719607540307002,0.6372513800716346,0.0
0.3713767292547832,-0.660114604630054,-0.788989645732783,0.6286232707452168,0.0
0.2571905855883348,-1.0330359451789524,1.037903821312451,0.7428094144116653,0.0
0.3270405180458747,-0.9151152745905312,-0.04363128564983865,0.6729594819541254,0.0
0.27916860672187627,-1.208023257143422,0.8963897041818158,0.7208313932781237,0.0
0.37047609989705416,-0.5988176354128185,-1.4694606863274229,0.6295239001029458,0.0
0.35158302589035817,-0.6562037165960064,-0.5442188483808261,0.6484169741096418,0.0
0.3713767292547832,-0.660114604630054,-0.788989645732783,0.6286232707452168,0.0
0.2571905855883348,-1.0330359451789524,1.037903821312451,0.7428094144116653,0.0
0.3270405180458747,-0.9151152745905312,-0.04363128564983865,0.6729594819541254,0.0
0.27779228118800703,-1.217206131663434,0.9320514027844184,0.722207718811993,0.0
0.37933155429089915,-0.5397338470827725,-1.698912613078056,0.6206684457091008,0.0
0.35158302589035817,-0.6562037165960064,-0.5442188483808261,0.6484169741096418,0.0
0.351094202169593,-0.7767699943034009,-0.4480098751492816,0.648905797830407,0.0
0.2571905855883348,-1.0330359451789524,1.037903821312451,0.7428094144116653,0.0
0.3270405180458747,-0.9151152745905312,-0.04363128564983865,0.6729594819541254,0.0
0.2778918944783599,-1.2180966310969323,0.9315395853152995,0.7221081055216401,0.0
0.37933155429089915,-0.5397338470827725,-1.698912613078056,0.6206684457091008,0.0
0.3500166809656059,-0.6627781909740803,-0.4790388614687511,0.6499833190343941,0.0
0.351094202169593,-0.7767699943034009,-0.4480098751492816,0.648905797830407,0.0
0.2571905855883348,-1.0330359451789524,1.037903821312451,0.7428094144116653,0.0
0.3270405180458747,-0.9151152745905312,-0.04363128564983865,0.6729594819541254,0.0
0.3196505307012698,-0.9388419019588714,-0.1513120001242998,0.6803494692987302,0.0
0.37933155429089915,-0.5397338470827725,-1.698912613078056,0.6206684457091008,0.0
0.3495420997539584,-0.6125718767579564,-0.49270520406061696,0.6504579002460416,0.0
0.35097211655190097,-0.7638544621822769,-0.4515255302910574,0.649027883448099,0.0
0.2571905855883348,-1.0330359451789524,1.037903821312451,0.7428094144116653,0.0
0.3356389630561207,-0.8533896559363356,-0.3158164724892516,0.6643610369438793,0.0
0.3241585698491296,-0.9147481032803997,-0.19769507164501893,0.6758414301508704,0.0
0.3778576591798831,-0.5503144913097754,-1.6522562216380268,0.6221423408201169,0.0
0.4120905509437137,-0.3277971603032681,-1.5293663219546962,0.5879094490562863,0.0
0.35097211655190097,-0.7638544621822769,-0.4515255302910574,0.649027883448099,0.0
0.26332188118742855,-1.005120977941238,0.9362853858597018,0.7366781188125715,0.0
0.35249941766111753,-0.7374767147116514,-0.5834499214883327,0.6475005823388824,0.0
0.32331468886314724,-0.919497056339086,-0.18970647170003535,0.6766853111368527,0.0
0.3778576591798831,-0.5503144913097754,-1.6522562216380268,0.6221423408201169,0.0
0.4120905509437137,-0.3277971603032681,-1.5293663219546962,0.5879094490562863,0.0
0.348132778574881,-0.7798328797489629,-0.4246469353424974,0.651867221425119,0.0
0.26332188118742855,-1.005120977941238,0.9362853858597018,0.7366781188125715,0.0
0.3443149293225045,-0.7971563435096796,-0.44079292748592785,0.6556850706774955,0.0
0.32331468886314724,-0.919497056339086,-0.18970647170003535,0.6766853111368527,0.0
0.37726356796044525,-0.5546993156064931,-1.6272162977249707,0.6227364320395548,0.0
0.37244324144307517,-0.5920503971610276,-0.9310740895410776,0.6275567585569248,0.0
0.35119823279544093,-0.7561542436441141,-0.4885054174150565,0.6488017672045591,0.0
0.26332188118742855,-1.005120977941238,0.9362853858597018,0.7366781188125715,0.0
0.34213926206392054,-0.8101162437322168,-0.4257120142917813,0.6578607379360795,0.0
0.3228029078269164,-0.9224707771784734,-0.1832902220535965,0.6771970921730837,0.0
0.3729206620973125,-0.5882649606516497,-1.4374886718492585,0.6270793379026876,0.0
0.37610797264168955,-0.5637427369480408,-1.007416502348247,0.6238920273583104,0.0
0.3527695262522232,-0.7467944454765038,-0.49939703704612404,0.6472304737477768,0.0
0.26332188118742855,-1.005120977941238,0.9362853858597018,0.7366781188125715,0.0
0.34213926206392054,-0.8101162437322168,-0.4257120142917813,0.6578607379360795,0.0
0.3129810568693724,-0.9795409708865349,-0.0601527017620232,0.6870189431306276,0.0
0.380855136892001,-0.5310786919353954,-1.6982928061165512,0.619144863107999,0.0
0.37610797264168955,-0.5637427369480408,-1.007416502348247,0.6238920273583104,0.0
0.3544705256284173,-0.7418819263122641,-0.5266989845038428,0.6455294743715827,0.0
0.26332188118742855,-1.005120977941238,0.9362853858597018,0.7366781188125715,0.0
0.33134538600348706,-0.8368217357042006,-0.2391893086603325,0.6686546139965129,0.0
0.32482676777299113,-0.9012731769678237,-0.34604879183555504,0.6751732322270089,0.0
0.380855136892001,-0.5310786919353954,-1.6982928061165512,0.619144863107999,0.0
0.37610797264168955,-0.5637427369480408,-1.007416502348247,0.6238920273583104,0.0
0.3499409897033838,-0.7791731953509203,-0.42606662868415823,0.6500590102966162,0.0
0.26332188118742855,-1.005120977941238,0.9362853858597018,0.7366781188125715,0.0
0.3566285206516662,-0.7742678815008368,-0.6760924799603398,0.6433714793483338,0.0
0.32482676777299113,-0.9012731769678237,-0.34604879183555504,0.6751732322270089,0.0
0.3737532260785667,-0.5774405564041083,-1.776526832487389,0.6262467739214332,0.0
0.4071863402627517,-0.35918640631789556,-1.4082305801890698,0.5928136597372483,0.0
0.3623967834654394,-0.6792120368176122,-0.9386664681072265,0.6376032165345606,0.0
0.26332188118742855,-1.005120977941238,0.9362853858597018,0.7366781188125715,0.0
0.37408172446507615,-0.7045657705629815,-0.8572246262966505,0.6259182755349239,0.0
0.32555067146641614,-0.8983821538590082,-0.35356158038330077,0.6744493285335839,0.0
0.37358607148675216,-0.5785317554820197,-1.7783681928040083,0.6264139285132478,0.0
0.39081572075414606,-0.4660551720437527,-1.5885678882724803,0.6091842792458539,0.0
0.36597623749969527,-0.620225815538211,-1.1016048694087144,0.6340237625003047,0.0
0.26332188118742855,-1.005120977941238,0.9362853858597018,0.7366781188125715,0.0
0.36921907513575436,-0.773873387338492,-0.6447072000394435,0.6307809248642456,0.0
0.31552816259574,-0.9384086173466317,-0.24954637705281313,0.68447183740426,0.0
0.37358607148675216,-0.5785317554820197,-1.7783681928040083,0.6264139285132478,0.0
0.39081572075414606,-0.4660551720437527,-1.5885678882724803,0.6091842792458539,0.0
0.3484068935248358,-0.729273054509828,-0.757168526115603,0.6515931064751642,0.0
0.26332188118742855,-1.005120977941238,0.9362853858597018,0.7366781188125715,0.0
0.37086230702384687,-0.7003694105226551,-1.0712859612448946,0.6291376929761532,0.0
0.31552816259574,-0.9384086173466317,-0.24954637705281313,0.68447183740426,0.0
0.37358607148675216,-0.5785317554820197,-1.7783681928040083,0.6264139285132478,0.0
0.390177117969933,-0.4702240241328303,-1.5956026805098185,0.6098228820300671,0.0
0.3524942345623091,-0.703904249874343,-0.8372983706193977,0.6475057654376909,0.0
0.26332188118742855,-1.005120977941238,0.9362853858597018,0.7366781188125715,0.0
0.37086230702384687,-0.7003694105226551,-1.0712859612448946,0.6291376929761532,0.0
0.31552816259574,-0.9384086173466317,-0.24954637705281313,0.68447183740426,0.0
0.37824980363881244,-0.550809953195379,-1.9864533208456447,0.6217501963611876,0.0
0.390177117969933,-0.4702240241328303,-1.5956026805098185,0.6098228820300671,0.0
0.3524942345623091,-0.703904249874343,-0.8372983706193977,0.6475057654376909,0.0
0.26332188118742855,-1.005120977941238,0.9362853858597018,0.7366781188125715,0.0
0.37086230702384687,-0.7003694105226551,-1.0712859612448946,0.6291376929761532,0.0
0.3185189518239696,-0.9255426897530382,-0.29396108558787815,0.6814810481760304,0.0
0.37824980363881244,-0.550809953195379,-1.9864533208456447,0.6217501963611876,0.0
0.39467847456403776,-0.4398109744631915,-1.4480960366549431,0.6053215254359623,0.0
0.3794148501359848,-0.5282870730497772,-1.2678164707873278,0.6205851498640151,0.0
0.26332188118742855,-1.005120977941238,0.9362853858597018,0.7366781188125715,0.0
0.37086230702384687,-0.7003694105226551,-1.0712859612448946,0.6291376929761532,0.0
0.3185189518239696,-0.9255426897530382,-0.29396108558787815,0.6814810481760304,0.0
0.37824980363881244,-0.550809953195379,-1.9864533208456447,0.6217501963611876,0.0
0.3961615729462161,-0.42979054088518454,-1.3994958290756925,0.6038384270537839,0.0
0.3794148501359848,-0.5282870730497772,-1.2678164707873278,0.6205851498640151,0.0
0.26332188118742855,-1.005120977941238,0.9362853858597018,0.7366781188125715,0.0
0.37086230702384687,-0.7003694105226551,-1.0712859612448946,0.6291376929761532,0.0
0.3185189518239696,-0.9255426897530382,-0.29396108558787815,0.6814810481760304,0.0
0.3748945604663162,-0.618736664263243,-1.5708038532341915,0.6251054395336838,0.0
0.3961615729462161,-0.42979054088518454,-1.3994958290756925,0.6038384270537839,0.0
0.37981416721640693,-0.5205674062688653,-1.0215052981899084,0.6201858327835931,0.0
0.26332188118742855,-1.005120977941238,0.9362853858597018,0.7366781188125715,0.0
0.37368858268740784,-0.6701420325158469,-1.1079515137094254,0.6263114173125921,0.0
0.309967494852582,-0.9820418583915365,-0.19245947589427825,0.690032505147418,0.0
0.3748945604663162,-0.618736664263243,-1.5708038532341915,0.6251054395336838,0.0
0.3961615729462161,-0.42979054088518454,-1.3994958290756925,0.6038384270537839,0.0
0.38425786034171017,-0.4912080856169246,-1.0742497611173145,0.6157421396582898,0.0
0.26332188118742855,-1.005120977941238,0.9362853858597018,0.7366781188125715,0.0
0.376629363208846,-0.6557475994679873,-1.1502022229144728,0.623370636791154,0.0
0.309967494852582,-0.9820418583915365,-0.19245947589427825,0.690032505147418,0.0
0.37466105497280766,-0.6286899454038596,-1.4811848189099162,0.6253389450271923,0.0
0.3996458915690797,-0.39755741514849186,-1.3862575215654118,0.6003541084309203,0.0
0.38425786034171017,-0.4912080856169246,-1.0742497611173145,0.6157421396582898,0.0
0.2621735829448186,-1.0100006281101739,0.9553756019568818,0.7378264170551814,0.0
0.376629363208846,-0.6557475994679873,-1.1502022229144728,0.623370636791154,0.0
0.31834294838209065,-0.9274543270312408,-0.30395344123294965,0.6816570516179093,0.0
0.37466105497280766,-0.6286899454038596,-1.4811848189099162,0.6253389450271923,0.0
0.4354612874634416,-0.16412837877730213,-1.8630317636249987,0.5645387125365584,0.0
0.38425786034171017,-0.4912080856169246,-1.0742497611173145,0.6157421396582898,0.0
0.2570761864262503,-1.0257776220787387,1.0491495035397893,0.7429238135737497,0.0
0.376629363208846,-0.6557475994679873,-1.1502022229144728,0.623370636791154,0.0
0.34648580938025436,-0.7781580354416432,-0.8922306584592227,0.6535141906197457,0.0
0.37466105497280766,-0.6286899454038596,-1.4811848189099162,0.6253389450271923,0.0
0.4217191850929345,-0.25191083919776697,-1.6513364995422992,0.5782808149070655,0.0
0.348927616146473,-0.7168923134807663,-0.5299920359624846,0.6510723838535271,0.0
0.2570761864262503,-1.0257776220787387,1.0491495035397893,0.7429238135737497,0.0
0.376629363208846,-0.6557475994679873,-1.1502022229144728,0.623370636791154,0.0
0.34648580938025436,-0.7781580354416432,-0.8922306584592227,0.6535141906197457,0.0
0.37891826124290606,-0.6061057060580751,-1.5701742595320023,0.6210817387570939,0.0
0.4105101828982659,-0.3235122408594318,-1.4786633076443443,0.5894898171017341,0.0
0.348927616146473,-0.7168923134807663,-0.5299920359624846,0.6510723838535271,0.0
0.2569632980400668,-1.0261572521412172,1.051090319708822,0.7430367019599332,0.0
0.3759168561761437,-0.671200536927364,-1.0194698682287044,0.6240831438238563,0.0
0.34519750951567235,-0.7849923936204377,-0.8653010062344986,0.6548024904843277,0.0
0.37891826124290606,-0.6061057060580751,-1.5701742595320023,0.6210817387570939,0.0
0.40143889676959343,-0.41468531717434576,-1.3582506306327198,0.5985611032304066,0.0
0.3438587728990226,-0.7356168172430824,-0.35418652650762583,0.6561412271009774,0.0
0.2569632980400668,-1.0261572521412172,1.051090319708822,0.7430367019599332,0.0
0.37807924466175025,-0.6494669472660761,-1.0481735142825972,0.6219207553382498,0.0
0.34519750951567235,-0.7849923936204377,-0.8653010062344986,0.6548024904843277,0.0
0.37891826124290606,-0.6061057060580751,-1.5701742595320023,0.6210817387570939,0.0
0.40143889676959343,-0.41468531717434576,-1.3582506306327198,0.5985611032304066,0.0
0.3277194097947485,-0.7952362511877741,0.20558398015601198,0.6722805902052515,0.0
0.2569632980400668,-1.0261572521412172,1.051090319708822,0.7430367019599332,0.0
0.38467727091621184,-0.5831519459869943,-1.1357560238653888,0.6153227290837882,0.0
0.34519750951567235,-0.7849923936204377,-0.8653010062344986,0.6548024904843277,0.0
0.37891826124290606,-0.6061057060580751,-1.5701742595320023,0.6210817387570939,0.0
0.41587301159310885,-0.3196475678874887,-1.484764072569141,0.5841269884068911,0.0
0.3297031372315867,-0.7940735949700012,0.08404079393321118,0.6702968627684134,0.0
0.2569632980400668,-1.0261572521412172,1.051090319708822,0.7430367019599332,0.0
0.38853309230884603,-0.5677837483029883,-0.8449006127001873,0.611466907691154,0.0
0.3468525290519293,-0.7840223920372404,-0.9667042252262533,0.6531474709480707,0.0
0.37891826124290606,-0.6061057060580751,-1.5701742595320023,0.6210817387570939,0.0
0.3949976056576818,-0.46009881660970525,-1.328075663361399,0.6050023943423182,0.0
0.35140329562564454,-0.711193930551248,-0.6453433008782509,0.6485967043743555,0.0
0.2569632980400668,-1.0261572521412172,1.051090319708822,0.7430367019599332,0.0
0.38853309230884603,-0.5677837483029883,-0.8449006127001873,0.611466907691154,0.0
0.3468525290519293,-0.7840223920372404,-0.9667042252262533,0.6531474709480707,0.0
0.37891826124290606,-0.6061057060580751,-1.5701742595320023,0.6210817387570939,0.0
0.388341468180525,-0.520539211672537,-1.4282937753422211,0.6116585318194749,0.0
0.35140329562564454,-0.711193930551248,-0.6453433008782509,0.6485967043743555,0.0
0.2569632980400668,-1.0261572521412172,1.051090319708822,0.7430367019599332,0.0
0.38853309230884603,-0.5677837483029883,-0.8449006127001873,0.611466907691154,0.0
0.35096964103211425,-0.7626628267835369,-0.95467273924873,0.6490303589678857,0.0
0.3997856071214232,-0.49032325637705715,-1.9628931239626817,0.6002143928785768,0.0
0.388341468180525,-0.520539211672537,-1.4282937753422211,0.6116585318194749,0.0
0.3294593197097554,-0.8244567768143958,-0.18021345912864106,0.6705406802902446,0.0
0.2569632980400668,-1.0261572521412172,1.051090319708822,0.7430367019599332,0.0
0.38481296506472623,-0.5686453894676085,-0.9393081746868008,0.6151870349352737,0.0
0.35096964103211425,-0.7626628267835369,-0.95467273924873,0.6490303589678857,0.0
0.38635109828705166,-0.5656364011956134,-1.5735643385623752,0.6136489017129483,0.0
0.3752672281380449,-0.5708563353151367,-1.1815551978331258,0.6247327718619551,0.0
0.3507475303180867,-0.7652281170939794,-0.5417816329817695,0.6492524696819133,0.0
0.2569632980400668,-1.0261572521412172,1.051090319708822,0.7430367019599332,0.0
0.38481296506472623,-0.5686453894676085,-0.9393081746868008,0.6151870349352737,0.0
0.35096964103211425,-0.7626628267835369,-0.95467273924873,0.6490303589678857,0.0
0.38635109828705166,-0.5656364011956134,-1.5735643385623752,0.6136489017129483,0.0
0.3752672281380449,-0.5708563353151367,-1.1815551978331258,0.6247327718619551,0.0
0.3559796415779645,-0.723752288333161,-0.6782990769164302,0.6440203584220354,0.0
0.2569632980400668,-1.0261572521412172,1.051090319708822,0.7430367019599332,0.0
0.3674459503840308,-0.6307934999833156,-0.6689337523119998,0.6325540496159692,0.0
0.3459376143377837,-0.790684347375615,-0.8666526493410824,0.6540623856622163,0.0
0.39078726743076114,-0.5409329938884839,-1.651161702526039,0.6092127325692389,0.0
0.3800352204084833,-0.5343175565071347,-1.4940584954754126,0.6199647795915166,0.0
0.3559796415779645,-0.723752288333161,-0.6782990769164302,0.6440203584220354,0.0
0.2569632980400668,-1.0261572521412172,1.051090319708822,0.7430367019599332,0.0
0.36581259481926376,-0.6433104702950889,-0.5618805166394617,0.6341874051807362,0.0
0.3527813065585604,-0.7525743225010646,-0.9863623490634071,0.6472186934414397,0.0
0.39078726743076114,-0.5409329938884839,-1.651161702526039,0.6092127325692389,0.0
0.3800352204084833,-0.5343175565071347,-1.4940584954754126,0.6199647795915166,0.0
0.3547837089308912,-0.7335360220722378,-0.6924584808659711,0.6452162910691088,0.0
0.2569632980400668,-1.0261572521412172,1.051090319708822,0.7430367019599332,0.0
0.3721309263779999,-0.6174100370783656,-0.8374572899644607,0.6278690736220001,0.0
0.33320862307903737,-0.9093177033448985,-0.6217550478069729,0.6667913769209626,0.0
0.3879221519800327,-0.5562600875119753,-1.5748693712263064,0.6120778480199673,0.0
0.3800352204084833,-0.5343175565071347,-1.4940584954754126,0.6199647795915166,0.0
0.3547837089308912,-0.7335360220722378,-0.6924584808659711,0.6452162910691088,0.0
0.2569632980400668,-1.0261572521412172,1.051090319708822,0.7430367019599332,0.0
0.3721309263779999,-0.6174100370783656,-0.8374572899644607,0.6278690736220001,0.0
0.35206312795911454,-0.7882825359488471,-0.9554594317147865,0.6479368720408855,0.0
0.3896307329889775,-0.5471199388730232,-1.6203654884433998,0.6103692670110226,0.0
0.3718466982939034,-0.598919820508643,-1.2341168499029593,0.6281533017060966,0.0
0.35120365295903594,-0.7617804009476602,-0.5788109108229502,0.6487963470409641,0.0
0.2569632980400668,-1.0261572521412172,1.051090319708822,0.7430367019599332,0.0
0.3721309263779999,-0.6174100370783656,-0.8374572899644607,0.6278690736220001,0.0
0.35206312795911454,-0.7882825359488471,-0.9554594317147865,0.6479368720408855,0.0
0.38211493372465577,-0.5773080592405604,-1.284122866283888,0.6178850662753442,0.0
0.3775409582449594,-0.5777435583927751,-1.3473844206489072,0.6224590417550406,0.0
0.3392421974448276,-0.8453633066890527,-0.2297525030861618,0.6607578025551724,0.0
0.2569632980400668,-1.0261572521412172,1.051090319708822,0.7430367019599332,0.0
0.38764200084448125,-0.4853369516840282,-0.7462494768457528,0.6123579991555188,0.0
0.35206312795911454,-0.7882825359488471,-0.9554594317147865,0.6479368720408855,0.0
0.38369904694390117,-0.5509482115835007,-1.129962924307974,0.6163009530560988,0.0
0.3775409582449594,-0.5777435583927751,-1.3473844206489072,0.6224590417550406,0.0
0.3392421974448276,-0.8453633066890527,-0.2297525030861618,0.6607578025551724,0.0
0.2569632980400668,-1.0261572521412172,1.051090319708822,0.7430367019599332,0.0
0.38764200084448125,-0.4853369516840282,-0.7462494768457528,0.6123579991555188,0.0
0.35206312795911454,-0.7882825359488471,-0.9554594317147865,0.6479368720408855,0.0
0.4253325715965093,-0.27523056046131766,-1.973003607279764,0.5746674284034907,0.0
0.3775409582449594,-0.5777435583927751,-1.3473844206489072,0.6224590417550406,0.0
0.3392421974448276,-0.8453633066890527,-0.2297525030861618,0.6607578025551724,0.0
0.2569632980400668,-1.0261572521412172,1.051090319708822,0.7430367019599332,0.0
0.38764200084448125,-0.4853369516840282,-0.7462494768457528,0.6123579991555188,0.0
0.35206312795911454,-0.7882825359488471,-0.9554594317147865,0.6479368720408855,0.0
0.4221611837263454,-0.29290948777052406,-1.869781154254892,0.5778388162736545,0.0
0.38439401663860534,-0.521112523051752,-1.4528048903262958,0.6156059833613947,0.0
0.3392421974448276,-0.8453633066890527,-0.2297525030861618,0.6607578025551724,0.0
0.2569632980400668,-1.0261572521412172,1.051090319708822,0.7430367019599332,0.0
0.38119110836797526,-0.5212975039219239,-0.5362855831545543,0.6188088916320247,0.0
0.3593375258462218,-0.7368753946871227,-1.0503428052090236,0.6406624741537782,0.0
0.4221611837263454,-0.29290948777052406,-1.869781154254892,0.5778388162736545,0.0
0.38439401663860534,-0.521112523051752,-1.4528048903262958,0.6156059833613947,0.0
0.3287638116558453,-0.9151763194238118,-0.022503793440990183,0.6712361883441547,0.0
0.2569632980400668,-1.0261572521412172,1.051090319708822,0.7430367019599332,0.0
0.3695034446882787,-0.5687959740875672,-0.386941280643301,0.6304965553117212,0.0
0.36350298729871383,-0.7125831014999202,-1.1903789079941696,0.6364970127012861,0.0
0.4221611837263454,-0.29290948777052406,-1.869781154254892,0.5778388162736545,0.0
0.38439401663860534,-0.521112523051752,-1.4528048903262958,0.6156059833613947,0.0
0.3287638116558453,-0.9151763194238118,-0.022503793440990183,0.6712361883441547,0.0
0.2569632980400668,-1.0261572521412172,1.051090319708822,0.7430367019599332,0.0
0.3695034446882787,-0.5687959740875672,-0.386941280643301,0.6304965553117212,0.0
0.36350298729871383,-0.7125831014999202,-1.1903789079941696,0.6364970127012861,0.0
0.4221611837263454,-0.29290948777052406,-1.869781154254892,0.5778388162736545,0.0
0.3843372479511071,-0.5214555402223525,-1.4521781238238956,0.6156627520488929,0.0
0.34225958129700806,-0.8943161190284439,-0.22429871257920508,0.6577404187029919,0.0
0.2569632980400668,-1.0261572521412172,1.051090319708822,0.7430367019599332,0.0
0.3772984402395423,-0.52795612845841,-0.6064480507627454,0.6227015597604577,0.0
0.36350298729871383,-0.7125831014999202,-1.1903789079941696,0.6364970127012861,0.0
0.39035702608067213,-0.5322943152099456,-1.2148107733476643,0.6096429739193279,0.0
0.3843372479511071,-0.5214555402223525,-1.4521781238238956,0.6156627520488929,0.0
0.29623063045561077,-1.2407686985038355,0.723615072820214,0.7037693695443892,0.0
0.2569632980400668,-1.0261572521412172,1.051090319708822,0.7430367019599332,0.0
0.38098678581697426,-0.5291814320336795,-0.7782776795310633,0.6190132141830258,0.0
0.3631647241850135,-0.715238957679761,-1.1807548425691403,0.6368352758149864,0.0
0.390881511239064,-0.5324685541813928,-1.2392450591728328,0.609118488760936,0.0
0.3934124838057014,-0.43839363236649187,-1.5685190154921569,0.6065875161942986,0.0
0.3107856984341009,-1.1185687120610517,0.4656969191041527,0.6892143015658991,0.0
0.2569632980400668,-1.0261572521412172,1.051090319708822,0.7430367019599332,0.0
0.38098678581697426,-0.5291814320336795,-0.7782776795310633,0.6190132141830258,0.0
0.3509809313030492,-0.795581485723672,-1.155043612644441,0.6490190686969508,0.0
0.3901389013785295,-0.5322218521037158,-1.204648958027621,0.6098610986214705,0.0
0.3958979682005387,-0.42023355318871647,-1.7265892108621537,0.6041020317994613,0.0
0.316862242989084,-1.129001958246336,0.39960605257041837,0.6831377570109161,0.0
0.2569632980400668,-1.0261572521412172,1.051090319708822,0.7430367019599332,0.0
0.3808621586459697,-0.5289069090446218,-0.7729907754204473,0.6191378413540303,0.0
0.3509809313030492,-0.795581485723672,-1.155043612644441,0.6490190686969508,0.0
0.38934810373397444,-0.5475993578241336,-1.1329795130816689,0.6106518962660256,0.0
0.3958979682005387,-0.42023355318871647,-1.7265892108621537,0.6041020317994613,0.0
0.316862242989084,-1.129001958246336,0.39960605257041837,0.6831377570109161,0.0
0.2599098025697136,-1.0312163127414808,1.0190429882282626,0.7400901974302865,0.0
0.3686201062479508,-0.6381609267413849,-0.9295141604351536,0.6313798937520492,0.0
0.3509809313030492,-0.795581485723672,-1.155043612644441,0.6490190686969508,0.0
0.3834469860685945,-0.6623499154175249,-0.5981652903148975,0.6165530139314055,0.0
0.3768533992985247,-0.5057991111052335,-1.3420750044045224,0.6231466007014753,0.0
0.2927932832485531,-1.087676270575581,0.6613894380822996,0.7072067167514469,0.0
0.2599098025697136,-1.0312163127414808,1.0190429882282626,0.7400901974302865,0.0
0.3547794199758936,-0.860669509074932,-0.2359732923474882,0.6452205800241064,0.0
0.3664705651226855,-0.6081389803143182,-1.3897142548829478,0.6335294348773145,0.0
0.38464306078138893,-0.6574415607270685,-0.5776494597265557,0.6153569392186111,0.0
0.38271577781240773,-0.4115530956558219,-1.6358320482142152,0.6172842221875923,0.0
0.2927932832485531,-1.087676270575581,0.6613894380822996,0.7072067167514469,0.0
0.26285385340593,-1.0362711604231372,0.9870223440736262,0.7371461465940701,0.0
0.3547794199758936,-0.860669509074932,-0.2359732923474882,0.6452205800241064,0.0
0.3588441820239201,-0.5874483512974259,-1.7305104418897108,0.6411558179760799,0.0
0.4140953002302768,-0.45701327951274107,-0.9146186980444373,0.5859046997697233,0.0
0.38271577781240773,-0.4115530956558219,-1.6358320482142152,0.6172842221875923,0.0
0.2927932832485531,-1.087676270575581,0.6613894380822996,0.7072067167514469,0.0
0.26285385340593,-1.0362711604231372,0.9870223440736262,0.7371461465940701,0.0
0.3547794199758936,-0.860669509074932,-0.2359732923474882,0.6452205800241064,0.0
0.37717782943331607,-0.5441668631836788,-1.4597779745389325,0.6228221705666839,0.0
0.4140953002302768,-0.45701327951274107,-0.9146186980444373,0.5859046997697233,0.0
0.38271577781240773,-0.4115530956558219,-1.6358320482142152,0.6172842221875923,0.0
0.3177751155239546,-0.9961873483648517,0.29973171257501874,0.6822248844760455,0.0
0.26285385340593,-1.0362711604231372,0.9870223440736262,0.7371461465940701,0.0
0.3547794199758936,-0.860669509074932,-0.2359732923474882,0.6452205800241064,0.0
0.37660475036146346,-0.5320742161578869,-1.3814698184666934,0.6233952496385365,0.0
0.4140953002302768,-0.45701327951274107,-0.9146186980444373,0.5859046997697233,0.0
0.37600552598579084,-0.5194298722616179,-1.2995890480160026,0.6239944740142092,0.0
0.3177751155239546,-0.9961873483648517,0.29973171257501874,0.6822248844760455,0.0
0.25336611711491297,-1.0431957033721035,1.105752905161829,0.746633882885087,0.0
0.3547794199758936,-0.860669509074932,-0.2359732923474882,0.6452205800241064,0.0
0.37660475036146346,-0.5320742161578869,-1.3814698184666934,0.6233952496385365,0.0
0.4140953002302768,-0.45701327951274107,-0.9146186980444373,0.5859046997697233,0.0
0.37923575041335644,-0.49274546632510546,-1.3874243286866321,0.6207642495866436,0.0
0.32927573326803117,-0.9054577740905742,-0.028926729937350126,0.6707242667319688,0.0
0.25336611711491297,-1.0431957033721035,1.105752905161829,0.746633882885087,0.0
0.36856607562276555,-0.836458092354496,-0.3478974894847268,0.6314339243772344,0.0
0.37660475036146346,-0.5320742161578869,-1.3814698184666934,0.6233952496385365,0.0
0.4140953002302768,-0.45701327951274107,-0.9146186980444373,0.5859046997697233,0.0
0.4014803307985796,-0.3089862798669609,-1.9922921963378468,0.5985196692014204,0.0
0.31660888767431145,-1.0100967109005086,0.31550628482205934,0.6833911123256886,0.0
0.25336611711491297,-1.0431957033721035,1.105752905161829,0.746633882885087,0.0
0.36856607562276555,-0.836458092354496,-0.3478974894847268,0.6314339243772344,0.0
0.3765510544892573,-0.5341074067333421,-1.3745658735383486,0.6234489455107427,0.0
0.4140953002302768,-0.45701327951274107,-0.9146186980444373,0.5859046997697233,0.0
0.4014803307985796,-0.3089862798669609,-1.9922921963378468,0.5985196692014204,0.0
0.32892090193131673,-1.0036530452672954,0.16166217631584878,0.6710790980686833,0.0
0.25336611711491297,-1.0431957033721035,1.105752905161829,0.746633882885087,0.0
0.31510318078317684,-0.9324024945954806,0.3267239182757449,0.6848968192168232,0.0
0.3765510544892573,-0.5341074067333421,-1.3745658735383486,0.6234489455107427,0.0
0.4012228243353054,-0.48344588655288717,-1.07231687023163,0.5987771756646947,0.0
0.4014803307985796,-0.3089862798669609,-1.9922921963378468,0.5985196692014204,0.0
0.32892090193131673,-1.0036530452672954,0.16166217631584878,0.6710790980686833,0.0
0.25336611711491297,-1.0431957033721035,1.105752905161829,0.746633882885087,0.0
0.3133910308809433,-0.9410089815785613,0.35419964001838333,0.6866089691190567,0.0
0.3765510544892573,-0.5341074067333421,-1.3745658735383486,0.6234489455107427,0.0
0.4141627282346214,-0.43445853269207135,-1.2629339488169498,0.5858372717653786,0.0
0.3813210567402415,-0.4544833045185374,-1.4510647838582575,0.6186789432597585,0.0
0.3282672506347395,-1.010096843973515,0.18274456641325587,0.6717327493652605,0.0
0.25336611711491297,-1.0431957033721035,1.105752905161829,0.746633882885087,0.0
0.33106347572137784,-0.8521746649804681,0.07060112080317316,0.6689365242786222,0.0
0.3626811883043877,-0.6708387591310228,-0.9272173697727726,0.6373188116956123,0.0
0.4154546599254748,-0.4285265596772503,-1.2713587723206723,0.5845453400745252,0.0
0.3813210567402415,-0.4544833045185374,-1.4510647838582575,0.6186789432597585,0.0
0.32792631476066453,-1.029351851872593,0.19641790188025857,0.6720736852393354,0.0
0.25336611711491297,-1.0431957033721035,1.105752905161829,0.746633882885087,0.0
0.33106347572137784,-0.8521746649804681,0.07060112080317316,0.6689365242786222,0.0
0.3626811883043877,-0.6708387591310228,-0.9272173697727726,0.6373188116956123,0.0
0.38009405174087263,-0.6060386398910613,-0.7090664140876046,0.6199059482591274,0.0
0.3850441036783056,-0.41126939903414605,-1.5556958072871747,0.6149558963216943,0.0
0.32792631476066453,-1.029351851872593,0.19641790188025857,0.6720736852393354,0.0
0.2628228422957172,-1.041439840281494,0.9904188328974762,0.7371771577042828,0.0
0.33106347572137784,-0.8521746649804681,0.07060112080317316,0.6689365242786222,0.0
0.370594324619185,-0.6254548390265373,-1.1769468121738542,0.629405675380815,0.0
0.37940331958074125,-0.6095061510259203,-0.6980826263314651,0.6205966804192588,0.0
0.3850441036783056,-0.41126939903414605,-1.5556958072871747,0.6149558963216943,0.0
0.32792631476066453,-1.029351851872593,0.19641790188025857,0.6720736852393354,0.0
0.2628228422957172,-1.041439840281494,0.9904188328974762,0.7371771577042828,0.0
0.3653650496168491,-0.7634699215132206,-0.3885626216223661,0.6346349503831509,0.0
0.362526492292918,-0.7450422880467787,-0.9654776005122636,0.637473507707082,0.0
0.4113709814726039,-0.4490268365194645,-1.206421507227755,0.5886290185273961,0.0
0.3834387738678546,-0.4350647989760799,-1.513617859240626,0.6165612261321454,0.0
0.3359580482977922,-0.9633551194403014,-0.07329271057265951,0.6640419517022078,0.0
0.25749314071326534,-1.042429424531186,1.0554197899630025,0.7425068592867347,0.0
0.33332287610390016,-0.9824729822686692,0.18105906116063153,0.6666771238960998,0.0
0.362526492292918,-0.7450422880467787,-0.9654776005122636,0.637473507707082,0.0
0.4113709814726039,-0.4490268365194645,-1.206421507227755,0.5886290185273961,0.0
0.3834387738678546,-0.4350647989760799,-1.513617859240626,0.6165612261321454,0.0
0.3359580482977922,-0.9633551194403014,-0.07329271057265951,0.6640419517022078,0.0
0.25749314071326534,-1.042429424531186,1.0554197899630025,0.7425068592867347,0.0
0.33332287610390016,-0.9824729822686692,0.18105906116063153,0.6666771238960998,0.0
0.362526492292918,-0.7450422880467787,-0.9654776005122636,0.637473507707082,0.0
0.4113709814726039,-0.4490268365194645,-1.206421507227755,0.5886290185273961,0.0
0.38883301711203155,-0.4377611353258263,-1.4542923712616704,0.6111669828879684,0.0
0.3278154003955244,-1.0442956258494842,0.13937869599871489,0.6721845996044755,0.0
0.25749314071326534,-1.042429424531186,1.0554197899630025,0.7425068592867347,0.0
0.3346054947107899,-0.9680753022456285,0.19076586963866615,0.6653945052892101,0.0
0.362526492292918,-0.7450422880467787,-0.9654776005122636,0.637473507707082,0.0
0.4049169600504073,-0.4458007653589739,-1.2774023571758493,0.5950830399495928,0.0
0.3859560132565714,-0.43632305222080286,-1.4859334467409333,0.6140439867434286,0.0
0.33032940668233635,-1.0160753443885722,0.15840459926222228,0.6696705933176637,0.0
0.25749314071326534,-1.042429424531186,1.0554197899630025,0.7425068592867347,0.0
0.3346054947107899,-0.9680753022456285,0.19076586963866615,0.6653945052892101,0.0
0.362526492292918,-0.7450422880467787,-0.9654776005122636,0.637473507707082,0.0
0.4049169600504073,-0.4458007653589739,-1.2774023571758493,0.5950830399495928,0.0
0.3853681668707475,-0.436029214604215,-1.4923985377865248,0.6146318331292525,0.0
0.31462570303475035,-1.148268141182956,0.7065633119332577,0.6853742969652497,0.0
0.25749314071326534,-1.042429424531186,1.0554197899630025,0.7425068592867347,0.0
0.3295775339993506,-1.0134212462549501,0.32056748704132426,0.6704224660006495,0.0
0.3567322077468402,-0.7614479883621414,-0.8539924927561846,0.6432677922531598,0.0
0.3763126749923595,-0.5615631728009791,-0.8247705505484164,0.6236873250076405,0.0
0.38103216482279395,-0.4853035016414137,-1.3957323179927394,0.6189678351772061,0.0
0.31462570303475035,-1.148268141182956,0.7065633119332577,0.6853742969652497,0.0
0.25749314071326534,-1.042429424531186,1.0554197899630025,0.7425068592867347,0.0
0.3295775339993506,-1.0134212462549501,0.32056748704132426,0.6704224660006495,0.0
0.3382626151101762,-0.9713362676973981,-0.4422339922822067,0.6617373848898238,0.0
0.3763126749923595,-0.5615631728009791,-0.8247705505484164,0.6236873250076405,0.0
0.38103216482279395,-0.4853035016414137,-1.3957323179927394,0.6189678351772061,0.0
0.31462570303475035,-1.148268141182956,0.7065633119332577,0.6853742969652497,0.0
0.25749314071326534,-1.042429424531186,1.0554197899630025,0.7425068592867347,0.0
0.3295775339993506,-1.0134212462549501,0.32056748704132426,0.6704224660006495,0.0
0.3406054054759285,-0.9461060193918664,-0.46578725254064224,0.6593945945240716,0.0
0.3763126749923595,-0.5615631728009791,-0.8247705505484164,0.6236873250076405,0.0
0.37997666255828055,-0.49584104060203327,-1.3623172294860517,0.6200233374417194,0.0
0.31462570303475035,-1.148268141182956,0.7065633119332577,0.6853742969652497,0.0
0.25749314071326534,-1.042429424531186,1.0554197899630025,0.7425068592867347,0.0
0.3295775339993506,-1.0134212462549501,0.32056748704132426,0.6704224660006495,0.0
0.35063171364988455,-0.8314412671884053,-0.6940981194566402,0.6493682863501155,0.0
0.39543932416385513,-0.35558225581241754,-1.0170604593654895,0.6045606758361448,0.0
0.3855545075191964,-0.4320506404691018,-1.4893313404085218,0.6144454924808036,0.0
0.3135464455557199,-1.1580016995825693,0.734425376577745,0.68645355444428,0.0
0.25749314071326534,-1.042429424531186,1.0554197899630025,0.7425068592867347,0.0
0.3385278789576369,-0.9360597144744421,-0.11077713650639509,0.6614721210423631,0.0
0.35063171364988455,-0.8314412671884053,-0.6940981194566402,0.6493682863501155,0.0
0.39543932416385513,-0.35558225581241754,-1.0170604593654895,0.6045606758361448,0.0
0.3855545075191964,-0.4320506404691018,-1.4893313404085218,0.6144454924808036,0.0
0.3135464455557199,-1.1580016995825693,0.734425376577745,0.68645355444428,0.0
0.25749314071326534,-1.042429424531186,1.0554197899630025,0.7425068592867347,0.0
0.33203056301975925,-0.9937836718601935,0.10904803007409544,0.6679694369802407,0.0
0.3497937572186534,-0.8386840710565794,-0.6537144244076404,0.6502062427813466,0.0
0.39543932416385513,-0.35558225581241754,-1.0170604593654895,0.6045606758361448,0.0
0.38995253842817773,-0.39802772114042645,-1.279204839644196,0.6100474615718223,0.0
0.32511211375599525,-1.0552490945509436,0.3431214961679092,0.6748878862440048,0.0
0.25749314071326534,-1.042429424531186,1.0554197899630025,0.7425068592867347,0.0
0.3333798502300275,-0.9817962299424305,0.06339728927619165,0.6666201497699725,0.0
0.34329053176048696,-0.8957455538653619,-0.39106381339344354,0.656709468239513,0.0
0.39543932416385513,-0.35558225581241754,-1.0170604593654895,0.6045606758361448,0.0
0.38995253842817773,-0.39802772114042645,-1.279204839644196,0.6100474615718223,0.0
0.32513768956954625,-1.0550246837789892,0.3420885467338832,0.6748623104304537,0.0
0.25749314071326534,-1.042429424531186,1.0554197899630025,0.7425068592867347,0.0
0.3328615559542121,-0.9862963818950198,0.08716402896714948,0.6671384440457879,0.0
0.34329053176048696,-0.8957455538653619,-0.39106381339344354,0.656709468239513,0.0
0.3978955139617536,-0.3365813099165712,-0.8997100864084752,0.6021044860382464,0.0
0.38995253842817773,-0.39802772114042645,-1.279204839644196,0.6100474615718223,0.0
0.29802399476757835,-1.0499761762352082,0.6280102647235335,0.7019760052324217,0.0
0.25749314071326534,-1.042429424531186,1.0554197899630025,0.7425068592867347,0.0
0.35244995835573795,-0.7765550134779144,-0.6022826764544869,0.6475500416442621,0.0
0.36236946953405924,-0.7003740074342361,-0.5687844205688843,0.6376305304659408,0.0
0.3978955139617536,-0.3365813099165712,-0.8997100864084752,0.6021044860382464,0.0
0.3822025992335018,-0.45798081412213754,-1.6494768176760024,0.6177974007664981,0.0
0.29802399476757835,-1.0499761762352082,0.6280102647235335,0.7019760052324217,0.0
0.25749314071326534,-1.042429424531186,1.0554197899630025,0.7425068592867347,0.0
0.35244995835573795,-0.7765550134779144,-0.6022826764544869,0.6475500416442621,0.0
0.3708023229260472,-0.6356104073261499,-0.5403066180146671,0.6291976770739528,0.0
0.330500671728383,-0.6753969668355775,0.03877596988205756,0.6694993282716171,0.0
0.3822025992335018,-0.45798081412213754,-1.6494768176760024,0.6177974007664981,0.0
0.29802399476757835,-1.0499761762352082,0.6280102647235335,0.7019760052324217,0.0
0.25589944290203315,-1.0481513489562495,1.0778637405242528,0.7441005570979669,0.0
0.3296839635766236,-0.8909251477567334,-0.08765985989615244,0.6703160364233764,0.0
0.3969449847276222,-0.47328372363449606,-0.8280951217463346,0.6030550152723778,0.0
0.3254041778861037,-0.6804283228599438,0.11200599286329638,0.6745958221138963,0.0
0.3822025992335018,-0.45798081412213754,-1.6494768176760024,0.6177974007664981,0.0
0.30066375174338805,-1.0367147588134764,0.568338847634087,0.6993362482566119,0.0
0.24256304293822617,-1.1187091512850507,1.26319018244077,0.7574369570617738,0.0
0.3237696381678399,-0.9206371018239364,0.046032817689062366,0.6762303618321601,0.0
0.3525342229450601,-0.6589520380990175,-0.2264990258096422,0.6474657770549399,0.0
0.3337806031498459,-0.6561745950812852,0.0019333353891811678,0.6662193968501541,0.0
0.3822025992335018,-0.45798081412213754,-1.6494768176760024,0.6177974007664981,0.0
0.31272025986501084,-0.9761461578723621,0.2958028030813561,0.6872797401349892,0.0
0.24256304293822617,-1.1187091512850507,1.26319018244077,0.7574369570617738,0.0
0.3261715531958396,-0.9085705373296556,-0.008262208240443603,0.6738284468041604,0.0
0.3345199900634214,-0.8024697464666809,0.00982175344136943,0.6654800099365785,0.0
0.33413477770524347,-0.7262515997555721,0.00571197537472419,0.6658652222947565,0.0
0.37798143249795185,-0.48946021352683206,-1.5312978717580141,0.6220185675020482,0.0
0.31306761006770356,-0.9735557897469389,0.2860781266138497,0.6869323899322964,0.0
0.24256304293822617,-1.1187091512850507,1.26319018244077,0.7574369570617738,0.0
0.3406756666264761,-0.8721164217907625,-0.22882934475888095,0.6593243333735239,0.0
0.3267787828791327,-0.8642070692083548,0.10951035774239451,0.6732212171208674,0.0
0.3875873939257062,-0.49716472116687915,-0.7283081912073646,0.6124126060742938,0.0
0.3816341201430045,-0.46973407991363686,-1.6593399517180039,0.6183658798569955,0.0
0.31655394904188594,-0.9663781863353107,0.2377614858476289,0.6834460509581141,0.0
0.24256304293822617,-1.1187091512850507,1.26319018244077,0.7574369570617738,0.0
0.3406756666264761,-0.8721164217907625,-0.22882934475888095,0.6593243333735239,0.0
0.3179133539867565,-0.916741968201271,0.23322119886582615,0.6820866460132435,0.0
0.384344980029882,-0.5230803860625897,-0.6937855409953058,0.6156550199701181,0.0
0.3816341201430045,-0.46973407991363686,-1.6593399517180039,0.6183658798569955,0.0
0.31655394904188594,-0.9663781863353107,0.2377614858476289,0.6834460509581141,0.0
0.24256304293822617,-1.1187091512850507,1.26319018244077,0.7574369570617738,0.0
0.3406756666264761,-0.8721164217907625,-0.22882934475888095,0.6593243333735239,0.0
0.3330495721334581,-0.8306521167738589,0.020755032751365143,0.6669504278665419,0.0
0.3657658861645704,-0.6445724377620455,-0.43848186144614143,0.6342341138354296,0.0
0.37999295748621337,-0.48781663303614964,-1.5330734302059947,0.6200070425137867,0.0
0.31655394904188594,-0.9663781863353107,0.2377614858476289,0.6834460509581141,0.0
0.25668710050070986,-1.08085136304353,1.0701273933274522,0.7433128994992901,0.0
0.3406756666264761,-0.8721164217907625,-0.22882934475888095,0.6593243333735239,0.0
0.33675490037265043,-0.8185117248666112,-0.030163552751870437,0.6632450996273496,0.0
0.36647378616566195,-0.6367726993740221,-0.4929457321333659,0.633526213834338,0.0
0.37999295748621337,-0.48781663303614964,-1.5330734302059947,0.6200070425137867,0.0
0.3035433948341323,-1.017220245696325,0.4894270346692825,0.6964566051658677,0.0
0.25668710050070986,-1.08085136304353,1.0701273933274522,0.7433128994992901,0.0
0.3406756666264761,-0.8721164217907625,-0.22882934475888095,0.6593243333735239,0.0
0.33675490037265043,-0.8185117248666112,-0.030163552751870437,0.6632450996273496,0.0
0.3746281544725942,-0.6037889094100679,-0.6090424507698422,0.6253718455274058,0.0
0.37999295748621337,-0.48781663303614964,-1.5330734302059947,0.6200070425137867,0.0
0.26673720435809445,-1.1610498236800446,1.2013759630758956,0.7332627956419056,0.0
0.25668710050070986,-1.08085136304353,1.0701273933274522,0.7433128994992901,0.0
0.3446278304423186,-0.8622941957429229,-0.2899530197472402,0.6553721695576814,0.0
0.3360017891913807,-0.8235545621592268,-0.011044146382361175,0.6639982108086193,0.0
0.3772336170737614,-0.5474659786151443,-1.0578060219818703,0.6227663829262386,0.0
0.3809696008417572,-0.4667042915652054,-1.70128999176324,0.6190303991582429,0.0
0.26673720435809445,-1.1610498236800446,1.2013759630758956,0.7332627956419056,0.0
0.25668710050070986,-1.08085136304353,1.0701273933274522,0.7433128994992901,0.0
0.3446278304423186,-0.8622941957429229,-0.2899530197472402,0.6553721695576814,0.0
0.3343081949700829,-0.8369943879805378,0.05261451280626406,0.6656918050299171,0.0
0.37505503657795897,-0.5945608931386848,-0.6825684104225291,0.624944963422041,0.0
0.3825803309841764,-0.4318847388684478,-1.9787213433577964,0.6174196690158236,0.0
0.26673720435809445,-1.1610498236800446,1.2013759630758956,0.7332627956419056,0.0
0.25668710050070986,-1.08085136304353,1.0701273933274522,0.7433128994992901,0.0
0.33981988107869765,-0.9168199014205698,-0.07601421542915365,0.6601801189213024,0.0
0.3361460818725143,-0.828180291346173,0.0213689501121741,0.6638539181274856,0.0
0.36363076894424434,-0.699046685973199,-0.48590580570940634,0.6363692310557556,0.0
0.3825803309841764,-0.4318847388684478,-1.9787213433577964,0.6174196690158236,0.0
0.26673720435809445,-1.1610498236800446,1.2013759630758956,0.7332627956419056,0.0
0.25668710050070986,-1.08085136304353,1.0701273933274522,0.7433128994992901,0.0
0.33981988107869765,-0.9168199014205698,-0.07601421542915365,0.6601801189213024,0.0
0.3361460818725143,-0.828180291346173,0.0213689501121741,0.6638539181274856,0.0
0.36680988368358025,-0.6841099851436279,-0.5445815566436122,0.6331901163164197,0.0
0.3825803309841764,-0.4318847388684478,-1.9787213433577964,0.6174196690158236,0.0
0.26673720435809445,-1.1610498236800446,1.2013759630758956,0.7332627956419056,0.0
0.25668710050070986,-1.08085136304353,1.0701273933274522,0.7433128994992901,0.0
0.3353673545229013,-0.9673148492958982,0.1221093785398566,0.6646326454770988,0.0
0.3361460818725143,-0.828180291346173,0.0213689501121741,0.6638539181274856,0.0
0.373900959331186,-0.5706985981688468,-1.1894328739836775,0.626099040668814,0.0
0.3822676109286316,-0.43688623892241185,-1.9502830711127679,0.6177323890713684,0.0
0.26595331461299304,-1.1547944902269789,1.1911388143513642,0.7340466853870069,0.0
0.25668710050070986,-1.08085136304353,1.0701273933274522,0.7433128994992901,0.0
0.3353673545229013,-0.9673148492958982,0.1221093785398566,0.6646326454770988,0.0
0.3361460818725143,-0.828180291346173,0.0213689501121741,0.6638539181274856,0.0
0.3771481147749581,-0.518765094578987,-1.484724106172321,0.622851885225042,0.0
0.3822676109286316,-0.43688623892241185,-1.9502830711127679,0.6177323890713684,0.0
0.27293757699076915,-1.2105279532167768,1.282349259620288,0.7270624230092309,0.0
0.25668710050070986,-1.08085136304353,1.0701273933274522,0.7433128994992901,0.0
0.3353673545229013,-0.9673148492958982,0.1221093785398566,0.6646326454770988,0.0
0.33406775969878316,-0.8347891338193961,0.048800184313667394,0.6659322403012169,0.0
0.3820104278689566,-0.4665642889327446,-1.6717223188773351,0.6179895721310433,0.0
0.36752233665273654,-0.512498627715231,-1.5956358366637806,0.6324776633472635,0.0
0.27293757699076915,-1.2105279532167768,1.282349259620288,0.7270624230092309,0.0
0.25668710050070986,-1.08085136304353,1.0701273933274522,0.7433128994992901,0.0
0.3353673545229013,-0.9673148492958982,0.1221093785398566,0.6646326454770988,0.0
0.3471103784171531,-0.7346149791928633,-0.41926135381024365,0.6528896215828469,0.0
0.3820104278689566,-0.4665642889327446,-1.6717223188773351,0.6179895721310433,0.0
0.35988750077599635,-0.6204895820198066,-1.1877767141433262,0.6401124992240037,0.0
0.2914119797173693,-1.0845178211144262,0.7819982778226486,0.7085880202826307,0.0
0.25668710050070986,-1.08085136304353,1.0701273933274522,0.7433128994992901,0.0
0.3353673545229013,-0.9673148492958982,0.1221093785398566,0.6646326454770988,0.0
0.36179162275814286,-0.6423859521871528,-0.7358949838725448,0.6382083772418572,0.0
0.38054299287799204,-0.4767743013836879,-1.63962174235208,0.619457007122008,0.0
0.3691716211074912,-0.5790744890584955,-1.3909024130245067,0.6308283788925089,0.0
0.2914119797173693,-1.0845178211144262,0.7819982778226486,0.7085880202826307,0.0
0.25668710050070986,-1.08085136304353,1.0701273933274522,0.7433128994992901,0.0
0.3353673545229013,-0.9673148492958982,0.1221093785398566,0.6646326454770988,0.0
0.36444442857742804,-0.6189564348673597,-0.8637475935013458,0.635555571422572,0.0
0.38054299287799204,-0.4767743013836879,-1.63962174235208,0.619457007122008,0.0
0.3691716211074912,-0.5790744890584955,-1.3909024130245067,0.6308283788925089,0.0
0.2914119797173693,-1.0845178211144262,0.7819982778226486,0.7085880202826307,0.0
0.25668710050070986,-1.08085136304353,1.0701273933274522,0.7433128994992901,0.0
0.3206869534988522,-0.9917371728076068,0.2928452217860944,0.6793130465011479,0.0
0.36685363937943516,-0.5976783428930785,-0.9798600831314791,0.6331463606205648,0.0
0.38054299287799204,-0.4767743013836879,-1.63962174235208,0.619457007122008,0.0
0.3681429917602248,-0.5873301494870851,-1.2084979538438478,0.6318570082397752,0.0
0.30052580956945696,-1.025277263340774,0.5273231426518172,0.699474190430543,0.0
0.25668710050070986,-1.08085136304353,1.0701273933274522,0.7433128994992901,0.0
0.3317118091530325,-0.8977864508132981,-0.0559426754999206,0.6682881908469676,0.0
0.36845330608932875,-0.5840242808799546,-1.023959075054958,0.6315466939106713,0.0
0.3854042225161263,-0.43343258226890113,-1.8086371898908735,0.6145957774838737,0.0
0.3681429917602248,-0.5873301494870851,-1.2084979538438478,0.6318570082397752,0.0
0.33171643009257573,-0.985737078614432,0.1411256071676038,0.6682835699074243,0.0
0.25668710050070986,-1.08085136304353,1.0701273933274522,0.7433128994992901,0.0
0.34267732563376346,-0.8041439884117426,-0.34484761046604195,0.6573226743662366,0.0
0.36845330608932875,-0.5840242808799546,-1.023959075054958,0.6315466939106713,0.0
0.3766926987382744,-0.5111027284556908,-1.5057545450332284,0.6233073012617256,0.0
0.361385730149936,-0.6475764979419729,-0.9735611826531773,0.638614269850064,0.0
0.3208735544354123,-0.999482534756647,0.2753804500058368,0.6791264455645877,0.0
0.25668710050070986,-1.08085136304353,1.0701273933274522,0.7433128994992901,0.0
0.3376378784638563,-0.8492920628249454,-0.2014959620008268,0.6623621215361437,0.0
0.3617689837291346,-0.6431829087275973,-0.6330957711404243,0.6382310162708654,0.0
0.3766926987382744,-0.5111027284556908,-1.5057545450332284,0.6233073012617256,0.0
0.361385730149936,-0.6475764979419729,-0.9735611826531773,0.638614269850064,0.0
0.3252539747808676,-0.9602386381445971,0.15077541768377895,0.6747460252191324,0.0
0.25668710050070986,-1.08085136304353,1.0701273933274522,0.7433128994992901,0.0
0.334027574327874,-0.8816365391712717,-0.09879758420170376,0.665972425672126,0.0
0.3617689837291346,-0.6431829087275973,-0.6330957711404243,0.6382310162708654,0.0
0.38221480619773907,-0.4631448811878739,-1.6878556788262338,0.6177851938022609,0.0
0.361385730149936,-0.6475764979419729,-0.9735611826531773,0.638614269850064,0.0
0.3132563234526521,-1.0640589840804062,0.5241145585200399,0.6867436765473479,0.0
0.25668710050070986,-1.08085136304353,1.0701273933274522,0.7433128994992901,0.0
0.334027574327874,-0.8816365391712717,-0.09879758420170376,0.665972425672126,0.0
0.3617689837291346,-0.6431829087275973,-0.6330957711404243,0.6382310162708654,0.0
0.3811156107206935,-0.4728785108456303,-1.6504343459897861,0.6188843892793066,0.0
0.3613801107542728,-0.6476409182566608,-0.9785532034998783,0.6386198892457272,0.0
0.3225147274801002,-0.9827475258158296,0.2464628982726071,0.6774852725198999,0.0
0.25668710050070986,-1.08085136304353,1.0701273933274522,0.7433128994992901,0.0
0.33018934640214154,-0.8915231077733097,-0.040786554920127394,0.6698106535978585,0.0
0.4051148723136821,-0.26822407709967366,-1.6043344527773473,0.5948851276863178,0.0
0.35606282311919635,-0.6906837448973338,-0.873477489527945,0.6439371768808037,0.0
0.3614191111095087,-0.6471938212185077,-0.943907024794121,0.6385808888904914,0.0
0.3132747133954999,-1.0626772492226857,0.4535011985794334,0.6867252866045002,0.0
0.25668710050070986,-1.08085136304353,1.0701273933274522,0.7433128994992901,0.0
0.33018934640214154,-0.8915231077733097,-0.040786554920127394,0.6698106535978585,0.0
0.37008461782832547,-0.5596377628808302,-0.8733221562917977,0.6299153821716745,0.0
0.35732472012724775,-0.6807441269853547,-0.9063960638494473,0.6426752798727522,0.0
0.38588860769329153,-0.45575418987026184,-1.6515301356116314,0.6141113923067085,0.0
0.29560339351592324,-1.2191529864018609,0.866223595522505,0.7043966064840768,0.0
0.25668710050070986,-1.08085136304353,1.0701273933274522,0.7433128994992901,0.0
0.327278984625967,-0.9190927247976013,0.03553713872320752,0.6727210153740331,0.0
0.37008461782832547,-0.5596377628808302,-0.8733221562917977,0.6299153821716745,0.0
0.3407792975247047,-0.8110678996959746,-0.47478261192160387,0.6592207024752953,0.0
0.38588860769329153,-0.45575418987026184,-1.6515301356116314,0.6141113923067085,0.0
0.27482676428797675,-1.1660324388226673,1.0147034979715384,0.7251732357120233,0.0
0.25074714344667653,-1.1044669832063783,1.1867881857377716,0.7492528565533234,0.0
0.30128920807559434,-1.1373386293956176,0.5873582011871958,0.6987107919244057,0.0
0.40530629030217613,-0.2638681645692834,-1.6211570093005734,0.5946937096978239,0.0
0.32573795437493674,-0.9295444495552394,-0.08240544547166784,0.6742620456250632,0.0
0.38588860769329153,-0.45575418987026184,-1.6515301356116314,0.6141113923067085,0.0
0.27482676428797675,-1.1660324388226673,1.0147034979715384,0.7251732357120233,0.0
0.25074714344667653,-1.1044669832063783,1.1867881857377716,0.7492528565533234,0.0
0.30128920807559434,-1.1373386293956176,0.5873582011871958,0.6987107919244057,0.0
0.40530629030217613,-0.2638681645692834,-1.6211570093005734,0.5946937096978239,0.0
0.32573795437493674,-0.9295444495552394,-0.08240544547166784,0.6742620456250632,0.0
0.3777806967695669,-0.5210764728609364,-1.4369576057241544,0.6222193032304331,0.0
0.26067783191018923,-1.1813744371846786,1.2431963671371782,0.7393221680898108,0.0
0.25525617098947045,-1.0799437938462668,1.104870664318474,0.7447438290105295,0.0
0.30128920807559434,-1.1373386293956176,0.5873582011871958,0.6987107919244057,0.0
0.3854764519384686,-0.4297664830397829,-1.237672870326849,0.6145235480615314,0.0
0.3087130270687475,-1.0719766146781025,0.24683524067800677,0.6912869729312525,0.0
0.3571447854483975,-0.6873319795843189,-0.8908366948788695,0.6428552145516024,0.0
0.26067783191018923,-1.1813744371846786,1.2431963671371782,0.7393221680898108,0.0
0.25525617098947045,-1.0799437938462668,1.104870664318474,0.7447438290105295,0.0
0.30128920807559434,-1.1373386293956176,0.5873582011871958,0.6987107919244057,0.0
0.3854764519384686,-0.4297664830397829,-1.237672870326849,0.6145235480615314,0.0
0.3087130270687475,-1.0719766146781025,0.24683524067800677,0.6912869729312525,0.0
0.34883888754623554,-0.7628415765283709,-0.7891559178918597,0.6511611124537644,0.0
0.26067783191018923,-1.1813744371846786,1.2431963671371782,0.7393221680898108,0.0
0.25584447124760973,-1.0806772974060335,1.098256877027385,0.7441555287523902,0.0
0.3336778571671613,-0.8651203585063348,-0.11477062788760817,0.6663221428328387,0.0
0.3854764519384686,-0.4297664830397829,-1.237672870326849,0.6145235480615314,0.0
0.3144900126711966,-1.0588198107248001,0.12700718828028368,0.6855099873288034,0.0
0.3772721025599496,-0.5178375464720026,-1.547534836566561,0.6227278974400504,0.0
0.26067783191018923,-1.1813744371846786,1.2431963671371782,0.7393221680898108,0.0
0.25584447124760973,-1.0806772974060335,1.098256877027385,0.7441555287523902,0.0
0.3336778571671613,-0.8651203585063348,-0.11477062788760817,0.6663221428328387,0.0
0.37410362547290044,-0.5253521663706417,-0.991130036540694,0.6258963745270996,0.0
0.3048791592699237,-1.0807080622674161,0.3263585324252881,0.6951208407300763,0.0
0.3904761308971571,-0.4566344089297444,-1.835237959678484,0.6095238691028428,0.0
0.26067783191018923,-1.1813744371846786,1.2431963671371782,0.7393221680898108,0.0
0.25733871822024157,-1.0737511835979932,1.0656986675364752,0.7426612817797584,0.0
0.3107783313184326,-1.0575849874910745,0.38165073334546784,0.6892216686815674,0.0
0.37410362547290044,-0.5253521663706417,-0.991130036540694,0.6258963745270996,0.0
0.3397832674487781,-0.8262278640364236,-0.5550815041217261,0.6602167325512218,0.0
0.3904761308971571,-0.4566344089297444,-1.835237959678484,0.6095238691028428,0.0
0.26067783191018923,-1.1813744371846786,1.2431963671371782,0.7393221680898108,0.0
0.25733871822024157,-1.0737511835979932,1.0656986675364752,0.7426612817797584,0.0
0.31855652349159413,-1.0383664539415198,0.2478942322181038,0.6814434765084059,0.0
0.3837935604422307,-0.46930836061048387,-1.1820079389282658,0.6162064395577693,0.0
0.3397832674487781,-0.8262278640364236,-0.5550815041217261,0.6602167325512218,0.0
0.3743107251876997,-0.574493763145227,-1.4270099159671816,0.6256892748123003,0.0
0.2935394444981394,-0.9913122913938345,0.5958694552730304,0.7064605555018606,0.0
0.25733871822024157,-1.0737511835979932,1.0656986675364752,0.7426612817797584,0.0
0.31033601427018204,-1.1205216463746956,0.5588637081992629,0.6896639857298179,0.0
0.3837935604422307,-0.46930836061048387,-1.1820079389282658,0.6162064395577693,0.0
0.33401983935331864,-0.8682480845992038,-0.4095365658277419,0.6659801606466813,0.0
0.3743107251876997,-0.574493763145227,-1.4270099159671816,0.6256892748123003,0.0
0.2935394444981394,-0.9913122913938345,0.5958694552730304,0.7064605555018606,0.0
0.26402621133454096,-1.079652940311714,1.0017434178675138,0.735973788665459,0.0
0.31033601427018204,-1.1205216463746956,0.5588637081992629,0.6896639857298179,0.0
0.3827608845324092,-0.48076299715608883,-1.2086885289370217,0.6172391154675908,0.0
0.33401983935331864,-0.8682480845992038,-0.4095365658277419,0.6659801606466813,0.0
0.3743107251876997,-0.574493763145227,-1.4270099159671816,0.6256892748123003,0.0
0.2935394444981394,-0.9913122913938345,0.5958694552730304,0.7064605555018606,0.0
0.26402621133454096,-1.079652940311714,1.0017434178675138,0.735973788665459,0.0
0.3049304926090219,-1.1713113167184148,0.7349287378559153,0.6950695073909781,0.0
0.3827608845324092,-0.48076299715608883,-1.2086885289370217,0.6172391154675908,0.0
0.3497507863286987,-0.7006863833262877,-1.0527541756600818,0.6502492136713013,0.0
0.3613081353757396,-0.6415933597168342,-1.1013660673274035,0.6386918646242604,0.0
0.2935394444981394,-0.9913122913938345,0.5958694552730304,0.7064605555018606,0.0
0.26402621133454096,-1.079652940311714,1.0017434178675138,0.735973788665459,0.0
0.3049304926090219,-1.1713113167184148,0.7349287378559153,0.6950695073909781,0.0
0.3827608845324092,-0.48076299715608883,-1.2086885289370217,0.6172391154675908,0.0
0.3497507863286987,-0.7006863833262877,-1.0527541756600818,0.6502492136713013,0.0
0.3590645675761233,-0.6530647797122423,-1.0919292947267556,0.6409354324238767,0.0
0.2937464541147858,-0.9945834152506083,0.5983965808279742,0.7062535458852142,0.0
0.26402621133454096,-1.079652940311714,1.0017434178675138,0.735973788665459,0.0
0.3049304926090219,-1.1713113167184148,0.7349287378559153,0.6950695073909781,0.0
0.3827608845324092,-0.48076299715608883,-1.2086885289370217,0.6172391154675908,0.0
0.35887730592606537,-0.6603403599215665,-1.2714827322186903,0.6411226940739346,0.0
0.36018278905847034,-0.6473472844468509,-1.0966326969809121,0.6398172109415297,0.0
0.3041090737703641,-0.9347669839259007,0.3880246715780087,0.6958909262296359,0.0
0.26402621133454096,-1.079652940311714,1.0017434178675138,0.735973788665459,0.0
0.3139454947634979,-1.0913259223913236,0.5098018508570323,0.6860545052365021,0.0
0.3901923005652932,-0.4148279334019701,-1.394269356185754,0.6098076994347068,0.0
0.340651820974109,-0.8351590614175552,-0.5489484180211632,0.659348179025891,0.0
0.36018278905847034,-0.6473472844468509,-1.0966326969809121,0.6398172109415297,0.0
0.3041090737703641,-0.9347669839259007,0.3880246715780087,0.6958909262296359,0.0
0.26402621133454096,-1.079652940311714,1.0017434178675138,0.735973788665459,0.0
0.3139454947634979,-1.0913259223913236,0.5098018508570323,0.6860545052365021,0.0
0.38726598691143815,-0.44079158238591754,-1.3211920710131027,0.6127340130885619,0.0
0.340651820974109,-0.8351590614175552,-0.5489484180211632,0.659348179025891,0.0
0.39085967018478074,-0.446970694514508,-1.9885154002982934,0.6091403298152193,0.0
0.3076214004617012,-0.9906700546386478,0.43150809278131264,0.6923785995382987,0.0
0.26402621133454096,-1.079652940311714,1.0017434178675138,0.735973788665459,0.0
0.33426052168973647,-0.9110813243737976,0.0024854140071757236,0.6657394783102635,0.0
0.38726598691143815,-0.44079158238591754,-1.3211920710131027,0.6127340130885619,0.0
0.3384353559530276,-0.8522959424104269,-0.48539760053179726,0.6615646440469725,0.0
0.3661165663159259,-0.6382751465865495,-1.2790774154286677,0.6338834336840742,0.0
0.2993104700432251,-1.0155003181320963,0.5653555121731973,0.7006895299567749,0.0
0.26402621133454096,-1.079652940311714,1.0017434178675138,0.735973788665459,0.0
0.33073723418686085,-0.9606923480842429,0.4142268196732696,0.6692627658131391,0.0
0.38726598691143815,-0.44079158238591754,-1.3211920710131027,0.6127340130885619,0.0
0.34053162219267147,-0.8227786481125597,-0.7303732397485464,0.6594683778073285,0.0
0.3661165663159259,-0.6382751465865495,-1.2790774154286677,0.6338834336840742,0.0
0.2993104700432251,-1.0155003181320963,0.5653555121731973,0.7006895299567749,0.0
0.26402621133454096,-1.079652940311714,1.0017434178675138,0.735973788665459,0.0
0.33486080191127343,-0.9535692401397736,0.40136256264267317,0.6651391980887266,0.0
0.38726598691143815,-0.44079158238591754,-1.3211920710131027,0.6127340130885619,0.0
0.34206250025611123,-0.8012225225221495,-0.9092760074703435,0.6579374997438887,0.0
0.3767604824702978,-0.5661709874510186,-1.4427144142749002,0.6232395175297022,0.0
0.30505078102617894,-1.0050634826944196,0.4943606158777346,0.6949492189738211,0.0
0.26402621133454096,-1.079652940311714,1.0017434178675138,0.735973788665459,0.0
0.33539618690811823,-0.9422435579151787,0.30392773642177473,0.6646038130918818,0.0
0.38726598691143815,-0.44079158238591754,-1.3211920710131027,0.6127340130885619,0.0
0.34040667356280885,-0.8362503381274902,-0.6079317653555067,0.6595933264371912,0.0
0.368638354448035,-0.6631056548912578,-1.5366670688159274,0.6313616455519651,0.0
0.3250251939454419,-0.968746694070665,0.24732149587589292,0.6749748060545582,0.0
0.2607751788689374,-1.0855638554079183,1.0419514681689865,0.7392248211310626,0.0
0.33539618690811823,-0.9422435579151787,0.30392773642177473,0.6646038130918818,0.0
0.38726598691143815,-0.44079158238591754,-1.3211920710131027,0.6127340130885619,0.0
0.34040667356280885,-0.8362503381274902,-0.6079317653555067,0.6595933264371912,0.0
0.368638354448035,-0.6631056548912578,-1.5366670688159274,0.6313616455519651,0.0
0.3250251939454419,-0.968746694070665,0.24732149587589292,0.6749748060545582,0.0
0.2607751788689374,-1.0855638554079183,1.0419514681689865,0.7392248211310626,0.0
0.33517738609089387,-0.9428027047462196,0.3027334928487619,0.6648226139091061,0.0
0.38726598691143815,-0.44079158238591754,-1.3211920710131027,0.6127340130885619,0.0
0.3280004132765191,-0.9123378377046052,-0.1998040325917836,0.6719995867234809,0.0
0.368638354448035,-0.6631056548912578,-1.5366670688159274,0.6313616455519651,0.0
0.32212101294505585,-1.0238086947778546,0.683771155569808,0.6778789870549442,0.0
0.2607751788689374,-1.0855638554079183,1.0419514681689865,0.7392248211310626,0.0
0.33517738609089387,-0.9428027047462196,0.3027334928487619,0.6648226139091061,0.0
0.3764161593491775,-0.566620184060783,-1.1125949936499284,0.6235838406508225,0.0
0.3519208230732425,-0.8506997137555662,-0.6416515130400364,0.6480791769267575,0.0
0.37227637863337026,-0.6196871488570752,-1.4945842515345666,0.6277236213666297,0.0
0.32212101294505585,-1.0238086947778546,0.683771155569808,0.6778789870549442,0.0
0.2607751788689374,-1.0855638554079183,1.0419514681689865,0.7392248211310626,0.0
0.33517738609089387,-0.9428027047462196,0.3027334928487619,0.6648226139091061,0.0
0.3764161593491775,-0.566620184060783,-1.1125949936499284,0.6235838406508225,0.0
0.33257781697384325,-0.9005427815639238,-0.28435585707324584,0.6674221830261567,0.0
0.3742059034737737,-0.5977892212323404,-1.5754346562929709,0.6257940965262263,0.0
0.33031938010800166,-0.9567515496588634,0.3281632517363571,0.6696806198919983,0.0
0.2607751788689374,-1.0855638554079183,1.0419514681689865,0.7392248211310626,0.0
0.34283345584623937,-0.8729635851130746,0.039974619021568625,0.6571665441537606,0.0
0.4019733686601173,-0.3334858141303333,-1.9897269623104359,0.5980266313398828,0.0
0.33257781697384325,-0.9005427815639238,-0.28435585707324584,0.6674221830261567,0.0
0.3742059034737737,-0.5977892212323404,-1.5754346562929709,0.6257940965262263,0.0
0.33031938010800166,-0.9567515496588634,0.3281632517363571,0.6696806198919983,0.0
0.2607751788689374,-1.0855638554079183,1.0419514681689865,0.7392248211310626,0.0
0.34283345584623937,-0.8729635851130746,0.039974619021568625,0.6571665441537606,0.0
0.37243365420023644,-0.4908261498934344,-1.3554772222607514,0.6275663457997636,0.0
0.33257781697384325,-0.9005427815639238,-0.28435585707324584,0.6674221830261567,0.0
0.3742059034737737,-0.5977892212323404,-1.5754346562929709,0.6257940965262263,0.0
0.33031938010800166,-0.9567515496588634,0.3281632517363571,0.6696806198919983,0.0
0.2607751788689374,-1.0855638554079183,1.0419514681689865,0.7392248211310626,0.0
0.34283345584623937,-0.8729635851130746,0.039974619021568625,0.6571665441537606,0.0
0.37243365420023644,-0.4908261498934344,-1.3554772222607514,0.6275663457997636,0.0
0.32253158286787154,-0.9275588521809932,-0.6020639912119933,0.6774684171321285,0.0
0.3600970058237909,-0.7215413422649684,-0.8489486517951115,0.6399029941762091,0.0
0.34293496462628587,-0.8571024278899825,-0.1705318036792145,0.6570650353737142,0.0
0.2607751788689374,-1.0855638554079183,1.0419514681689865,0.7392248211310626,0.0
0.34283345584623937,-0.8729635851130746,0.039974619021568625,0.6571665441537606,0.0
0.37243365420023644,-0.4908261498934344,-1.3554772222607514,0.6275663457997636,0.0
0.319911786208553,-0.9504867756903735,-0.5625107339405304,0.680088213791447,0.0
0.3600970058237909,-0.7215413422649684,-0.8489486517951115,0.6399029941762091,0.0
0.3429798905995551,-0.8500825629571443,-0.2636981870691362,0.6570201094004449,0.0
0.2607751788689374,-1.0855638554079183,1.0419514681689865,0.7392248211310626,0.0
0.34706576166928715,-0.8358411368924976,-0.17795246667125098,0.6529342383307128,0.0
0.3618437439547866,-0.619994470147045,-0.9629351299396336,0.6381562560452134,0.0
0.319911786208553,-0.9504867756903735,-0.5625107339405304,0.680088213791447,0.0
0.3600970058237909,-0.7215413422649684,-0.8489486517951115,0.6399029941762091,0.0
0.3602547449259272,-0.7748935435508879,-0.039928468907594494,0.6397452550740728,0.0
0.2607751788689374,-1.0855638554079183,1.0419514681689865,0.7392248211310626,0.0
0.3529279840944291,-0.7502177313597327,-0.4893442983203472,0.647072015905571,0.0
0.3618437439547866,-0.619994470147045,-0.9629351299396336,0.6381562560452134,0.0
0.319911786208553,-0.9504867756903735,-0.5625107339405304,0.680088213791447,0.0
0.35990186800451673,-0.732885707414831,-0.8362145891573509,0.6400981319954833,0.0
0.360259861164157,-0.7766240122055568,-0.013688050822899145,0.639740138835843,0.0
0.2607751788689374,-1.0855638554079183,1.0419514681689865,0.7392248211310626,0.0
0.3536216368037686,-0.7484938131639727,-0.5238455203267008,0.6463783631962314,0.0
0.38729984044529925,-0.4193588578010262,-1.206025188443377,0.6127001595547008,0.0
0.326949914783593,-0.9201589723152597,-0.4667766843500471,0.673050085216407,0.0
0.3589604767928639,-0.7352253240807014,-0.7893912339671281,0.6410395232071361,0.0
0.360259861164157,-0.7766240122055568,-0.013688050822899145,0.639740138835843,0.0
0.2607751788689374,-1.0855638554079183,1.0419514681689865,0.7392248211310626,0.0
0.3536216368037686,-0.7484938131639727,-0.5238455203267008,0.6463783631962314,0.0
0.38729984044529925,-0.4193588578010262,-1.206025188443377,0.6127001595547008,0.0
0.326949914783593,-0.9201589723152597,-0.4667766843500471,0.673050085216407,0.0
0.3778280238037691,-0.6262224174477851,-0.9795455080326501,0.6221719761962309,0.0
0.35742958494156274,-0.7646304083196555,-0.2311990111832361,0.6425704150584373,0.0
0.2607751788689374,-1.0855638554079183,1.0419514681689865,0.7392248211310626,0.0
0.3607052035670141,-0.6870413104261015,-0.6649740125000109,0.6392947964329859,0.0
0.3844919673669443,-0.480682534346666,-1.1388864101617722,0.6155080326330558,0.0
0.316134338465945,-0.9826434730748101,-0.35777321600867273,0.683865661534055,0.0
0.37481707857467056,-0.6919811701311709,-0.9075510914356784,0.6251829214253295,0.0
0.35380941709632185,-0.7891940605414483,-0.09838787091444168,0.6461905829036781,0.0
0.27421219124479224,-1.042758919533481,0.8772513093469422,0.7257878087552078,0.0
0.3569044286311038,-0.6857108497365224,-0.5996403214671187,0.6430955713688962,0.0
0.3860360307969339,-0.4651570528881143,-1.1912482812982672,0.6139639692030661,0.0
0.316134338465945,-0.9826434730748101,-0.35777321600867273,0.683865661534055,0.0
0.3762072998885079,-0.6638737572430167,-0.9427060570874666,0.6237927001114921,0.0
0.35935773539247395,-0.733405994351943,-0.2865409752524778,0.640642264607526,0.0
0.31797271976998426,-0.8901796550849274,0.10090834585670594,0.6820272802300158,0.0
0.3809231944304964,-0.5595646184867156,-1.0318410869550096,0.6190768055695036,0.0
0.4031803324628239,-0.35393467793730804,-1.5208817050715526,0.5968196675371761,0.0
0.3324465210462523,-0.8885831365933076,-0.330890707935683,0.6675534789537477,0.0
0.3762072998885079,-0.6638737572430167,-0.9427060570874666,0.6237927001114921,0.0
0.35935773539247395,-0.733405994351943,-0.2865409752524778,0.640642264607526,0.0
0.33135504014853445,-0.819895890497228,-0.13989707936459556,0.6686449598514655,0.0
0.4227188378205551,-0.27589126197339064,-1.6361868481297082,0.5772811621794449,0.0
0.4080273587974057,-0.29823894274803286,-1.624779276991636,0.5919726412025943,0.0
0.3324465210462523,-0.8885831365933076,-0.330890707935683,0.6675534789537477,0.0
0.39704223069478645,-0.49007626951427335,-1.25335208040232,0.6029577693052135,0.0
0.35935773539247395,-0.733405994351943,-0.2865409752524778,0.640642264607526,0.0
0.3336738042654326,-0.8060893451894703,-0.17787211009557868,0.6663261957345674,0.0
0.4349360054390794,-0.17398005050823784,-1.818343178388405,0.5650639945609206,0.0
0.4080273587974057,-0.29823894274803286,-1.624779276991636,0.5919726412025943,0.0
0.3324465210462523,-0.8885831365933076,-0.330890707935683,0.6675534789537477,0.0
0.4013785638398507,-0.41434929111712365,-1.399971405047657,0.5986214361601493,0.0
0.3675651362351644,-0.6600216084418777,-0.5122147610147418,0.6324348637648356,0.0
0.333207885157567,-0.8374068382462058,-0.23596325603345292,0.666792114842433,0.0
0.4349360054390794,-0.17398005050823784,-1.818343178388405,0.5650639945609206,0.0
0.4080273587974057,-0.29823894274803286,-1.624779276991636,0.5919726412025943,0.0
0.3089253246760292,-1.0723016838152037,0.07177494144695529,0.6910746753239708,0.0
0.39280852744844735,-0.4733088279168004,-1.2670570141738766,0.6071914725515526,0.0
0.35770387096087675,-0.7329604716596215,-0.21733759353153936,0.6422961290391233,0.0
0.333207885157567,-0.8374068382462058,-0.23596325603345292,0.666792114842433,0.0
0.4349360054390794,-0.17398005050823784,-1.818343178388405,0.5650639945609206,0.0
0.4080273587974057,-0.29823894274803286,-1.624779276991636,0.5919726412025943,0.0
0.31655819459786155,-1.0202612024112545,0.04042212885675317,0.6834418054021385,0.0
0.39165324749806385,-0.48659859528551896,-1.2399018832335855,0.6083467525019361,0.0
0.35398431970162275,-0.7650919688948785,-0.11330959962447729,0.6460156802983772,0.0
0.333207885157567,-0.8374068382462058,-0.23596325603345292,0.666792114842433,0.0
0.4435101661859131,-0.09641403658160708,-1.884070293979671,0.5564898338140869,0.0
0.4080273587974057,-0.29823894274803286,-1.624779276991636,0.5919726412025943,0.0
0.31655819459786155,-1.0202612024112545,0.04042212885675317,0.6834418054021385,0.0
0.41758432592714945,-0.3309517535603188,-1.6853300615764328,0.5824156740728506,0.0
0.35158390788530863,-0.7734468897797904,-0.12748042790273306,0.6484160921146913,0.0
0.3462953322011097,-0.6936746289832676,-0.45321528695790847,0.6537046677988902,0.0
0.4435101661859131,-0.09641403658160708,-1.884070293979671,0.5564898338140869,0.0
0.4129835005330072,-0.2591170737939923,-1.71500612292305,0.5870164994669929,0.0
0.31655819459786155,-1.0202612024112545,0.04042212885675317,0.6834418054021385,0.0
0.3997013491917712,-0.49272982881021404,-1.548244169008326,0.6002986508082289,0.0
0.3529452891417305,-0.7939818063841342,-0.04363000046044985,0.6470547108582695,0.0
0.34585310923852236,-0.6870041892262779,-0.48045275938734466,0.6541468907614776,0.0
0.4435101661859131,-0.09641403658160708,-1.884070293979671,0.5564898338140869,0.0
0.4049040368042257,-0.30217953278203813,-1.6702600686562799,0.5950959631957743,0.0
0.3022189211405691,-1.1435849996690495,0.30587901631102876,0.697781078859431,0.0
0.3997013491917712,-0.49272982881021404,-1.548244169008326,0.6002986508082289,0.0
0.3529452891417305,-0.7939818063841342,-0.04363000046044985,0.6470547108582695,0.0
0.3621388622012344,-0.6282482439349961,-0.803393437260776,0.6378611377987655,0.0
0.428675530617836,-0.23286117273656004,-1.7753750736637726,0.571324469382164,0.0
0.38710823261152527,-0.47062117843904405,-1.1131413641100845,0.6128917673884747,0.0
0.3022189211405691,-1.1435849996690495,0.30587901631102876,0.697781078859431,0.0
0.40088778790131874,-0.48844938024457246,-1.5717708258349292,0.5991122120986813,0.0
0.3529452891417305,-0.7939818063841342,-0.04363000046044985,0.6470547108582695,0.0
0.34990488459852115,-0.7334656092378471,-0.5769109989926107,0.6500951154014789,0.0
0.4301264192757107,-0.22456226200347373,-1.7984900564540394,0.5698735807242893,0.0
0.38710823261152527,-0.47062117843904405,-1.1131413641100845,0.6128917673884747,0.0
0.32362361329283534,-0.9960650998106262,0.15839885553422162,0.6763763867071646,0.0
0.40088778790131874,-0.48844938024457246,-1.5717708258349292,0.5991122120986813,0.0
0.3529452891417305,-0.7939818063841342,-0.04363000046044985,0.6470547108582695,0.0
0.34990488459852115,-0.7334656092378471,-0.5769109989926107,0.6500951154014789,0.0
0.4301264192757107,-0.22456226200347373,-1.7984900564540394,0.5698735807242893,0.0
0.41641330403643356,-0.2565080444319212,-1.5195683291175153,0.5835866959635665,0.0
0.3098864317437712,-1.1247639196222443,0.5287696959676604,0.6901135682562288,0.0
0.40444193643736676,-0.45637216011175985,-1.599330044024074,0.5955580635626332,0.0
0.3529452891417305,-0.7939818063841342,-0.04363000046044985,0.6470547108582695,0.0
0.3534946798918693,-0.7162135884886541,-0.6469608175117476,0.6465053201081308,0.0
0.4301264192757107,-0.22456226200347373,-1.7984900564540394,0.5698735807242893,0.0
0.4183121213876978,-0.24263461863161,-1.5459026984144901,0.5816878786123022,0.0
0.2733695763875258,-1.4218576083556798,1.2275018136608757,0.7266304236124742,0.0
0.40444193643736676,-0.45637216011175985,-1.599330044024074,0.5955580635626332,0.0
0.3529452891417305,-0.7939818063841342,-0.04363000046044985,0.6470547108582695,0.0
0.3180772328396568,-0.9749858834585605,-0.15576237253859615,0.6819227671603432,0.0
0.4301264192757107,-0.22456226200347373,-1.7984900564540394,0.5698735807242893,0.0
0.37694364227095717,-0.579200128946906,-0.7543371395240492,0.6230563577290429,0.0
0.2711070764534881,-1.4397093989507874,1.2636426856187053,0.7288929235465119,0.0
0.383281599429432,-0.5950983542898116,-0.9600818806226763,0.6167184005705679,0.0
0.3529452891417305,-0.7939818063841342,-0.04363000046044985,0.6470547108582695,0.0
0.3180772328396568,-0.9749858834585605,-0.15576237253859615,0.6819227671603432,0.0
0.4301264192757107,-0.22456226200347373,-1.7984900564540394,0.5698735807242893,0.0
0.3855750309669965,-0.5216435768388905,-0.9237997022503341,0.6144249690330035,0.0
0.2609788061727961,-1.5171046290868504,1.4586762425221678,0.7390211938272039,0.0
0.383281599429432,-0.5950983542898116,-0.9600818806226763,0.6167184005705679,0.0
0.3529452891417305,-0.7939818063841342,-0.04363000046044985,0.6470547108582695,0.0
0.3353976925245695,-0.8850733918469766,-0.1000614119479808,0.6646023074754305,0.0
0.39756541408702173,-0.4515990549978653,-1.2146909724479455,0.6024345859129783,0.0
0.38573529577527244,-0.516510562998145,-0.9212643065930256,0.6142647042247276,0.0
0.2617301797999823,-1.5107232973241698,1.4429383778121967,0.7382698202000177,0.0
0.383281599429432,-0.5950983542898116,-0.9600818806226763,0.6167184005705679,0.0
0.36403084629370525,-0.7213054046113236,-0.37852173904777975,0.6359691537062948,0.0
0.37768775646885744,-0.5259086320934234,-0.9858461678272403,0.6223122435311426,0.0
0.3976520495817615,-0.4511236886099973,-1.2168398236847864,0.6023479504182385,0.0
0.3706563941668489,-0.640114399250432,-0.6377147966166021,0.6293436058331511,0.0
0.2952597564475799,-1.2581510377692142,0.7800728005400692,0.7047402435524202,0.0
0.38263123671837684,-0.6016142082054672,-0.9484617998204226,0.6173687632816232,0.0
0.3653001832218325,-0.7000628425191167,-0.4472802606549934,0.6346998167781674,0.0
0.3755580508039234,-0.5283957427777666,-1.0029371506091265,0.6244419491960767,0.0
0.39467561394617595,-0.47597994269150423,-1.1510146320849977,0.605324386053824,0.0
0.3652942291439038,-0.7162893717152703,-0.3928698143861872,0.6347057708560961,0.0
0.315453304880552,-1.1064103527684042,0.38056889992784115,0.684546695119448,0.0
0.39194717017116143,-0.5486952713407026,-1.2178611105755515,0.6080528298288386,0.0
0.373250537204548,-0.6549010471288661,-0.6771895761366993,0.626749462795452,0.0
0.379488136833113,-0.5146505704535899,-1.0409862116013904,0.620511863166887,0.0
0.3983288519949933,-0.4469084300281121,-1.221641697870931,0.6016711480050068,0.0
0.36645053245940346,-0.6998629147072744,-0.4456684626047728,0.6335494675405966,0.0
0.315453304880552,-1.1064103527684042,0.38056889992784115,0.684546695119448,0.0
0.39194717017116143,-0.5486952713407026,-1.2178611105755515,0.6080528298288386,0.0
0.41424736632532544,-0.33463571424959726,-1.427480580577546,0.5857526336746746,0.0
0.3861801526353793,-0.47999323541025374,-1.1153959859968456,0.6138198473646207,0.0
0.38849476290857476,-0.5162679108206281,-1.0944792084589263,0.6115052370914252,0.0
0.3596176410090886,-0.7760096239927088,-0.2137240344906174,0.6403823589909114,0.0
0.315453304880552,-1.1064103527684042,0.38056889992784115,0.684546695119448,0.0
0.39398778171612375,-0.5343473886347123,-1.2812413627255714,0.6060122182838763,0.0
0.41424736632532544,-0.33463571424959726,-1.427480580577546,0.5857526336746746,0.0
0.3861801526353793,-0.47999323541025374,-1.1153959859968456,0.6138198473646207,0.0
0.38671751170006974,-0.5104183452320189,-1.0340528243516587,0.6132824882999303,0.0
0.3596176410090886,-0.7760096239927088,-0.2137240344906174,0.6403823589909114,0.0
0.315453304880552,-1.1064103527684042,0.38056889992784115,0.684546695119448,0.0
0.3923898257507176,-0.529087947435505,-1.2269110010467905,0.6076101742492823,0.0
0.43262816942579,-0.17111373891866838,-1.5961468555737635,0.5673718305742099,0.0
0.39113959225228606,-0.4247245384796353,-1.2837455630499273,0.608860407747714,0.0
0.38671751170006974,-0.5104183452320189,-1.0340528243516587,0.6132824882999303,0.0
0.3603307031073444,-0.769021285314969,-0.23530883741562159,0.6396692968926556,0.0
0.32935894458987425,-0.9811660362927127,0.07478884268293817,0.6706410554101258,0.0
0.38273888548960844,-0.6015074431736892,-1.02526823997861,0.6172611145103916,0.0
0.40900582398584434,-0.3749031693321303,-1.3258384687242484,0.5909941760141557,0.0
0.39113959225228606,-0.4247245384796353,-1.2837455630499273,0.608860407747714,0.0
0.38671751170006974,-0.5104183452320189,-1.0340528243516587,0.6132824882999303,0.0
0.3603307031073444,-0.769021285314969,-0.23530883741562159,0.6396692968926556,0.0
0.32935894458987425,-0.9811660362927127,0.07478884268293817,0.6706410554101258,0.0
0.3840738866084714,-0.570943112363068,-1.028215847857915,0.6159261133915286,0.0
0.40900582398584434,-0.3749031693321303,-1.3258384687242484,0.5909941760141557,0.0
0.38941754161736686,-0.46036086423195033,-1.221467974586793,0.6105824583826331,0.0
0.37677391011830635,-0.60787024416179,-0.7330542422756572,0.6232260898816937,0.0
0.3603307031073444,-0.769021285314969,-0.23530883741562159,0.6396692968926556,0.0
0.32935894458987425,-0.9811660362927127,0.07478884268293817,0.6706410554101258,0.0
0.39657303136430516,-0.4772313122735198,-1.280187517475106,0.6034269686356948,0.0
0.41871516268211817,-0.3325442892436728,-1.3775718702760242,0.5812848373178818,0.0
0.39840916009761546,-0.4211331782977705,-1.2693772116615678,0.6015908399023846,0.0
0.39407300538051104,-0.4943092599007823,-0.9988920788539749,0.605926994619489,0.0
0.3603307031073444,-0.769021285314969,-0.23530883741562159,0.6396692968926556,0.0
0.285055722488431,-1.314468005487098,0.8098304047759554,0.7149442775115691,0.0
0.39657303136430516,-0.4772313122735198,-1.280187517475106,0.6034269686356948,0.0
0.4287075443478125,-0.2946003747830665,-1.433232914542221,0.5712924556521874,0.0
0.3988382826918805,-0.4080224544425309,-1.266850729508467,0.6011617173081195,0.0
0.37734882223849403,-0.59074386158409,-0.7891593698675813,0.622651177761506,0.0
0.36277624057646596,-0.7434024659688104,-0.3148982573136772,0.637223759423534,0.0
0.2566674460186389,-1.5360553219228799,1.4066754186251071,0.7433325539813611,0.0
0.38091902019952334,-0.5661981727944005,-1.2056329612683048,0.6190809798004766,0.0
0.4287075443478125,-0.2946003747830665,-1.433232914542221,0.5712924556521874,0.0
0.3988382826918805,-0.4080224544425309,-1.266850729508467,0.6011617173081195,0.0
0.3780779784204794,-0.5857307948249202,-0.8742174806833596,0.6219220215795206,0.0
0.36277624057646596,-0.7434024659688104,-0.3148982573136772,0.637223759423534,0.0
0.2566674460186389,-1.5360553219228799,1.4066754186251071,0.7433325539813611,0.0
0.38091902019952334,-0.5661981727944005,-1.2056329612683048,0.6190809798004766,0.0
0.42736599836093964,-0.30373243512299947,-1.41047745111943,0.5726340016390603,0.0
0.39593642781718796,-0.43363751418916596,-1.2569370916418818,0.604063572182812,0.0
0.3732213719735505,-0.6135175684345344,-0.8213769804401801,0.6267786280264496,0.0
0.375118894979259,-0.6297742364400991,-0.5843738603671784,0.624881105020741,0.0
0.2566674460186389,-1.5360553219228799,1.4066754186251071,0.7433325539813611,0.0
0.38091902019952334,-0.5661981727944005,-1.2056329612683048,0.6190809798004766,0.0
0.42736599836093964,-0.30373243512299947,-1.41047745111943,0.5726340016390603,0.0
0.40777667710395993,-0.32912205563169644,-1.2973870620049204,0.5922233228960401,0.0
0.37434760182094695,-0.6057953884747218,-0.8636760513266568,0.625652398179053,0.0
0.375118894979259,-0.6297742364400991,-0.5843738603671784,0.624881105020741,0.0
0.31100591835267605,-1.1203075187302032,0.4933005539732145,0.6889940816473239,0.0
0.3866737170272173,-0.5212793546933046,-1.3266217120816022,0.6133262829727827,0.0
0.42450698997120817,-0.30743798148135526,-1.3939722150760332,0.5754930100287918,0.0
0.41194142109087517,-0.3237241519495574,-1.321430392136879,0.5880585789091248,0.0
0.3505669777270176,-0.7842244540440306,-0.5741155832079012,0.6494330222729824,0.0
0.375118894979259,-0.6297742364400991,-0.5843738603671784,0.624881105020741,0.0
0.31531354359057845,-1.0873495489399214,0.4208937223189566,0.6846864564094215,0.0
0.37736543150865004,-0.5940560592242915,-1.328534125181818,0.6226345684913499,0.0
0.4119446237075053,-0.3884437335243817,-1.2546790369894623,0.5880553762924947,0.0
0.41194142109087517,-0.3237241519495574,-1.321430392136879,0.5880585789091248,0.0
0.3505669777270176,-0.7842244540440306,-0.5741155832079012,0.6494330222729824,0.0
0.3742191127412595,-0.6331989204600919,-0.6507924335109085,0.6257808872587405,0.0
0.28252079468995106,-1.346502254612982,1.012188891652287,0.7174792053100489,0.0
0.3646703212339281,-0.6695428182437462,-1.3556486535825798,0.6353296787660718,0.0
0.4119446237075053,-0.3884437335243817,-1.2546790369894623,0.5880553762924947,0.0
0.3948962762384364,-0.4516160548912701,-1.1138832687674751,0.6051037237615636,0.0
0.3505669777270176,-0.7842244540440306,-0.5741155832079012,0.6494330222729824,0.0
0.360228073373039,-0.7425995007414031,-0.39465125041968374,0.639771926626961,0.0
0.2567182092944038,-1.5519774816771141,1.5003572867541803,0.7432817907055962,0.0
0.36144214192181534,-0.6818296734815691,-1.5939408255189291,0.6385578580781847,0.0
0.41259770144546637,-0.3860237666146921,-1.2600725557449741,0.5874022985545336,0.0
0.3948962762384364,-0.4516160548912701,-1.1138832687674751,0.6051037237615636,0.0
0.30941790772072597,-1.092971191777587,-0.0730713748384948,0.690582092279274,0.0
0.35886504373378464,-0.7484721312548404,-0.4199708636128404,0.6411349562662154,0.0
0.27069299965884924,-1.435861395310515,1.0874414769749237,0.7293070003411508,0.0
0.36144214192181534,-0.6818296734815691,-1.5939408255189291,0.6385578580781847,0.0
0.41259770144546637,-0.3860237666146921,-1.2600725557449741,0.5874022985545336,0.0
0.3948962762384364,-0.4516160548912701,-1.1138832687674751,0.6051037237615636,0.0
0.26056188350000037,-1.479074712271033,1.3551790522951168,0.7394381164999997,0.0
0.35886504373378464,-0.7484721312548404,-0.4199708636128404,0.6411349562662154,0.0
0.2557413875037602,-1.5464762294382923,1.3347843690986516,0.7442586124962398,0.0
0.36156181619149924,-0.678734957300014,-1.6484571797946201,0.6384381838085007,0.0
0.41259770144546637,-0.3860237666146921,-1.2600725557449741,0.5874022985545336,0.0
0.4164231088615461,-0.2822445585860218,-1.4926846092685229,0.5835768911384539,0.0
0.26056188350000037,-1.479074712271033,1.3551790522951168,0.7394381164999997,0.0
0.3150082269449004,-1.1037178677311426,0.3973917441418082,0.6849917730550996,0.0
0.2574157839244019,-1.5230643524906287,1.3418684501913272,0.7425842160755981,0.0
0.3670696580152063,-0.6389289976798257,-1.6328182723395934,0.6329303419847937,0.0
0.41619105171383447,-0.3660629466134622,-1.230653195283986,0.5838089482861655,0.0
0.43741841344415605,-0.11217994867835623,-1.8839755911665683,0.5625815865558439,0.0
0.26056188350000037,-1.479074712271033,1.3551790522951168,0.7394381164999997,0.0
0.3309130433204835,-0.9879105067641487,0.13656362515774967,0.6690869566795166,0.0
0.28416740075708297,-1.3282784414914255,0.9031602165670543,0.7158325992429171,0.0
0.36154590769278394,-0.6825009827577077,-1.477853517320777,0.6384540923072161,0.0
0.4179573755479649,-0.35318588500237147,-1.2590735777561122,0.5820426244520351,0.0
0.40670212586297766,-0.34958103680881436,-1.3214020431053513,0.5932978741370223,0.0
0.29282859720391696,-1.248262940096227,0.819246669060989,0.707171402796083,0.0
0.32089354324216834,-1.059334080469735,0.30559055058119955,0.6791064567578317,0.0
0.2745174554957061,-1.3899240196329663,1.0879457043994947,0.7254825445042938,0.0
0.36154590769278394,-0.6825009827577077,-1.477853517320777,0.6384540923072161,0.0
0.41825112589720115,-0.3510846162054828,-1.2639526096335643,0.5817488741027989,0.0
0.4008856076931965,-0.3924640547665159,-1.3415543693925809,0.5991143923068035,0.0
0.3081257317315272,-1.1223188845090468,0.3078900643787774,0.6918742682684729,0.0
0.3339147944496106,-0.9386316688167116,-0.2656596961488573,0.6660852055503894,0.0
0.3281322290936398,-1.0024216392665792,0.2106530333084704,0.6718677709063602,0.0
0.36154590769278394,-0.6825009827577077,-1.477853517320777,0.6384540923072161,0.0
0.41825112589720115,-0.3510846162054828,-1.2639526096335643,0.5817488741027989,0.0
0.4008856076931965,-0.3924640547665159,-1.3415543693925809,0.5991143923068035,0.0
0.3081257317315272,-1.1223188845090468,0.3078900643787774,0.6918742682684729,0.0
0.3339147944496106,-0.9386316688167116,-0.2656596961488573,0.6660852055503894,0.0
0.3281322290936398,-1.0024216392665792,0.2106530333084704,0.6718677709063602,0.0
0.36154590769278394,-0.6825009827577077,-1.477853517320777,0.6384540923072161,0.0
0.41825112589720115,-0.3510846162054828,-1.2639526096335643,0.5817488741027989,0.0
0.4008856076931965,-0.3924640547665159,-1.3415543693925809,0.5991143923068035,0.0
0.30525424179043104,-1.139527480668956,0.32184628827777967,0.694745758209569,0.0
0.342649300904646,-0.8576658709125048,-0.6488478312992244,0.6573506990953539,0.0
0.3281322290936398,-1.0024216392665792,0.2106530333084704,0.6718677709063602,0.0
0.35726792900266224,-0.7221563381971913,-1.2901759782497866,0.6427320709973378,0.0
0.41825112589720115,-0.3510846162054828,-1.2639526096335643,0.5817488741027989,0.0
0.4008856076931965,-0.3924640547665159,-1.3415543693925809,0.5991143923068035,0.0
0.30525424179043104,-1.139527480668956,0.32184628827777967,0.694745758209569,0.0
0.3344407063908906,-0.9232375612614505,-0.5512086195806409,0.6655592936091095,0.0
0.3281322290936398,-1.0024216392665792,0.2106530333084704,0.6718677709063602,0.0
0.35726792900266224,-0.7221563381971913,-1.2901759782497866,0.6427320709973378,0.0
0.39733779623732796,-0.49385473030712873,-1.0861006180211392,0.6026622037626721,0.0
0.39766773561958185,-0.418168980358832,-1.3032785729511225,0.6023322643804181,0.0
0.3094354868187404,-1.1144696331355126,0.30152429760787713,0.6905645131812597,0.0
0.3267920053897182,-0.9906137015096922,-0.3036033601842717,0.6732079946102818,0.0
0.3281322290936398,-1.0024216392665792,0.2106530333084704,0.6718677709063602,0.0
0.3467411415686809,-0.7780572582769816,-1.3558765704099511,0.653258858431319,0.0
0.397268551175816,-0.509739055406325,-1.040521030808975,0.602731448824184,0.0
0.39766773561958185,-0.418168980358832,-1.3032785729511225,0.6023322643804181,0.0
0.29908787492384864,-1.1883100813857306,0.6622893971347029,0.7009121250761514,0.0
0.3267920053897182,-0.9906137015096922,-0.3036033601842717,0.6732079946102818,0.0
0.26927807751785915,-1.4218309250945582,1.275748569193763,0.7307219224821409,0.0
0.3499866712979973,-0.7501160943719081,-1.4933281683282882,0.6500133287020027,0.0
0.3974904297798743,-0.458841680164494,-1.1865694992971116,0.6025095702201257,0.0
0.39793005343185694,-0.35799513808753225,-1.475945581122247,0.602069946568143,0.0
0.29982338159634814,-1.1830615136060287,0.6366462689808614,0.7001766184036519,0.0
0.3267920053897182,-0.9906137015096922,-0.3036033601842717,0.6732079946102818,0.0
0.26927807751785915,-1.4218309250945582,1.275748569193763,0.7307219224821409,0.0
0.3499866712979973,-0.7501160943719081,-1.4933281683282882,0.6500133287020027,0.0
0.3974904297798743,-0.458841680164494,-1.1865694992971116,0.6025095702201257,0.0
0.39793005343185694,-0.35799513808753225,-1.475945581122247,0.602069946568143,0.0
0.29982338159634814,-1.1830615136060287,0.6366462689808614,0.7001766184036519,0.0
0.3527297212405828,-0.808769390595725,-1.1152352119328677,0.6472702787594171,0.0
0.2915290427515193,-1.237835514663856,0.7998301043792191,0.7084709572484806,0.0
0.3429469282523868,-0.8231087972644239,-1.132238382536951,0.6570530717476132,0.0
0.3974904297798743,-0.458841680164494,-1.1865694992971116,0.6025095702201257,0.0
0.39793005343185694,-0.35799513808753225,-1.475945581122247,0.602069946568143,0.0
0.33713953782265643,-0.9063550814006405,-0.05995924647901196,0.6628604621773435,0.0
0.3527297212405828,-0.808769390595725,-1.1152352119328677,0.6472702787594171,0.0
0.2742478784212222,-1.358990416564331,1.3405848680760861,0.7257521215787778,0.0
0.3429469282523868,-0.8231087972644239,-1.132238382536951,0.6570530717476132,0.0
0.3973837298684291,-0.4975689319307654,-1.0752920683390903,0.6026162701315709,0.0
0.39776450689419673,-0.3593640586184985,-1.472404761511445,0.6022354931058033,0.0
0.33713953782265643,-0.9063550814006405,-0.05995924647901196,0.6628604621773435,0.0
0.3498237010662399,-0.8388749502802799,-1.109958843528777,0.65017629893376,0.0
0.2998904446231596,-1.1514066530486016,0.37254284982633434,0.7001095553768404,0.0
0.33989142692869057,-0.8275874851105324,-1.1375490550974865,0.6601085730713094,0.0
0.3973837298684291,-0.4975689319307654,-1.0752920683390903,0.6026162701315709,0.0
0.3849446570827088,-0.47503162707571855,-1.1737268463399253,0.6150553429172911,0.0
0.3609449688223837,-0.7497456775422114,-0.3363659432995778,0.6390550311776163,0.0
0.3498237010662399,-0.8388749502802799,-1.109958843528777,0.65017629893376,0.0
0.2998904446231596,-1.1514066530486016,0.37254284982633434,0.7001095553768404,0.0
0.33989142692869057,-0.8275874851105324,-1.1375490550974865,0.6601085730713094,0.0
0.3973837298684291,-0.4975689319307654,-1.0752920683390903,0.6026162701315709,0.0
0.4024048205501572,-0.33840029361415197,-1.1877473759850758,0.5975951794498429,0.0
0.3607796849865013,-0.7513897976481858,-0.35019463878069035,0.6392203150134987,0.0
0.35176319755790386,-0.8410790778338822,-1.1045712436900375,0.6482368024420961,0.0
0.2998904446231596,-1.1514066530486016,0.37254284982633434,0.7001095553768404,0.0
0.33989142692869057,-0.8275874851105324,-1.1375490550974865,0.6601085730713094,0.0
0.3852502490943321,-0.5789419967382993,-0.8951024573373527,0.6147497509056679,0.0
0.4024048205501572,-0.33840029361415197,-1.1877473759850758,0.5975951794498429,0.0
0.37713864257044216,-0.5890821513758102,-0.6793584845365055,0.6228613574295578,0.0
0.32793641563982584,-0.9836222636005763,-0.42608642491419335,0.6720635843601741,0.0
0.2998904446231596,-1.1514066530486016,0.37254284982633434,0.7001095553768404,0.0
0.3566105536779939,-0.7359374986854716,-1.0481839612886907,0.6433894463220061,0.0
0.3852502490943321,-0.5789419967382993,-0.8951024573373527,0.6147497509056679,0.0
0.4034902296273347,-0.3289959054865844,-1.198848912415451,0.5965097703726653,0.0
0.380726386025576,-0.5629653473059629,-0.7282133734283129,0.6192736139744239,0.0
0.31269950281484427,-1.115640546002139,-0.27024366814192435,0.6873004971851557,0.0
0.2998904446231596,-1.1514066530486016,0.37254284982633434,0.7001095553768404,0.0
0.36295530689973265,-0.6904294026380939,-0.9640013218952663,0.6370446931002673,0.0
0.38714681363232833,-0.5529529945997791,-0.9266855368368545,0.6128531863676716,0.0
0.4034902296273347,-0.3289959054865844,-1.198848912415451,0.5965097703726653,0.0
0.380726386025576,-0.5629653473059629,-0.7282133734283129,0.6192736139744239,0.0
0.33098669532523894,-0.9609137800523031,-0.5226897288659229,0.6690133046747611,0.0
0.3290248524278657,-0.9474271271641809,-0.04868595739230508,0.6709751475721343,0.0
0.3595616055672377,-0.7111777394519503,-0.9807473475727205,0.6404383944327623,0.0
0.38485775993206367,-0.5565226654089852,-0.8559249165361041,0.6151422400679363,0.0
0.4004425005756031,-0.3603208204493306,-1.1358380417539762,0.5995574994243968,0.0
0.3770833901050983,-0.6004084846326753,-0.6528955414067676,0.6229166098949017,0.0
0.33098669532523894,-0.9609137800523031,-0.5226897288659229,0.6690133046747611,0.0
0.3290248524278657,-0.9474271271641809,-0.04868595739230508,0.6709751475721343,0.0
0.3504884621896912,-0.7685363565852472,-1.1505158113672471,0.6495115378103088,0.0
0.3856751688440892,-0.5515252087209257,-0.8518914588777379,0.6143248311559109,0.0
0.4004425005756031,-0.3603208204493306,-1.1358380417539762,0.5995574994243968,0.0
0.36720729614105946,-0.6628431964942385,-0.8376880913310314,0.6327927038589405,0.0
0.33098669532523894,-0.9609137800523031,-0.5226897288659229,0.6690133046747611,0.0
0.3286474593756429,-0.950529579384563,-0.04294110784896832,0.6713525406243571,0.0
0.3504884621896912,-0.7685363565852472,-1.1505158113672471,0.6495115378103088,0.0
0.39266930297643854,-0.5083894560264219,-0.7925332814554543,0.6073306970235615,0.0
0.4004425005756031,-0.3603208204493306,-1.1358380417539762,0.5995574994243968,0.0
0.3698149855607219,-0.6413837096400758,-0.8603662876753746,0.6301850144392781,0.0
0.3428808806370358,-0.8630328317250591,-0.6261294513355761,0.6571191193629642,0.0
0.325224021325293,-0.976071090769735,0.027618502665085365,0.674775978674707,0.0
0.3512402115060873,-0.7591986110617175,-1.2023334731238478,0.6487597884939127,0.0
0.3694625852234053,-0.6736911132413738,-0.7149713395989525,0.6305374147765948,0.0
0.39686245550039034,-0.42851571487067,-0.9777246655372301,0.6031375444996097,0.0
0.3797121727315749,-0.5634912342397391,-0.9033099653782184,0.6202878272684251,0.0
0.3510940454056689,-0.8006037367290143,-0.6725844270654605,0.6489059545943311,0.0
0.32389400063367374,-0.9871582208779466,0.0904971011888962,0.6761059993663263,0.0
0.3591409192817052,-0.7164711973586659,-1.019581923234126,0.6408590807182948,0.0
0.3696137383186061,-0.65983368027345,-0.7773347771474539,0.6303862616813939,0.0
0.39686245550039034,-0.42851571487067,-0.9777246655372301,0.6031375444996097,0.0
0.39369733187446154,-0.45734210736882663,-1.1523068325434367,0.6063026681255385,0.0
0.34312516280204386,-0.8611760183145492,-0.6275111503963365,0.6568748371979561,0.0
0.32389400063367374,-0.9871582208779466,0.0904971011888962,0.6761059993663263,0.0
0.3885323873166672,-0.49075248762713364,-1.9452472980833762,0.6114676126833327,0.0
0.38741888838712046,-0.5244949361523932,-0.8780435584273215,0.6125811116128795,0.0
0.4054470856647257,-0.3412662562411326,-1.0683393060270108,0.5945529143352744,0.0
0.384430644696683,-0.5313393788553269,-1.0561449018233553,0.615569355303317,0.0
0.33662861611598394,-0.913052888616795,-0.5600954213057131,0.6633713838840161,0.0
0.31177419181737237,-1.0784159591567972,0.320061889134271,0.6882258081826276,0.0
0.38150599731855306,-0.548072445385177,-1.7413385988128467,0.6184940026814469,0.0
0.3896550981512111,-0.519372994574791,-0.7447639452637936,0.610344901848789,0.0
0.4054470856647257,-0.3412662562411326,-1.0683393060270108,0.5945529143352744,0.0
0.3849045807570576,-0.528627802858697,-0.9451099771438665,0.6150954192429424,0.0
0.33662861611598394,-0.913052888616795,-0.5600954213057131,0.6633713838840161,0.0
0.30203411086713244,-1.1432192985497693,0.6649825096899357,0.6979658891328675,0.0
0.38287660263766443,-0.5402306692577856,-1.4202297592522042,0.6171233973623356,0.0
0.3896550981512111,-0.519372994574791,-0.7447639452637936,0.610344901848789,0.0
0.40018587895674457,-0.38884871747828165,-1.0652865873819433,0.5998141210432555,0.0
0.3723779563298101,-0.643209697830192,-0.8465969292522328,0.6276220436701899,0.0
0.328491420937857,-0.9789223411843933,-0.41201122355046116,0.671508579062143,0.0
0.2907735616221479,-1.223392465332704,0.8461550788540059,0.7092264383778522,0.0
0.3804416762829902,-0.5583923175800498,-1.357424442425144,0.6195583237170098,0.0
0.3573946141587169,-0.7490620716666947,-0.2257204563327565,0.6426053858412831,0.0
0.38754567941621665,-0.4952528795332031,-0.8172854246675414,0.6124543205837834,0.0
0.40830778941856627,-0.38778547785025996,-1.6039054961134442,0.5916922105814337,0.0
0.328491420937857,-0.9789223411843933,-0.41201122355046116,0.671508579062143,0.0
0.29623815365041106,-1.1844855134113512,0.758234484959805,0.7037618463495889,0.0
0.37834179671756807,-0.5804796773363458,-1.2243994536364202,0.6216582032824319,0.0
0.3743881146849244,-0.6280712814065883,-0.49913128936075246,0.6256118853150756,0.0
0.38754567941621665,-0.4952528795332031,-0.8172854246675414,0.6124543205837834,0.0
0.40830778941856627,-0.38778547785025996,-1.6039054961134442,0.5916922105814337,0.0
0.351984358109833,-0.7865091847523515,-0.5732372145220572,0.648015641890167,0.0
0.34174173441539946,-0.8610017779183469,-0.2008640850519403,0.6582582655846005,0.0
0.37834179671756807,-0.5804796773363458,-1.2243994536364202,0.6216582032824319,0.0
0.36415547247809693,-0.7010807363656262,-0.4056427752123139,0.6358445275219031,0.0
0.3961584231929252,-0.4247123079782018,-0.8763924720417924,0.6038415768070748,0.0
0.4085154639422962,-0.38631186450202404,-1.6095416361194597,0.5914845360577038,0.0
0.351984358109833,-0.7865091847523515,-0.5732372145220572,0.648015641890167,0.0
0.34174173441539946,-0.8610017779183469,-0.2008640850519403,0.6582582655846005,0.0
0.38921971758353907,-0.4971055785139468,-1.5286048577437439,0.610780282416461,0.0
0.36415547247809693,-0.7010807363656262,-0.4056427752123139,0.6358445275219031,0.0
0.3976146034042006,-0.4202863882801067,-0.9635896187425325,0.6023853965957995,0.0
0.40655053500549077,-0.39759423578896685,-1.6012996632553171,0.5934494649945092,0.0
0.35475456035230757,-0.7642758786307657,-0.5969354238687509,0.6452454396476924,0.0
0.33265552451509656,-0.91917012178714,-0.1577964872447574,0.6673444754849034,0.0
0.38921971758353907,-0.4971055785139468,-1.5286048577437439,0.610780282416461,0.0
0.3558994791481791,-0.7703663454268006,-0.26797017908877196,0.6441005208518209,0.0
0.391628264602621,-0.46833201508753913,-0.9123783721537846,0.608371735397379,0.0
0.3972195124457099,-0.4634557374869642,-1.4190226649697462,0.6027804875542901,0.0
0.33929711264301216,-0.8883354730927842,-0.4647018179016898,0.6607028873569878,0.0
0.32086332537549545,-1.007159870673331,0.12798227861859957,0.6791366746245046,0.0
0.3640428365591259,-0.6849676908180101,-0.9184542062607035,0.635957163440874,0.0
0.35556428471491935,-0.772748089913518,-0.2719421038234554,0.6444357152850806,0.0
0.38016532009125015,-0.5583535556692628,-0.9149031453462865,0.6198346799087499,0.0
0.3972195124457099,-0.4634557374869642,-1.4190226649697462,0.6027804875542901,0.0
0.3311088200747977,-0.9465178852835698,-0.5617299262453485,0.6688911799252023,0.0
0.318009594132084,-1.0287573331112545,0.17816802248660968,0.681990405867916,0.0
0.3895343260754379,-0.4947580670894933,-1.5362292563381548,0.6104656739245621,0.0
0.3452080036623394,-0.8630016104993515,-0.0012752335064254439,0.6547919963376606,0.0
0.38016532009125015,-0.5583535556692628,-0.9149031453462865,0.6198346799087499,0.0
0.41692012529494793,-0.3195059463931186,-1.6744910580296155,0.5830798747050521,0.0
0.31853565570562514,-1.043736563192485,-0.35201774583614265,0.6814643442943749,0.0
0.318009594132084,-1.0287573331112545,0.17816802248660968,0.681990405867916,0.0
0.3895343260754379,-0.4947580670894933,-1.5362292563381548,0.6104656739245621,0.0
0.35689789620163637,-0.7611258549472382,-0.3067967437753716,0.6431021037983636,0.0
0.38016532009125015,-0.5583535556692628,-0.9149031453462865,0.6198346799087499,0.0
0.38164486775278655,-0.5730944968424176,-1.0023639787355025,0.6183551322472134,0.0
0.31853565570562514,-1.043736563192485,-0.35201774583614265,0.6814643442943749,0.0
0.3115075942611217,-1.0773008657387835,0.3340163644912324,0.6884924057388784,0.0
0.38475609222387286,-0.534316708887189,-1.367913262373484,0.6152439077761271,0.0
0.34811951952998,-0.837628162640806,-0.07736923711366905,0.65188048047002,0.0
0.4010882541975001,-0.3760131523442645,-1.461735069242105,0.5989117458025,0.0
0.3815987739380163,-0.5687382307892876,-0.9927586710159534,0.6184012260619838,0.0
0.31864530081843667,-1.042972674507624,-0.3509998305664811,0.6813546991815633,0.0
0.2971006305012335,-1.1864844128517429,0.5980717512595082,0.7028993694987665,0.0
0.38475609222387286,-0.534316708887189,-1.367913262373484,0.6152439077761271,0.0
0.34811951952998,-0.837628162640806,-0.07736923711366905,0.65188048047002,0.0
0.381377147938053,-0.5477926478527779,-0.9465749056038388,0.618622852061947,0.0
0.3815987739380163,-0.5687382307892876,-0.9927586710159534,0.6184012260619838,0.0
0.31864530081843667,-1.042972674507624,-0.3509998305664811,0.6813546991815633,0.0
0.2971006305012335,-1.1864844128517429,0.5980717512595082,0.7028993694987665,0.0
0.38502597747564266,-0.5313743824367763,-1.3999812017366682,0.6149740225243574,0.0
0.340988166280905,-0.8949039031869452,0.11761615097373757,0.659011833719095,0.0
0.3806465491010414,-0.5510800487837082,-0.8557901459334292,0.6193534508989587,0.0
0.38114575749430885,-0.5603374345656572,-0.92759654572435,0.6188542425056911,0.0
0.33374712352522506,-0.9423775483392121,-1.0162553463746211,0.6662528764747749,0.0
0.2851709635228174,-1.2659494137420964,1.123589558827073,0.7148290364771825,0.0
0.4003834246499226,-0.41301397786447713,-1.6426674292022487,0.5996165753500774,0.0
0.3516291757434015,-0.8241676678735028,-0.07416294262185086,0.6483708242565984,0.0
0.3806465491010414,-0.5510800487837082,-0.8557901459334292,0.6193534508989587,0.0
0.4049522797148827,-0.3475458462744642,-1.6159311980056736,0.5950477202851173,0.0
0.3287078414944731,-0.9837247131837599,-1.0138206172378132,0.6712921585055269,0.0
0.29177629726234466,-1.2164922597784233,0.9866491727796052,0.7082237027376553,0.0
0.4003834246499226,-0.41301397786447713,-1.6426674292022487,0.5996165753500774,0.0
0.37163934010754274,-0.6554182131997517,-0.7179228873713771,0.6283606598924573,0.0
0.38969034988354373,-0.4833649770924153,-1.0432843164521919,0.6103096501164562,0.0
0.4049522797148827,-0.3475458462744642,-1.6159311980056736,0.5950477202851173,0.0
0.3287078414944731,-0.9837247131837599,-1.0138206172378132,0.6712921585055269,0.0
0.29177629726234466,-1.2164922597784233,0.9866491727796052,0.7082237027376553,0.0
0.4003834246499226,-0.41301397786447713,-1.6426674292022487,0.5996165753500774,0.0
0.35650289237118826,-0.795306618316831,-0.3098935744093618,0.6434971076288117,0.0
0.36962431372885113,-0.6480062294775137,-1.0335894109898796,0.6303756862711489,0.0
0.4049522797148827,-0.3475458462744642,-1.6159311980056736,0.5950477202851173,0.0
0.3287078414944731,-0.9837247131837599,-1.0138206172378132,0.6712921585055269,0.0
0.31363364796958765,-1.07426320751945,0.5488231217632189,0.6863663520304124,0.0
0.4003834246499226,-0.41301397786447713,-1.6426674292022487,0.5996165753500774,0.0
0.32349305759143354,-1.1003777433885005,0.5799440176581203,0.6765069424085665,0.0
0.36962431372885113,-0.6480062294775137,-1.0335894109898796,0.6303756862711489,0.0
0.4098791890223471,-0.306432564853902,-1.655023888617999,0.5901208109776529,0.0
0.32909071119286454,-0.9805832782656964,-1.014005600734388,0.6709092888071355,0.0
0.31363364796958765,-1.07426320751945,0.5488231217632189,0.6863663520304124,0.0
0.42148169725709267,-0.24504825959316345,-1.8287127905241465,0.5785183027429073,0.0
0.32349305759143354,-1.1003777433885005,0.5799440176581203,0.6765069424085665,0.0
0.39527271459926283,-0.4527449355033293,-1.7584665031273319,0.6047272854007372,0.0
0.4179668708231662,-0.22541863479382365,-1.597747168270337,0.5820331291768338,0.0
0.34797766341149294,-0.8299493136560812,-1.2264590891214318,0.6520223365885071,0.0
0.31363364796958765,-1.07426320751945,0.5488231217632189,0.6863663520304124,0.0
0.42148169725709267,-0.24504825959316345,-1.8287127905241465,0.5785183027429073,0.0
0.32349305759143354,-1.1003777433885005,0.5799440176581203,0.6765069424085665,0.0
0.39527271459926283,-0.4527449355033293,-1.7584665031273319,0.6047272854007372,0.0
0.3888836368753681,-0.4766246108603541,-1.4434625511521386,0.6111163631246319,0.0
0.34797766341149294,-0.8299493136560812,-1.2264590891214318,0.6520223365885071,0.0
0.31363364796958765,-1.07426320751945,0.5488231217632189,0.6863663520304124,0.0
0.4127868261539709,-0.31395195757955774,-1.8054084745053909,0.5872131738460291,0.0
0.33532296874788264,-0.9697183273691659,-0.2928324698615762,0.6646770312521173,0.0
0.3946117675296642,-0.45798270116178347,-1.7566950082772166,0.6053882324703358,0.0
0.39222382157122543,-0.44777381805404515,-1.4611820082740463,0.6077761784287745,0.0
0.34797766341149294,-0.8299493136560812,-1.2264590891214318,0.6520223365885071,0.0
0.31363364796958765,-1.07426320751945,0.5488231217632189,0.6863663520304124,0.0
0.3927808357256907,-0.4673588363840432,-1.3303986397896472,0.6072191642743092,0.0
0.34025904841283083,-0.9459258876584361,-0.48437738236370276,0.6597409515871692,0.0
0.39551943652107735,-0.45333456124631943,-1.9680278356323764,0.6044805634789227,0.0
0.39193742153318895,-0.4377037867097944,-1.5284269093384166,0.608062578466811,0.0
0.34797766341149294,-0.8299493136560812,-1.2264590891214318,0.6520223365885071,0.0
0.31363364796958765,-1.07426320751945,0.5488231217632189,0.6863663520304124,0.0
0.41991920354414053,-0.2592605511328706,-1.9747552217899258,0.5800807964558594,0.0
0.34025904841283083,-0.9459258876584361,-0.48437738236370276,0.6597409515871692,0.0
0.39551943652107735,-0.45333456124631943,-1.9680278356323764,0.6044805634789227,0.0
0.39193742153318895,-0.4377037867097944,-1.5284269093384166,0.608062578466811,0.0
0.34797766341149294,-0.8299493136560812,-1.2264590891214318,0.6520223365885071,0.0
0.3187919295625465,-1.0375686089000404,0.28218553052978157,0.6812080704374535,0.0
0.41991920354414053,-0.2592605511328706,-1.9747552217899258,0.5800807964558594,0.0
0.33305662209671283,-1.0541464335455621,0.2080770041276665,0.6669433779032872,0.0
0.36694609394933575,-0.670903465116836,-1.1300478214294711,0.6330539060506643,0.0
0.400271087673441,-0.3599404803253003,-1.6612713252563727,0.599728912326559,0.0
0.3493712671175241,-0.8200355996205507,-1.298496089935299,0.6506287328824759,0.0
0.3187919295625465,-1.0375686089000404,0.28218553052978157,0.6812080704374535,0.0
0.41991920354414053,-0.2592605511328706,-1.9747552217899258,0.5800807964558594,0.0
0.3323885034993366,-1.0533699742616913,0.21154804176796693,0.6676114965006634,0.0
0.36996031852277145,-0.6453261010374153,-1.1011575845502137,0.6300396814772286,0.0
0.400271087673441,-0.3599404803253003,-1.6612713252563727,0.599728912326559,0.0
0.371149912384692,-0.6231734440599301,-1.453717720885678,0.628850087615308,0.0
0.3056923203735585,-1.1383874185442706,0.5745403093550252,0.6943076796264416,0.0
0.41991920354414053,-0.2592605511328706,-1.9747552217899258,0.5800807964558594,0.0
0.37479492098721623,-0.6686439785707758,-0.8476607718493476,0.6252050790127838,0.0
0.36941704567504524,-0.6499360718880338,-1.1063646555160602,0.6305829543249548,0.0
0.400271087673441,-0.3599404803253003,-1.6612713252563727,0.599728912326559,0.0
0.3524652892142818,-0.7702393331279531,-0.8747591032060011,0.6475347107857182,0.0
0.29308014246605135,-1.2376573444151324,0.9653391507693989,0.7069198575339486,0.0
0.41991920354414053,-0.2592605511328706,-1.9747552217899258,0.5800807964558594,0.0
0.3754382293404493,-0.670881842400247,-0.8167142809554467,0.6245617706595508,0.0
0.38029848119780085,-0.5727126771684729,-1.2550336674858442,0.6197015188021991,0.0
0.38795706287118226,-0.5141289186152281,-1.2424755406153771,0.6120429371288177,0.0
0.3642577743693568,-0.6865503994435572,-1.0358754479205428,0.6357422256306432,0.0
0.29308014246605135,-1.2376573444151324,0.9653391507693989,0.7069198575339486,0.0
0.41991920354414053,-0.2592605511328706,-1.9747552217899258,0.5800807964558594,0.0
0.37265604707633665,-0.6900283865865414,-0.756513787723893,0.6273439529236633,0.0
0.3768964473268957,-0.5968562383661499,-1.208552942289475,0.6231035526731044,0.0
0.3776941128490196,-0.5923938543012821,-1.0036535832929403,0.6223058871509803,0.0
0.3767587045063046,-0.588030354810376,-1.4591245803780295,0.6232412954936954,0.0
0.3316814062558294,-0.9432853147956448,0.06707604381802423,0.6683185937441706,0.0
0.41991920354414053,-0.2592605511328706,-1.9747552217899258,0.5800807964558594,0.0
0.3682780228380218,-0.7403578643552339,-0.6174673112298564,0.6317219771619782,0.0
0.3751531166064988,-0.6105359972745614,-1.1775055597102098,0.6248468833935013,0.0
0.38297174692209324,-0.5521467820256056,-1.1264657276219285,0.6170282530779068,0.0
0.360150816126676,-0.7184695423221449,-0.9154154508702592,0.639849183873324,0.0
0.3263517265677638,-0.9839292853024628,0.19109930538090714,0.6736482734322362,0.0
0.41991920354414053,-0.2592605511328706,-1.9747552217899258,0.5800807964558594,0.0
0.3682780228380218,-0.7403578643552339,-0.6174673112298564,0.6317219771619782,0.0
0.3692296492896959,-0.657016910991995,-1.0720131515120204,0.6307703507103041,0.0
0.396078878396573,-0.38425827486881203,-1.5805037322680802,0.603921121603427,0.0
0.3901940488467658,-0.48278148761025297,-1.8876386476809421,0.6098059511532342,0.0
0.3249492728249184,-0.9946243536550738,0.22373482900688435,0.6750507271750816,0.0
0.41991920354414053,-0.2592605511328706,-1.9747552217899258,0.5800807964558594,0.0
0.3682780228380218,-0.7403578643552339,-0.6174673112298564,0.6317219771619782,0.0
0.3692296492896959,-0.657016910991995,-1.0720131515120204,0.6307703507103041,0.0
0.396078878396573,-0.38425827486881203,-1.5805037322680802,0.603921121603427,0.0
0.3901940488467658,-0.48278148761025297,-1.8876386476809421,0.6098059511532342,0.0
0.3249492728249184,-0.9946243536550738,0.22373482900688435,0.6750507271750816,0.0
0.41991920354414053,-0.2592605511328706,-1.9747552217899258,0.5800807964558594,0.0
0.36193127877868314,-0.799485124284363,-0.45065549815024974,0.6380687212213169,0.0
0.3692296492896959,-0.657016910991995,-1.0720131515120204,0.6307703507103041,0.0
0.396078878396573,-0.38425827486881203,-1.5805037322680802,0.603921121603427,0.0
0.3901940488467658,-0.48278148761025297,-1.8876386476809421,0.6098059511532342,0.0
0.3249492728249184,-0.9946243536550738,0.22373482900688435,0.6750507271750816,0.0
0.41991920354414053,-0.2592605511328706,-1.9747552217899258,0.5800807964558594,0.0
0.36193127877868314,-0.799485124284363,-0.45065549815024974,0.6380687212213169,0.0
0.35902717672149154,-0.7370747929359014,-0.8903149428053061,0.6409728232785085,0.0
0.396078878396573,-0.38425827486881203,-1.5805037322680802,0.603921121603427,0.0
0.38330150698388693,-0.5346105673100906,-1.8674384287044608,0.616698493016113,0.0
0.30083768890711565,-1.2015268496123956,0.8353373977023186,0.6991623110928844,0.0
0.41991920354414053,-0.2592605511328706,-1.9747552217899258,0.5800807964558594,0.0
0.33700009791354096,-0.9589239382578665,-0.21539724180029735,0.662999902086459,0.0
0.3032445973605641,-1.1747956613968773,0.1031299970524906,0.6967554026394359,0.0
0.3998181995532492,-0.33895945615395523,-1.4887739571965064,0.6001818004467507,0.0
0.3842667971149489,-0.5273519825772616,-1.8702674390189724,0.6157332028850511,0.0
0.30083768890711565,-1.2015268496123956,0.8353373977023186,0.6991623110928844,0.0
0.3945275673780198,-0.4601790824054852,-1.3755618910304,0.6054724326219802,0.0
0.3336239621002912,-0.9798705036686546,-0.1861826244252159,0.6663760378997088,0.0
0.3060319822657177,-1.1510594730666932,0.052578248382240345,0.6939680177342823,0.0
0.3998181995532492,-0.33895945615395523,-1.4887739571965064,0.6001818004467507,0.0
0.3831169597904807,-0.534879478645297,-1.9257048856350396,0.6168830402095193,0.0
0.3023061409982117,-1.1872594758804251,0.6140475647474529,0.6976938590017883,0.0
0.4006842762651544,-0.4198737270706504,-1.0787266666050093,0.5993157237348457,0.0
0.34884231885891215,-0.8325221339778379,-0.48565430618435346,0.6511576811410879,0.0
0.30135466605602274,-1.1871915814133283,0.10848255448399158,0.6986453339439773,0.0
0.40503781587891496,-0.28842167679990394,-1.5914872332733794,0.594962184121085,0.0
0.3897740269266173,-0.4567863094216699,-1.751545448025263,0.6102259730733828,0.0
0.3023061409982117,-1.1872594758804251,0.6140475647474529,0.6976938590017883,0.0
0.3821312060428879,-0.567551308194036,-0.8664794116731409,0.6178687939571121,0.0
0.34884231885891215,-0.8325221339778379,-0.48565430618435346,0.6511576811410879,0.0
0.29292119649464665,-1.250178354032153,0.21399703738623266,0.7070788035053533,0.0
0.40503781587891496,-0.28842167679990394,-1.5914872332733794,0.594962184121085,0.0
0.39326080258254353,-0.418326022517862,-1.714982633348513,0.6067391974174565,0.0
0.30212507173467884,-1.1888437185057303,0.6179349204441007,0.6978749282653212,0.0
0.34679654079105654,-0.8419447597923427,-0.21088863761668464,0.6532034592089435,0.0
0.32610190235204317,-1.0527011816584704,-0.03816113177460689,0.6738980976479568,0.0
0.2845779304876903,-1.3193471055444008,0.3743922306945746,0.7154220695123097,0.0
0.40503781587891496,-0.28842167679990394,-1.5914872332733794,0.594962184121085,0.0
0.3979357078822233,-0.37956933386053815,-1.8048553928428335,0.6020642921177767,0.0
0.31065511596341133,-1.1226031510197596,0.4596705571398324,0.6893448840365887,0.0
0.34679654079105654,-0.8419447597923427,-0.21088863761668464,0.6532034592089435,0.0
0.32610190235204317,-1.0527011816584704,-0.03816113177460689,0.6738980976479568,0.0
0.291343971863946,-1.275899013446763,0.3071695399197505,0.708656028136054,0.0
0.40503781587891496,-0.28842167679990394,-1.5914872332733794,0.594962184121085,0.0
0.3961755517766209,-0.40215897980247056,-1.8577356459989771,0.6038244482233791,0.0
0.32675693931939104,-1.03176573838822,0.15201912113026445,0.673243060680609,0.0
0.3638217032867529,-0.7097348444607114,-0.5267693564360604,0.6361782967132471,0.0
0.3482029635434708,-0.9107793563692377,-0.25774193532697665,0.6517970364565292,0.0
0.291343971863946,-1.275899013446763,0.3071695399197505,0.708656028136054,0.0
0.40503781587891496,-0.28842167679990394,-1.5914872332733794,0.594962184121085,0.0
0.3828133185478011,-0.5291887036514401,-1.3080427095804206,0.6171866814521989,0.0
0.3393662670264025,-0.9499068181216116,0.13612812517566333,0.6606337329735975,0.0
0.35312640931398676,-0.8114109802217414,-0.08678844538076369,0.6468735906860132,0.0
0.3482029635434708,-0.9107793563692377,-0.25774193532697665,0.6517970364565292,0.0
0.3021308389493302,-1.191636750825257,0.18305434128245668,0.6978691610506698,0.0
0.3952016123691709,-0.39613088234099725,-1.3606607308425183,0.6047983876308292,0.0
0.3975984768311027,-0.3886317666762433,-1.91627165851331,0.6024015231688973,0.0
0.3282353390581968,-1.02216806520904,0.15015595722378733,0.6717646609418032,0.0
0.35312640931398676,-0.8114109802217414,-0.08678844538076369,0.6468735906860132,0.0
0.3452173720411245,-0.9274343762397637,-0.19675238282799729,0.6547826279588755,0.0
0.3021308389493302,-1.191636750825257,0.18305434128245668,0.6978691610506698,0.0
0.3653533992880691,-0.6746841486214277,-0.6709740135062553,0.6346466007119309,0.0
0.3912724675455148,-0.4418415988121436,-1.7771632018378596,0.6087275324544852,0.0
0.3227697632346047,-1.0720885386450238,0.3129833202930994,0.6772302367653953,0.0
0.35312640931398676,-0.8114109802217414,-0.08678844538076369,0.6468735906860132,0.0
0.3412583999940274,-0.9529463044987923,-0.1068528564482571,0.6587416000059726,0.0
0.3021308389493302,-1.191636750825257,0.18305434128245668,0.6978691610506698,0.0
0.37807532199517657,-0.5277644664008798,-0.9688244375695834,0.6219246780048234,0.0
0.3912724675455148,-0.4418415988121436,-1.7771632018378596,0.6087275324544852,0.0
0.3278582150311272,-1.039298153757716,0.19743579910033604,0.6721417849688728,0.0
0.35742132032014234,-0.7601907961446206,-0.07952734053979596,0.6425786796798576,0.0
0.3412583999940274,-0.9529463044987923,-0.1068528564482571,0.6587416000059726,0.0
0.3021308389493302,-1.191636750825257,0.18305434128245668,0.6978691610506698,0.0
0.37807532199517657,-0.5277644664008798,-0.9688244375695834,0.6219246780048234,0.0
0.3912724675455148,-0.4418415988121436,-1.7771632018378596,0.6087275324544852,0.0
0.3278582150311272,-1.039298153757716,0.19743579910033604,0.6721417849688728,0.0
0.35742132032014234,-0.7601907961446206,-0.07952734053979596,0.6425786796798576,0.0
0.3412583999940274,-0.9529463044987923,-0.1068528564482571,0.6587416000059726,0.0
0.3021308389493302,-1.191636750825257,0.18305434128245668,0.6978691610506698,0.0
0.37807532199517657,-0.5277644664008798,-0.9688244375695834,0.6219246780048234,0.0
0.370672867423745,-0.6151105927485281,-1.3241795826706761,0.629327132576255,0.0
0.3218581547923286,-1.0957982655647918,0.2543013463749564,0.6781418452076714,0.0
0.3571329035986845,-0.7636303918761314,-0.0800149464644338,0.6428670964013155,0.0
0.3557868883108514,-0.7851634201191996,-0.4469992718755069,0.6442131116891485,0.0
0.3021308389493302,-1.191636750825257,0.18305434128245668,0.6978691610506698,0.0
0.3835800219620377,-0.4657672735473186,-1.2024473880618678,0.6164199780379622,0.0
0.3886423597902172,-0.463964170221823,-1.7193273349884204,0.6113576402097828,0.0
0.3503645935249403,-0.8594367795104365,-0.1957568836820449,0.6496354064750597,0.0
0.3571329035986845,-0.7636303918761314,-0.0800149464644338,0.6428670964013155,0.0
0.39673005285714563,-0.47499700531950706,-0.9277724384331861,0.6032699471428544,0.0
0.32265134053499434,-1.019033076783038,-0.26818990717150126,0.6773486594650057,0.0
0.38175800536423005,-0.46641623936076704,-1.016414003025451,0.61824199463577,0.0
0.38769563371332466,-0.46430137508556724,-1.6226637497068754,0.6123043662866754,0.0
0.35011976760910424,-0.8614667565915596,-0.19189158435837916,0.6498802323908958,0.0
0.35760528120388313,-0.7579290018500893,-0.09797767198167218,0.6423947187961169,0.0
0.39673005285714563,-0.47499700531950706,-0.9277724384331861,0.6032699471428544,0.0
0.3369496093854388,-0.9131267335242043,-0.19016049260749907,0.6630503906145613,0.0
0.38175800536423005,-0.46641623936076704,-1.016414003025451,0.61824199463577,0.0
0.38769563371332466,-0.46430137508556724,-1.6226637497068754,0.6123043662866754,0.0
0.35011976760910424,-0.8614667565915596,-0.19189158435837916,0.6498802323908958,0.0
0.35760528120388313,-0.7579290018500893,-0.09797767198167218,0.6423947187961169,0.0
0.3946221015915837,-0.47378889824725956,-0.9402525015876791,0.6053778984084164,0.0
0.3074970981751415,-1.1289836255464358,0.1732447088537804,0.6925029018248585,0.0
0.38175800536423005,-0.46641623936076704,-1.016414003025451,0.61824199463577,0.0
0.38769563371332466,-0.46430137508556724,-1.6226637497068754,0.6123043662866754,0.0
0.35011976760910424,-0.8614667565915596,-0.19189158435837916,0.6498802323908958,0.0
0.35760528120388313,-0.7579290018500893,-0.09797767198167218,0.6423947187961169,0.0
0.3914130027717938,-0.46939323801811417,-1.2564201601174267,0.6085869972282062,0.0
0.3074970981751415,-1.1289836255464358,0.1732447088537804,0.6925029018248585,0.0
0.38175800536423005,-0.46641623936076704,-1.016414003025451,0.61824199463577,0.0
0.3763366156053388,-0.5751449262994182,-1.047099313881796,0.6236633843946612,0.0
0.35011976760910424,-0.8614667565915596,-0.19189158435837916,0.6498802323908958,0.0
0.35760528120388313,-0.7579290018500893,-0.09797767198167218,0.6423947187961169,0.0
0.3906821266408126,-0.47563098173283364,-1.2313762374741288,0.6093178733591874,0.0
0.3298973216879879,-0.9291253406874792,-0.18560656375786522,0.6701026783120121,0.0
0.3823877676515071,-0.45881528541217936,-1.040361470015783,0.6176122323484929,0.0
0.39839810088396577,-0.33420502212608494,-1.7667568691210316,0.6016018991160342,0.0
0.37344188111240084,-0.6067591645307582,-0.9526715125826407,0.6265581188875992,0.0
0.35719524116927603,-0.7628780048042066,-0.08238540742114242,0.642804758830724,0.0
0.3999703028842541,-0.40633511848795956,-1.3911742831709362,0.6000296971157459,0.0
0.3322676708823963,-0.9114409870196315,-0.2263871388630072,0.6677323291176037,0.0
0.3793310637379535,-0.509365963906839,-1.0103988458651736,0.6206689362620466,0.0
0.39839810088396577,-0.33420502212608494,-1.7667568691210316,0.6016018991160342,0.0
0.37344188111240084,-0.6067591645307582,-0.9526715125826407,0.6265581188875992,0.0
0.3742572785163479,-0.6206608390477756,-0.6044326887616134,0.6257427214836522,0.0
0.3999703028842541,-0.40633511848795956,-1.3911742831709362,0.6000296971157459,0.0
0.33613637413859004,-0.882813271947958,-0.2946283681625129,0.6638636258614099,0.0
0.38028020497016896,-0.5006465980795909,-1.0480497184518076,0.619719795029831,0.0
0.39839810088396577,-0.33420502212608494,-1.7667568691210316,0.6016018991160342,0.0
0.37344188111240084,-0.6067591645307582,-0.9526715125826407,0.6265581188875992,0.0
0.3768938524627652,-0.6025294676688264,-0.6258598299460102,0.6231061475372348,0.0
0.40145773534947465,-0.4745761250688319,-1.0358422510203638,0.5985422646505254,0.0
0.33252215399639473,-0.9095578573000188,-0.23087604364199732,0.6674778460036053,0.0
0.3790219340808608,-0.5106688031729929,-1.0401608056304572,0.6209780659191392,0.0
0.39839810088396577,-0.33420502212608494,-1.7667568691210316,0.6016018991160342,0.0
0.35753602230618553,-0.6818054131464988,-0.9054517486873648,0.6424639776938145,0.0
0.37640587039165097,-0.6172110501693246,-0.5650211854912126,0.623594129608349,0.0
0.40105983137626305,-0.4563209314453277,-1.1308973413912038,0.598940168623737,0.0
0.33252215399639473,-0.9095578573000188,-0.23087604364199732,0.6674778460036053,0.0
0.3683193806134366,-0.6081397359384833,-0.6388206800137808,0.6316806193865634,0.0
0.39646789163568696,-0.35106324452661497,-1.721754534981481,0.603532108364313,0.0
0.34726752666763344,-0.751953845904487,-1.1593522394033353,0.6527324733323665,0.0
0.38037874097884744,-0.5912843594907732,-0.6562094832732229,0.6196212590211525,0.0
0.40105983137626305,-0.4563209314453277,-1.1308973413912038,0.598940168623737,0.0
0.33731682171130495,-0.8676817888133131,-0.34266249310953967,0.662683178288695,0.0
0.3683193806134366,-0.6081397359384833,-0.6388206800137808,0.6316806193865634,0.0
0.3983300569283112,-0.3340563442512015,-1.7933960451606354,0.6016699430716888,0.0
0.34828964290616443,-0.7449713379740898,-1.1340792273023754,0.6517103570938356,0.0
0.37780105847960493,-0.6282204902493506,-0.4929175047239567,0.622198941520395,0.0
0.40013855564441775,-0.46233311593635695,-1.109751531596747,0.5998614443555823,0.0
0.3622311067071833,-0.6497799457199802,-0.9350583731236097,0.6377688932928167,0.0
0.3685744483444155,-0.6086799306709676,-0.6348957215423929,0.6314255516555844,0.0
0.3966422151287447,-0.35824176872721847,-1.6864740223706454,0.6033577848712552,0.0
0.34828964290616443,-0.7449713379740898,-1.1340792273023754,0.6517103570938356,0.0
0.37780105847960493,-0.6282204902493506,-0.4929175047239567,0.622198941520395,0.0
0.40013855564441775,-0.46233311593635695,-1.109751531596747,0.5998614443555823,0.0
0.370746460743951,-0.5916376718622427,-0.8134977494889337,0.629253539256049,0.0
0.35700713197372075,-0.7118907586915292,-0.2015182110441447,0.6429928680262793,0.0
0.39435789446915054,-0.37862390570572235,-1.6008903684867857,0.6056421055308494,0.0
0.35902678311884867,-0.6924911237968969,-0.9267557587762176,0.6409732168811513,0.0
0.3750718000064647,-0.6140674554774664,-0.6169424856132584,0.6249281999935353,0.0
0.40013855564441775,-0.46233311593635695,-1.109751531596747,0.5998614443555823,0.0
0.3705743229905333,-0.5931906360566237,-0.8077573104258308,0.6294256770094667,0.0
0.3560522043388381,-0.7170618570701593,-0.17955821049123805,0.6439477956611619,0.0
0.38520858144458564,-0.49031820133640025,-1.1341060126554128,0.6147914185554144,0.0
0.3503219948707507,-0.741223557329993,-0.8880092062720892,0.6496780051292492,0.0
0.37766684660149286,-0.60073498650084,-0.5885208165692422,0.6223331533985071,0.0
0.4253334057434043,-0.316758527459187,-1.6413464718513209,0.5746665942565957,0.0
0.36455829837359366,-0.6354806572165279,-0.6735980134253182,0.6354417016264063,0.0
0.3560522043388381,-0.7170618570701593,-0.17955821049123805,0.6439477956611619,0.0
0.3879672547256183,-0.47092593503821467,-1.1956253201056057,0.6120327452743817,0.0
0.3263326913969244,-0.913469723631133,-0.691981968403597,0.6736673086030756,0.0
0.385555360002783,-0.5582801511968245,-0.7377764442807804,0.614444639997217,0.0
0.4253334057434043,-0.316758527459187,-1.6413464718513209,0.5746665942565957,0.0
0.34696955312189187,-0.7591218415920364,-0.28136329891881573,0.6530304468781081,0.0
0.34905028567178875,-0.7575185942407183,-0.031822283472278556,0.6509497143282112,0.0
0.38814938315031344,-0.46432959166185794,-1.2301986759461045,0.6118506168496866,0.0
0.3263326913969244,-0.913469723631133,-0.691981968403597,0.6736673086030756,0.0
0.385555360002783,-0.5582801511968245,-0.7377764442807804,0.614444639997217,0.0
0.4317686931016755,-0.2795757577569633,-1.7771268470192922,0.5682313068983245,0.0
0.3458256321289396,-0.7600032563140577,-0.4185530622961791,0.6541743678710604,0.0
0.34785867042625224,-0.765698762487929,-0.06644990889488522,0.6521413295737477,0.0
0.4022066299021322,-0.3591832561600007,-1.63622533741527,0.5977933700978678,0.0
0.3263326913969244,-0.913469723631133,-0.691981968403597,0.6736673086030756,0.0
0.3727261818845699,-0.6094364230820989,-0.5243488214779862,0.62727381811543,0.0
0.4317686931016755,-0.2795757577569633,-1.7771268470192922,0.5682313068983245,0.0
0.35697009645455885,-0.6722637205658697,-0.2622288456682351,0.6430299035454412,0.0
0.32734570878887503,-0.894598004334924,0.31126632714095515,0.672654291211125,0.0
0.4022066299021322,-0.3591832561600007,-1.63622533741527,0.5977933700978678,0.0
0.3186417687869489,-0.9662661620465786,-0.9154755736507967,0.6813582312130511,0.0
0.3727261818845699,-0.6094364230820989,-0.5243488214779862,0.62727381811543,0.0
0.4317686931016755,-0.2795757577569633,-1.7771268470192922,0.5682313068983245,0.0
0.35697009645455885,-0.6722637205658697,-0.2622288456682351,0.6430299035454412,0.0
0.32734570878887503,-0.894598004334924,0.31126632714095515,0.672654291211125,0.0
0.4022066299021322,-0.3591832561600007,-1.63622533741527,0.5977933700978678,0.0
0.33344863332698155,-0.8685757313643481,-0.8083955388364692,0.6665513666730185,0.0
0.35904376038390795,-0.6997081781563521,-0.6232971279661031,0.640956239616092,0.0
0.4317686931016755,-0.2795757577569633,-1.7771268470192922,0.5682313068983245,0.0
0.3586161499190736,-0.6657000921095099,-0.2896127727367146,0.6413838500809264,0.0
0.3392654128865539,-0.8089347020897362,0.01787299898142103,0.6607345871134461,0.0
0.3855053585454213,-0.4766222211492089,-1.120283740447451,0.6144946414545787,0.0
0.32571179883189627,-0.919118695199556,-0.859756953885505,0.6742882011681037,0.0
0.3590630538958624,-0.7012426013490749,-0.6383527536489917,0.6409369461041377,0.0
0.4317686931016755,-0.2795757577569633,-1.7771268470192922,0.5682313068983245,0.0
0.3586148345987912,-0.6655954839929592,-0.2885863670791043,0.6413851654012088,0.0
0.3392654128865539,-0.8089347020897362,0.01787299898142103,0.6607345871134461,0.0
0.3826932539371185,-0.4963842973491229,-1.0333081195557088,0.6173067460628815,0.0
0.323946183530041,-0.9334722501605932,-0.9740849012432709,0.676053816469959,0.0
0.37419361086239517,-0.6189377719839994,-1.139880240101131,0.6258063891376049,0.0
0.42660419479295425,-0.3108961874382413,-1.7386626266327587,0.5733958052070458,0.0
0.3586148345987912,-0.6655954839929592,-0.2885863670791043,0.6413851654012088,0.0
0.3392654128865539,-0.8089347020897362,0.01787299898142103,0.6607345871134461,0.0
0.3834150138010212,-0.48597748633416116,-1.0242583890500319,0.6165849861989787,0.0
0.34517362457160955,-0.7929823890931404,-1.0293499055398205,0.6548263754283905,0.0
0.3765036042808525,-0.5856307592863091,-1.1109165654048283,0.6234963957191475,0.0
0.4213802417228335,-0.3406851285118675,-1.633599795735512,0.5786197582771665,0.0
0.34682859921166975,-0.7270840667491651,-0.03720967996853486,0.6531714007883302,0.0
0.3406004486030266,-0.8053300736935202,-0.21876036068313887,0.6593995513969735,0.0
0.3694846381943433,-0.5978116454665128,-1.026113100359939,0.6305153618056567,0.0
0.34468107979894225,-0.7943122717712273,-0.9420469795556202,0.6553189202010578,0.0
0.37043465226921424,-0.6187563088677024,-1.040230800539622,0.6295653477307858,0.0
0.41023406977632315,-0.4015231563540411,-1.5037790807508977,0.5897659302236768,0.0
0.34682859921166975,-0.7270840667491651,-0.03720967996853486,0.6531714007883302,0.0
0.3406467766429403,-0.8050403526431307,-0.22003598096620125,0.6593532233570597,0.0
0.36855275026267764,-0.5772666034796141,-1.012264764037019,0.6314472497373224,0.0
0.3421151681110398,-0.8146401314144993,-0.933350395037795,0.6578848318889602,0.0
0.37043465226921424,-0.6187563088677024,-1.040230800539622,0.6295653477307858,0.0
0.41023406977632315,-0.4015231563540411,-1.5037790807508977,0.5897659302236768,0.0
0.34682859921166975,-0.7270840667491651,-0.03720967996853486,0.6531714007883302,0.0
0.3406467766429403,-0.8050403526431307,-0.22003598096620125,0.6593532233570597,0.0
0.36855275026267764,-0.5772666034796141,-1.012264764037019,0.6314472497373224,0.0
0.3736122800939192,-0.6236213200800942,-1.1971076746315894,0.6263877199060808,0.0
0.37018779659795104,-0.6183783679398187,-1.0280437389339272,0.629812203402049,0.0
0.41023406977632315,-0.4015231563540411,-1.5037790807508977,0.5897659302236768,0.0
0.34682859921166975,-0.7270840667491651,-0.03720967996853486,0.6531714007883302,0.0
0.32076030155520385,-0.9235431863228122,0.12436259145066608,0.6792396984447961,0.0
0.36655987047124966,-0.5935328591534426,-0.9556884641564533,0.6334401295287504,0.0
0.3809361543435772,-0.5752150745439675,-1.1951410708989159,0.6190638456564228,0.0
0.36986331466026895,-0.6178815796587088,-1.0120243323542404,0.630136685339731,0.0
0.3967073640358366,-0.47097720497638057,-1.1909061920912922,0.6032926359641634,0.0
0.34682859921166975,-0.7270840667491651,-0.03720967996853486,0.6531714007883302,0.0
0.3330380865636482,-0.8503802799559717,-0.08826692739036002,0.6669619134363518,0.0
0.36556797740835417,-0.601132847734565,-0.9300218884367368,0.6344320225916458,0.0
0.38132690673250624,-0.5726324447175184,-1.1950361462264782,0.6186730932674938,0.0
0.37133687848377217,-0.6085781295111453,-1.0489885431413803,0.6286631215162278,0.0
0.40569808948523906,-0.41740177555061747,-1.3466096536703474,0.5943019105147609,0.0
0.34682859921166975,-0.7270840667491651,-0.03720967996853486,0.6531714007883302,0.0
0.36271587600799726,-0.6630074426336099,-0.8327315017915184,0.6372841239920027,0.0
0.36395988268863055,-0.6040411257437485,-0.902978932672603,0.6360401173113694,0.0
0.37377302978371296,-0.6207463744132007,-1.1480557581367945,0.626226970216287,0.0
0.406975653593872,-0.3835701846439959,-1.9429838858292416,0.593024346406128,0.0
0.4158817652682785,-0.3525375126045477,-1.4099457450191926,0.5841182347317215,0.0
0.34682859921166975,-0.7270840667491651,-0.03720967996853486,0.6531714007883302,0.0
0.3617188977168969,-0.7102645343844431,-0.7764334411103958,0.6382811022831031,0.0
0.36463590110059946,-0.5719976355245115,-0.941152808591782,0.6353640988994005,0.0
0.3688873890676443,-0.6570288346317217,-0.9974341195982409,0.6311126109323557,0.0
0.406975653593872,-0.3835701846439959,-1.9429838858292416,0.593024346406128,0.0
0.4365370247726682,-0.24050273253392984,-1.8205600770457897,0.5634629752273318,0.0
0.3651722098462244,-0.6275877431756647,-0.401869800847815,0.6348277901537756,0.0
0.3607154043524447,-0.7578304427082152,-0.7197674827546909,0.6392845956475552,0.0
0.36463590110059946,-0.5719976355245115,-0.941152808591782,0.6353640988994005,0.0
0.3688873890676443,-0.6570288346317217,-0.9974341195982409,0.6311126109323557,0.0
0.406975653593872,-0.3835701846439959,-1.9429838858292416,0.593024346406128,0.0
0.4357950825166834,-0.2440934925001885,-1.8236327151966274,0.5642049174833166,0.0
0.3651602875959616,-0.627936151034365,-0.40272019822929184,0.6348397124040384,0.0
0.3482423845128014,-0.8587411749367087,-0.3899551122224809,0.6517576154871987,0.0
0.36463590110059946,-0.5719976355245115,-0.941152808591782,0.6353640988994005,0.0
0.3688873890676443,-0.6570288346317217,-0.9974341195982409,0.6311126109323557,0.0
0.406975653593872,-0.3835701846439959,-1.9429838858292416,0.593024346406128,0.0
0.4357950825166834,-0.2440934925001885,-1.8236327151966274,0.5642049174833166,0.0
0.3651505326048427,-0.6268955450560876,-0.4127364846490491,0.6348494673951572,0.0
0.3482423845128014,-0.8587411749367087,-0.3899551122224809,0.6517576154871987,0.0
0.39883940044301724,-0.4143866439824772,-1.3653271780067922,0.6011605995569828,0.0
0.3741851349587946,-0.6189931179249553,-1.1289518574431612,0.6258148650412054,0.0
0.4058671094571718,-0.38776885013290646,-1.864279604557604,0.5941328905428283,0.0
0.4462796616587455,-0.180294301802905,-1.9418512289317387,0.5537203383412546,0.0
0.3651505326048427,-0.6268955450560876,-0.4127364846490491,0.6348494673951572,0.0
0.31903285791516617,-1.1152658978292345,0.17312466183793518,0.6809671420848338,0.0
0.39883940044301724,-0.4143866439824772,-1.3653271780067922,0.6011605995569828,0.0
0.3741851349587946,-0.6189931179249553,-1.1289518574431612,0.6258148650412054,0.0
0.4058671094571718,-0.38776885013290646,-1.864279604557604,0.5941328905428283,0.0
0.4462796616587455,-0.180294301802905,-1.9418512289317387,0.5537203383412546,0.0
0.3668497604272046,-0.6169160535443972,-0.47331383779079483,0.6331502395727955,0.0
0.31903285791516617,-1.1152658978292345,0.17312466183793518,0.6809671420848338,0.0
0.41747911267074267,-0.25068844099959164,-1.7246498433247752,0.5825208873292573,0.0
0.35595967453577265,-0.7702467496958583,-0.9542133703984554,0.6440403254642273,0.0
0.4033286406021012,-0.40080112972090626,-1.8594070305234576,0.5966713593978987,0.0
0.4462796616587455,-0.180294301802905,-1.9418512289317387,0.5537203383412546,0.0
0.3107772827420119,-0.9251433464378798,0.5633805155684581,0.6892227172579881,0.0
0.31903285791516617,-1.1152658978292345,0.17312466183793518,0.6809671420848338,0.0
0.41747911267074267,-0.25068844099959164,-1.7246498433247752,0.5825208873292573,0.0
0.35595967453577265,-0.7702467496958583,-0.9542133703984554,0.6440403254642273,0.0
0.4076132716929894,-0.37880420421348704,-1.8676313513212708,0.5923867283070106,0.0
0.4462796616587455,-0.180294301802905,-1.9418512289317387,0.5537203383412546,0.0
0.3223246412253201,-0.8599942836042058,0.27349071521372426,0.6776753587746799,0.0
0.31903285791516617,-1.1152658978292345,0.17312466183793518,0.6809671420848338,0.0
0.40625684928395484,-0.33632179635058873,-1.7674647571482756,0.5937431507160451,0.0
0.3852264871767291,-0.4967974873425177,-1.8476992972106614,0.614773512823271,0.0
0.4076132716929894,-0.37880420421348704,-1.8676313513212708,0.5923867283070106,0.0
0.4423483720130158,-0.20918024664688406,-1.876509054702311,0.5576516279869842,0.0
0.31162145586312445,-0.9285303521315428,0.4982459837039217,0.6883785441368755,0.0
0.31803527304986284,-1.123559864950109,0.19610747740267875,0.6819647269501372,0.0
0.40625684928395484,-0.33632179635058873,-1.7674647571482756,0.5937431507160451,0.0
0.38459712908279253,-0.5015999094069069,-1.8501004093239042,0.6154028709172075,0.0
0.4064440460362606,-0.3885252008836225,-1.8406941968426969,0.5935559539637394,0.0
0.4423483720130158,-0.20918024664688406,-1.876509054702311,0.5576516279869842,0.0
0.31162145586312445,-0.9285303521315428,0.4982459837039217,0.6883785441368755,0.0
0.3206087699426896,-1.0995128790568485,0.1169944545331949,0.6793912300573104,0.0
0.40625684928395484,-0.33632179635058873,-1.7674647571482756,0.5937431507160451,0.0
0.38159451134809885,-0.5245118855917597,-1.8615559254818277,0.6184054886519011,0.0
0.3908236447915328,-0.517911547832823,-1.4844317877440687,0.6091763552084672,0.0
0.4423483720130158,-0.20918024664688406,-1.876509054702311,0.5576516279869842,0.0
0.30764334460137566,-0.9534245427709791,0.5934878280947271,0.6923566553986243,0.0
0.2941294696587091,-1.3491716290970461,0.9760580394313305,0.7058705303412909,0.0
0.40625684928395484,-0.33632179635058873,-1.7674647571482756,0.5937431507160451,0.0
0.3729827783945595,-0.6057071763208473,-1.5821668893701533,0.6270172216054405,0.0
0.39363727050207253,-0.4848059414247821,-1.5360314953768612,0.6063627294979275,0.0
0.4243536024784665,-0.34078352328689465,-1.5818421130912692,0.5756463975215336,0.0
0.30764334460137566,-0.9534245427709791,0.5934878280947271,0.6923566553986243,0.0
0.3081773930517308,-1.2199295496013551,0.5850043007336896,0.6918226069482691,0.0
0.40625684928395484,-0.33632179635058873,-1.7674647571482756,0.5937431507160451,0.0
0.3892918868471296,-0.47366936850118635,-1.6729896513841194,0.6107081131528704,0.0
0.38142085437857637,-0.6285464049790939,-1.311991923257648,0.6185791456214236,0.0
0.4243536024784665,-0.34078352328689465,-1.5818421130912692,0.5756463975215336,0.0
0.30764334460137566,-0.9534245427709791,0.5934878280947271,0.6923566553986243,0.0
0.3081773930517308,-1.2199295496013551,0.5850043007336896,0.6918226069482691,0.0
0.40625684928395484,-0.33632179635058873,-1.7674647571482756,0.5937431507160451,0.0
0.3848324001023171,-0.5146970225008759,-1.5488503807288008,0.6151675998976829,0.0
0.38079672580105417,-0.6358900096945543,-1.3005458904734088,0.6192032741989458,0.0
0.4243536024784665,-0.34078352328689465,-1.5818421130912692,0.5756463975215336,0.0
0.30899501069821195,-0.9449660982274464,0.5611269503834753,0.691004989301788,0.0
0.3081773930517308,-1.2199295496013551,0.5850043007336896,0.6918226069482691,0.0
0.40625684928395484,-0.33632179635058873,-1.7674647571482756,0.5937431507160451,0.0
0.3848324001023171,-0.5146970225008759,-1.5488503807288008,0.6151675998976829,0.0
0.38079672580105417,-0.6358900096945543,-1.3005458904734088,0.6192032741989458,0.0
0.4243536024784665,-0.34078352328689465,-1.5818421130912692,0.5756463975215336,0.0
0.30899501069821195,-0.9449660982274464,0.5611269503834753,0.691004989301788,0.0
0.3081773930517308,-1.2199295496013551,0.5850043007336896,0.6918226069482691,0.0
0.4156248418837599,-0.25832596157334614,-1.8630554462318438,0.5843751581162401,0.0
0.3848324001023171,-0.5146970225008759,-1.5488503807288008,0.6151675998976829,0.0
0.3667571815485017,-0.7310107091381894,-1.2098766077613332,0.6332428184514983,0.0
0.41997903784299456,-0.37042206713149467,-1.553590580809248,0.5800209621570054,0.0
0.30866460899596926,-1.0560796398436927,0.5707758580785435,0.6913353910040307,0.0
0.31794493435671395,-1.1457123997605954,0.3981661385662536,0.682055065643286,0.0
0.4156248418837599,-0.25832596157334614,-1.8630554462318438,0.5843751581162401,0.0
0.3886048100590157,-0.4992114934965528,-1.5493591627668484,0.6113951899409843,0.0
0.3664079127936821,-0.7351905541429564,-1.2033265930409947,0.6335920872063179,0.0
0.41997903784299456,-0.37042206713149467,-1.553590580809248,0.5800209621570054,0.0
0.30866460899596926,-1.0560796398436927,0.5707758580785435,0.6913353910040307,0.0
0.31794493435671395,-1.1457123997605954,0.3981661385662536,0.682055065643286,0.0
0.4156248418837599,-0.25832596157334614,-1.8630554462318438,0.5843751581162401,0.0
0.38049170403075866,-0.5715404187118203,-1.455167889235816,0.6195082959692413,0.0
0.35846841314278677,-0.8274455564539812,-1.0613553120441548,0.6415315868572132,0.0
0.40610971738888096,-0.4648589682282557,-1.4629088285514433,0.593890282611119,0.0
0.30866460899596926,-1.0560796398436927,0.5707758580785435,0.6913353910040307,0.0
0.32954074484348245,-1.0561636356193111,0.1533895749751879,0.6704592551565176,0.0
0.4156248418837599,-0.25832596157334614,-1.8630554462318438,0.5843751581162401,0.0
0.36125023954217067,-0.7430794619808372,-1.2317789629146354,0.6387497604578294,0.0
0.3314065452680087,-1.0334069695388375,-0.8332593692412531,0.6685934547319913,0.0
0.40610971738888096,-0.4648589682282557,-1.4629088285514433,0.593890282611119,0.0
0.3149408358321224,-1.056104892435691,0.4452923389929203,0.6850591641678776,0.0
0.3239340659015205,-1.0561410769738888,0.26548651193864936,0.6760659340984795,0.0
0.41413728505682496,-0.290614512732321,-1.800498110988803,0.585862714943175,0.0
0.37803368765431694,-0.5798055517918048,-1.4558977620366873,0.6219663123456831,0.0
0.3314065452680087,-1.0334069695388375,-0.8332593692412531,0.6685934547319913,0.0
0.40610971738888096,-0.4648589682282557,-1.4629088285514433,0.593890282611119,0.0
0.3149408358321224,-1.056104892435691,0.4452923389929203,0.6850591641678776,0.0
0.3226154185211295,-1.06135699622877,0.5095940631175496,0.6773845814788705,0.0
0.4070595973519711,-0.3524929181576695,-1.703272581550027,0.5929404026480289,0.0
0.39107422983891527,-0.4753503668356086,-1.5803666712491857,0.6089257701610847,0.0
0.32875877252657265,-1.0370569150068731,-0.6276615251422407,0.6712412274734274,0.0
0.4071639409510293,-0.45802214656629847,-1.4849741495008058,0.5928360590489707,0.0
0.312015713589357,-1.0601371632217562,0.6724261928267855,0.687984286410643,0.0
0.3226154185211295,-1.06135699622877,0.5095940631175496,0.6773845814788705,0.0
0.42451562769071466,-0.21833251491944833,-1.8374859049077856,0.5754843723092853,0.0
0.377324531978379,-0.5810253097393817,-1.4746500444321595,0.622675468021621,0.0
0.32875877252657265,-1.0370569150068731,-0.6276615251422407,0.6712412274734274,0.0
0.4071639409510293,-0.45802214656629847,-1.4849741495008058,0.5928360590489707,0.0
0.3456039597309383,-0.8475847285022788,-0.0891570308793943,0.6543960402690616,0.0
0.3223313082754803,-1.0624807963612601,0.5621884544321619,0.6776686917245197,0.0
0.42451562769071466,-0.21833251491944833,-1.8374859049077856,0.5754843723092853,0.0
0.34074113833729147,-0.8621913450559862,-1.1933731020234495,0.6592588616627085,0.0
0.32254844918395204,-1.1276877426782494,-0.33445967614232963,0.6774515508160479,0.0
0.38156612564809383,-0.6200097044519951,-0.9045667469805871,0.6184338743519062,0.0
0.346251968245434,-0.8456382840148992,0.057988290328403025,0.653748031754566,0.0
0.3355605953626777,-0.9672728005154729,0.3093930457964795,0.6644394046373223,0.0
0.42451562769071466,-0.21833251491944833,-1.8374859049077856,0.5754843723092853,0.0
0.3410513009875033,-0.8576649627485583,-1.208016504229049,0.6589486990124966,0.0
0.32965597503521804,-1.0239635217226102,-0.6700202591322801,0.670344024964782,0.0
0.3943549718966281,-0.5441438201022235,-0.8140951923387207,0.6056450281033718,0.0
0.3459185625820688,-0.8466397455713471,-0.017719176982506024,0.6540814374179311,0.0
0.3355605953626777,-0.9672728005154729,0.3093930457964795,0.6644394046373223,0.0
0.42451562769071466,-0.21833251491944833,-1.8374859049077856,0.5754843723092853,0.0
0.3397413384571333,-0.8767820009116355,-1.1461705398830082,0.6602586615428667,0.0
0.3311809825153386,-1.0017082086731541,-0.7420189278394982,0.6688190174846613,0.0
0.40028211458824026,-0.507127523079813,-0.9115473847285265,0.5997178854117597,0.0
0.3330754405781631,-0.9268478396778721,0.19344334457810453,0.6669245594218369,0.0
0.3355605953626777,-0.9672728005154729,0.3093930457964795,0.6644394046373223,0.0
0.411164611307664,-0.33039017262776416,-1.6807852764278879,0.588835388692336,0.0
0.3397413384571333,-0.8767820009116355,-1.1461705398830082,0.6602586615428667,0.0
0.3344266766221294,-0.9543419240148701,-0.8952546711168508,0.6655733233778707,0.0
0.43831034978074834,-0.2696329118709371,-1.5367955160869218,0.5616896502192517,0.0
0.3523280025212693,-0.8066113971949034,-0.12310114710949394,0.6476719974787307,0.0
0.34110001710143734,-0.9141953472326871,0.16651062447690956,0.6588999828985627,0.0
0.411164611307664,-0.33039017262776416,-1.6807852764278879,0.588835388692336,0.0
0.3397413384571333,-0.8767820009116355,-1.1461705398830082,0.6602586615428667,0.0
0.3344266766221294,-0.9543419240148701,-0.8952546711168508,0.6655733233778707,0.0
0.43831034978074834,-0.2696329118709371,-1.5367955160869218,0.5616896502192517,0.0
0.3523280025212693,-0.8066113971949034,-0.12310114710949394,0.6476719974787307,0.0
0.34110001710143734,-0.9141953472326871,0.16651062447690956,0.6588999828985627,0.0
0.411164611307664,-0.33039017262776416,-1.6807852764278879,0.588835388692336,0.0
0.34187978845729594,-0.8340362642527559,-1.5246573620336754,0.6581202115427041,0.0
0.3364788611719276,-0.9419960554269949,-0.5687407847228193,0.6635211388280724,0.0
0.4376644899051017,-0.27389733324215604,-1.530655689232188,0.5623355100948983,0.0
0.3523280025212693,-0.8066113971949034,-0.12310114710949394,0.6476719974787307,0.0
0.34110001710143734,-0.9141953472326871,0.16651062447690956,0.6588999828985627,0.0
0.411164611307664,-0.33039017262776416,-1.6807852764278879,0.588835388692336,0.0
0.34187978845729594,-0.8340362642527559,-1.5246573620336754,0.6581202115427041,0.0
0.3355391342046439,-0.9499264901663346,-0.6001825202713043,0.6644608657953561,0.0
0.4376644899051017,-0.27389733324215604,-1.530655689232188,0.5623355100948983,0.0
0.35089941476144093,-0.8202997935038703,-0.08625252141928247,0.6491005852385591,0.0
0.33303697026169604,-0.9914535904458339,0.3744867833626404,0.666963029738304,0.0
0.4050074377588028,-0.38049046244851625,-1.5178966917741852,0.5949925622411971,0.0
0.34098615024098156,-0.8580238413203072,-1.2111599509542446,0.6590138497590184,0.0
0.3381991244861418,-0.9328348709550902,-0.23344285828394423,0.6618008755138582,0.0
0.4376644899051017,-0.27389733324215604,-1.530655689232188,0.5623355100948983,0.0
0.3505795909751068,-0.8233642707865969,-0.07800306883341754,0.6494204090248932,0.0
0.3325293062165824,-0.996300613645974,0.390499507816886,0.6674706937834176,0.0
0.39288251143476566,-0.4200664116948162,-1.5131595249455987,0.6071174885652344,0.0
0.34098615024098156,-0.8580238413203072,-1.2111599509542446,0.6590138497590184,0.0
0.3381991244861418,-0.9328348709550902,-0.23344285828394423,0.6618008755138582,0.0
0.43449087021296096,-0.2842560775764803,-1.52941576698191,0.565509129787039,0.0
0.3505795909751068,-0.8233642707865969,-0.07800306883341754,0.6494204090248932,0.0
0.333225687977393,-0.9885055867959044,0.31386529082929265,0.6667743120226071,0.0
0.40637991024353926,-0.2913880135195087,-1.9710683130540902,0.5936200897564607,0.0
0.36839654177556885,-0.6898269945851281,-1.3044548833180019,0.6316034582244312,0.0
0.3381991244861418,-0.9328348709550902,-0.23344285828394423,0.6618008755138582,0.0
0.43345780961280445,-0.2905951893404779,-1.5258996071088322,0.5665421903871956,0.0
0.29839040991705834,-1.1588538905052634,0.8337507771283044,0.7016095900829417,0.0
0.32566398752421183,-1.0254831255750316,0.42671693250531706,0.6743360124757882,0.0
0.40637991024353926,-0.2913880135195087,-1.9710683130540902,0.5936200897564607,0.0
0.37737141637884464,-0.5956821086428418,-1.461965188013226,0.6226285836211554,0.0
0.37150543557454946,-0.708281754347049,-0.6853383099945719,0.6284945644254505,0.0
0.43510535038545334,-0.2794873721386535,-1.5482532138979967,0.5648946496145466,0.0
0.2950006606530183,-1.1830243995759462,0.9322795481822497,0.7049993393469818,0.0
0.28969677593895216,-1.2706499108202995,1.0757783775854748,0.7103032240610478,0.0
0.39295169394806667,-0.45630679238547284,-1.4180094603510436,0.6070483060519334,0.0
0.37737141637884464,-0.5956821086428418,-1.461965188013226,0.6226285836211554,0.0
0.36985404363363483,-0.739980826278825,-0.4667021756044606,0.6301459563663652,0.0
0.43510535038545334,-0.2794873721386535,-1.5482532138979967,0.5648946496145466,0.0
0.3061038169220088,-1.103853664985096,0.6095476123399841,0.6938961830779913,0.0
0.28969677593895216,-1.2706499108202995,1.0757783775854748,0.7103032240610478,0.0
0.3882796820302752,-0.4759042012109012,-1.4035741676572033,0.6117203179697248,0.0
0.37737141637884464,-0.5956821086428418,-1.461965188013226,0.6226285836211554,0.0
0.36985404363363483,-0.739980826278825,-0.4667021756044606,0.6301459563663652,0.0
0.43510535038545334,-0.2794873721386535,-1.5482532138979967,0.5648946496145466,0.0
0.27590537466224563,-1.2762199996065147,1.1193664593433228,0.7240946253377544,0.0
0.28969677593895216,-1.2706499108202995,1.0757783775854748,0.7103032240610478,0.0
0.37281114129197696,-0.5407891634317435,-1.355780429748786,0.627188858708023,0.0
0.37737141637884464,-0.5956821086428418,-1.461965188013226,0.6226285836211554,0.0
0.35422766909703507,-0.8502597393650569,-0.2076924722569924,0.6457723309029649,0.0
0.43510535038545334,-0.2794873721386535,-1.5482532138979967,0.5648946496145466,0.0
0.2501464892918588,-1.4163111651562583,1.5558138227093379,0.7498535107081412,0.0
0.3477838295906771,-0.8747055053329653,0.02754401851471089,0.6522161704093229,0.0
0.37281114129197696,-0.5407891634317435,-1.355780429748786,0.627188858708023,0.0
0.37737141637884464,-0.5956821086428418,-1.461965188013226,0.6226285836211554,0.0
0.35868637920300955,-0.8333448885743356,-0.37046054207978923,0.6413136207969905,0.0
0.3608808599073444,-0.7356978305141734,-0.3025827289057428,0.6391191400926556,0.0
0.2501464892918588,-1.4163111651562583,1.5558138227093379,0.7498535107081412,0.0
0.3415637791560413,-0.9252028459640638,0.32064460918827686,0.6584362208439587,0.0
0.36528340274191434,-0.6412248374436339,-0.9397027902196311,0.6347165972580857,0.0
0.36893461014864404,-0.7029933654278159,-0.9691209345902958,0.631065389851356,0.0
0.3563741305632901,-0.8627553432840133,-0.23538828565040082,0.6436258694367099,0.0
0.3608808599073444,-0.7356978305141734,-0.3025827289057428,0.6391191400926556,0.0
0.2501464892918588,-1.4163111651562583,1.5558138227093379,0.7498535107081412,0.0
0.3415637791560413,-0.9252028459640638,0.32064460918827686,0.6584362208439587,0.0
0.37914051495066264,-0.47532359054407713,-1.6760034853959729,0.6208594850493374,0.0
0.36893461014864404,-0.7029933654278159,-0.9691209345902958,0.631065389851356,0.0
0.3525763777656511,-0.9698247916011856,-0.1787645424927527,0.6474236222343489,0.0
0.3635467152492107,-0.6605397894419757,-0.3423301048453042,0.6364532847507893,0.0
0.2501464892918588,-1.4163111651562583,1.5558138227093379,0.7498535107081412,0.0
0.34822420373792073,-0.8711303376470793,0.006792752261990165,0.6517757962620793,0.0
0.36101862208129265,-0.6922839916665153,-0.7130927348281544,0.6389813779187073,0.0
0.36893461014864404,-0.7029933654278159,-0.9691209345902958,0.631065389851356,0.0
0.3525763777656511,-0.9698247916011856,-0.1787645424927527,0.6474236222343489,0.0
0.36529938746367796,-0.674349858944813,-0.5462239988580606,0.634700612536322,0.0
0.2501464892918588,-1.4163111651562583,1.5558138227093379,0.7498535107081412,0.0
0.35171581711826266,-0.8231656429370164,-0.18146543523400938,0.6482841828817374,0.0
0.3613420472605532,-0.6909290119906222,-0.7004852812484313,0.6386579527394468,0.0
0.36893461014864404,-0.7029933654278159,-0.9691209345902958,0.631065389851356,0.0
0.35247825950596334,-0.9729466031805023,-0.1729246769856756,0.6475217404940367,0.0
0.36107717677003287,-0.7015547058144291,-0.4691504148703991,0.6389228232299671,0.0
0.2501464892918588,-1.4163111651562583,1.5558138227093379,0.7498535107081412,0.0
0.31117489383536595,-1.0599169105340915,0.5119614744884335,0.688825106164634,0.0
0.36209479792181626,-0.6825368549028633,-0.6805429088680621,0.6379052020781837,0.0
0.32660931553549927,-0.9571550257735186,-0.06946357229798017,0.6733906844645008,0.0
0.35457507462733057,-0.9385500323202651,-0.27437343611647946,0.6454249253726694,0.0
0.3652424381853045,-0.6474449009447967,-0.5971535244620773,0.6347575618146954,0.0
0.2501464892918588,-1.4163111651562583,1.5558138227093379,0.7498535107081412,0.0
0.31425546677896243,-1.0394065546570284,0.3959142196797823,0.6857445332210376,0.0
0.36209479792181626,-0.6825368549028633,-0.6805429088680621,0.6379052020781837,0.0
0.3239715213018429,-0.9747173751979064,0.02990391068995124,0.6760284786981571,0.0
0.3584748972937462,-0.8321265113182701,-0.39237683010944546,0.6415251027062538,0.0
0.3652424381853045,-0.6474449009447967,-0.5971535244620773,0.6347575618146954,0.0
0.2565235474778491,-1.3737110132720187,1.4365255403896882,0.7434764525221509,0.0
0.32978372076516793,-0.9002085489812843,0.08256770895047283,0.6702162792348321,0.0
0.36276735347431405,-0.6547440052212262,-0.7340824162257391,0.6372326465256859,0.0
0.2918810884216779,-1.2393871445439784,0.6618442654234258,0.7081189115783221,0.0
0.3578644392268136,-0.8573532293613962,-0.3437806598084073,0.6421355607731865,0.0
0.36879463588754846,-0.5505078299278066,-0.7046382541162256,0.6312053641124515,0.0
0.2565235474778491,-1.3737110132720187,1.4365255403896882,0.7434764525221509,0.0
0.32390897149056885,-0.9484478047604971,0.23533774210212532,0.6760910285094311,0.0
0.3635336260400631,-0.6230783708272596,-0.7950823671138779,0.6364663739599369,0.0
0.2918810884216779,-1.2393871445439784,0.6618442654234258,0.7081189115783221,0.0
0.35879361850531705,-0.8312682104264644,-0.37445727154092456,0.6412063814946829,0.0
0.36879463588754846,-0.5505078299278066,-0.7046382541162256,0.6312053641124515,0.0
0.2537089053853652,-1.3844038840106216,1.4981941538332288,0.7462910946146348,0.0
0.32390897149056885,-0.9484478047604971,0.23533774210212532,0.6760910285094311,0.0
0.3635336260400631,-0.6230783708272596,-0.7950823671138779,0.6364663739599369,0.0
0.3279735717952273,-0.9161233499543568,0.02060810818317116,0.6720264282047728,0.0
0.35877246346914415,-0.8321973784826877,-0.37257998779256923,0.6412275365308558,0.0
0.36879463588754846,-0.5505078299278066,-0.7046382541162256,0.6312053641124515,0.0
0.26283752222863327,-1.3277133959702865,1.333975899487411,0.7371624777713668,0.0
0.3240111185689592,-0.947635462003148,0.22994139237408098,0.6759888814310409,0.0
0.3880632587771401,-0.42093341165650694,-1.3577527063773256,0.6119367412228599,0.0
0.3313710246209038,-0.8891045037977722,-0.1588766496854717,0.6686289753790962,0.0
0.36113713682034826,-0.8210580702178057,-0.41243279580292247,0.6388628631796518,0.0
0.36933702943283314,-0.5456980365665682,-0.715957373251166,0.6306629705671669,0.0
0.28994441597618403,-1.1564268700120817,0.7874072726329188,0.710055584023816,0.0
0.3083453666783406,-1.0010462533582538,0.5009985950285013,0.6916546333216593,0.0
0.3880632587771401,-0.42093341165650694,-1.3577527063773256,0.6119367412228599,0.0
0.2813696252951361,-1.3020219003220208,0.8985076877803841,0.7186303747048639,0.0
0.36823652347044356,-0.7968534318598769,-0.535270173757909,0.6317634765295564,0.0
0.34878008031474944,-0.7279912778026504,-0.28695787991027344,0.6512199196852506,0.0
0.29051213792176617,-1.1467872768197558,0.7800515077881967,0.7094878620782339,0.0
0.3051272637850703,-1.0369514982424979,0.5484199112145524,0.6948727362149296,0.0
0.3558591192193513,-0.6703568778309242,-0.6612122948034913,0.6441408807806487,0.0
0.2779956071695733,-1.3593107939556979,0.942223602070118,0.7220043928304267,0.0
0.36823652347044356,-0.7968534318598769,-0.535270173757909,0.6317634765295564,0.0
0.3517823516266587,-0.7386172112246996,-0.3252742808190886,0.6482176483733413,0.0
0.287297310107302,-1.2013732102259977,0.8217048516539549,0.712702689892698,0.0
0.30432404924929285,-1.044358466956457,0.5607310164780345,0.6956759507507071,0.0
0.358495395085024,-0.6972995069728832,-0.6343877549041184,0.641504604914976,0.0
0.302732524293062,-1.151224018640276,0.5172964649003344,0.6972674757069379,0.0
0.36823652347044356,-0.7968534318598769,-0.535270173757909,0.6317634765295564,0.0
0.3517823516266587,-0.7386172112246996,-0.3252742808190886,0.6482176483733413,0.0
0.287297310107302,-1.2013732102259977,0.8217048516539549,0.712702689892698,0.0
0.3179920599133413,-0.9914282447998215,0.32634553635845487,0.6820079400866588,0.0
0.35785021566288544,-0.7033021619942674,-0.6608950820384564,0.6421497843371146,0.0
0.302732524293062,-1.151224018640276,0.5172964649003344,0.6972674757069379,0.0
0.36823652347044356,-0.7968534318598769,-0.535270173757909,0.6317634765295564,0.0
0.36171781711043466,-0.6673185635513855,-0.5019938938145532,0.6382821828895653,0.0
0.287297310107302,-1.2013732102259977,0.8217048516539549,0.712702689892698,0.0
0.30380267974939756,-1.0986381726583268,0.530611348062225,0.6961973202506024,0.0
0.3243773481240508,-0.9396052042446634,0.04250431452464842,0.6756226518759492,0.0
0.3063787040492991,-1.1215928137496267,0.43935600584529755,0.6936212959507009,0.0
0.3587862424305956,-0.8464652424972825,-0.38637240477358437,0.6412137575694044,0.0
0.3653024267093024,-0.6339678798965603,-0.3547194829675319,0.6346975732906976,0.0
0.2601887344098689,-1.3927472806114116,1.3913649133483137,0.7398112655901311,0.0
0.30380267974939756,-1.0986381726583268,0.530611348062225,0.6961973202506024,0.0
0.3700438145033219,-0.6172209650775974,-0.9171315713785084,0.6299561854966781,0.0
0.31130297065527923,-1.0926853064130122,0.3378632854904684,0.6886970293447208,0.0
0.3603771312892931,-0.8140690770975774,-0.46137781796112537,0.6396228687107068,0.0
0.39087659573904643,-0.44073852209224906,-0.7228771005063503,0.6091234042609536,0.0
0.24238034147675025,-1.4972900055610037,1.7584088588842743,0.7576196585232498,0.0
0.2734988924630863,-1.2510660107620641,1.0619647745518885,0.7265011075369137,0.0
0.3700438145033219,-0.6172209650775974,-0.9171315713785084,0.6299561854966781,0.0
0.31130297065527923,-1.0926853064130122,0.3378632854904684,0.6886970293447208,0.0
0.36295968519070915,-0.7614790781881478,-0.5831371233933047,0.6370403148092909,0.0
0.3609002554455899,-0.6476828724379023,-0.267057758983124,0.6390997445544101,0.0
0.24349306007695293,-1.4884856746990272,1.7335058263819563,0.7565069399230471,0.0
0.26324787933602123,-1.3218347981189487,1.2178413761577462,0.7367521206639788,0.0
0.3700438145033219,-0.6172209650775974,-0.9171315713785084,0.6299561854966781,0.0
0.3097117723336432,-1.1019729883513645,0.3706128356628604,0.6902882276663568,0.0
0.3627012723715426,-0.7631359380161649,-0.578529816981087,0.6372987276284574,0.0
0.32543927388983257,-0.8924909350244243,0.2721608749219939,0.6745607261101674,0.0
0.24349306007695293,-1.4884856746990272,1.7335058263819563,0.7565069399230471,0.0
0.26324787933602123,-1.3218347981189487,1.2178413761577462,0.7367521206639788,0.0
0.367119105465049,-0.6753423667003023,-0.7822584451930918,0.632880894534951,0.0
0.314284256112656,-1.072734612535814,0.2887109611390477,0.685715743887344,0.0
0.37557584429894014,-0.6808105344345559,-0.8091378684268546,0.6244241557010599,0.0
0.32543927388983257,-0.8924909350244243,0.2721608749219939,0.6745607261101674,0.0
0.2565421359729341,-1.4090855764766481,1.4804198350418503,0.7434578640270659,0.0
0.24551463686372574,-1.444257825981099,1.4874925352940032,0.7544853631362742,0.0
0.3898158159504993,-0.5046312382794739,-1.2423237780602552,0.6101841840495007,0.0
0.314284256112656,-1.072734612535814,0.2887109611390477,0.685715743887344,0.0
0.37557584429894014,-0.6808105344345559,-0.8091378684268546,0.6244241557010599,0.0
0.32543927388983257,-0.8924909350244243,0.2721608749219939,0.6745607261101674,0.0
0.2565421359729341,-1.4090855764766481,1.4804198350418503,0.7434578640270659,0.0
0.24551463686372574,-1.444257825981099,1.4874925352940032,0.7544853631362742,0.0
0.3780866481559184,-0.561668047503693,-0.91098769508486,0.6219133518440816,0.0
0.35384056574514117,-0.8423169755901299,-0.5276706523835104,0.6461594342548589,0.0
0.37557584429894014,-0.6808105344345559,-0.8091378684268546,0.6244241557010599,0.0
0.35382694459109015,-0.6796385726335755,-0.2256777656772362,0.6461730554089098,0.0
0.2565421359729341,-1.4090855764766481,1.4804198350418503,0.7434578640270659,0.0
0.27326951976518055,-1.2900306895169156,0.9711746151168388,0.7267304802348195,0.0
0.3780866481559184,-0.561668047503693,-0.91098769508486,0.6219133518440816,0.0
0.33414066530471387,-0.951784532860831,-0.161197781313841,0.6658593346952861,0.0
0.36388433712951385,-0.7494386031616711,-0.6026883716082148,0.6361156628704862,0.0
0.41601725465473416,-0.20237600895046914,-1.359281911311537,0.5839827453452658,0.0
0.26036371217757975,-1.3968966449302536,1.4779687930858687,0.7396362878224203,0.0
0.27326951976518055,-1.2900306895169156,0.9711746151168388,0.7267304802348195,0.0
0.3780866481559184,-0.561668047503693,-0.91098769508486,0.6219133518440816,0.0
0.33414066530471387,-0.951784532860831,-0.161197781313841,0.6658593346952861,0.0
0.3655320256247181,-0.7391333218030538,-0.6358052009774595,0.6344679743752819,0.0
0.41601725465473416,-0.20237600895046914,-1.359281911311537,0.5839827453452658,0.0
0.3073162416971794,-1.1032373588415485,0.5342716603567617,0.6926837583028206,0.0
0.27326951976518055,-1.2900306895169156,0.9711746151168388,0.7267304802348195,0.0
0.3780866481559184,-0.561668047503693,-0.91098769508486,0.6219133518440816,0.0
0.33414066530471387,-0.951784532860831,-0.161197781313841,0.6658593346952861,0.0
0.38703969423173074,-0.5934361704312473,-0.9609806313027776,0.6129603057682693,0.0
0.41601725465473416,-0.20237600895046914,-1.359281911311537,0.5839827453452658,0.0
0.2913953000639831,-1.20504573149948,0.8328766969624875,0.7086046999360169,0.0
0.2421129324200274,-1.4817653562802768,1.5908877104556767,0.7578870675799726,0.0
0.352976096837182,-0.7995240167401944,-0.6142111348997716,0.647023903162818,0.0
0.33414066530471387,-0.951784532860831,-0.161197781313841,0.6658593346952861,0.0
0.33815797276305853,-0.8927302465650641,-0.1308239137573901,0.6618420272369414,0.0
0.41601725465473416,-0.20237600895046914,-1.359281911311537,0.5839827453452658,0.0
0.2645504612699654,-1.3843352879346413,1.3861040051394862,0.7354495387300346,0.0
0.2421129324200274,-1.4817653562802768,1.5908877104556767,0.7578870675799726,0.0
0.3523349832506564,-0.8050318245701966,-0.6003455050698461,0.6476650167493436,0.0
0.33257661878860895,-0.9747759647339631,-0.17302314997802445,0.667423381211391,0.0
0.3378765367795969,-0.896867346180567,-0.13295178158327112,0.6621234632204032,0.0
0.41601725465473416,-0.20237600895046914,-1.359281911311537,0.5839827453452658,0.0
0.32249787228531257,-0.932147196986473,0.3357879421843257,0.6775021277146874,0.0
0.29234654494954926,-1.1122038185203076,0.7387083294497923,0.7076534550504507,0.0
0.3523349832506564,-0.8050318245701966,-0.6003455050698461,0.6476650167493436,0.0
0.3238701422186883,-1.0330699457299166,-0.02515484032475024,0.6761298577813117,0.0
0.3475151067759963,-0.8747557179841371,-0.4267341603656456,0.6524848932240037,0.0
0.41601725465473416,-0.20237600895046914,-1.359281911311537,0.5839827453452658,0.0
0.32249787228531257,-0.932147196986473,0.3357879421843257,0.6775021277146874,0.0
0.27939094408697285,-1.1679653376587096,1.0123969525796752,0.7206090559130272,0.0
0.3523349832506564,-0.8050318245701966,-0.6003455050698461,0.6476650167493436,0.0
0.3238701422186883,-1.0330699457299166,-0.02515484032475024,0.6761298577813117,0.0
0.3333477877841083,-1.0138143915663929,-0.23386865363430254,0.6666522122158918,0.0
0.3866057999900603,-0.4910628011470743,-0.9588917520403153,0.6133942000099397,0.0
0.32249787228531257,-0.932147196986473,0.3357879421843257,0.6775021277146874,0.0
0.27939094408697285,-1.1679653376587096,1.0123969525796752,0.7206090559130272,0.0
0.3484239674496301,-0.83143792351177,-0.5182286873633364,0.6515760325503699,0.0
0.3142299530090081,-1.0623064687863044,0.1997187189696935,0.685770046990992,0.0
0.32752398863160476,-0.9978488571995456,0.021943431830202975,0.6724760113683952,0.0
0.4043004604949787,-0.3173816677787086,-1.1997764011877106,0.5956995395050213,0.0
0.31508215651813337,-0.9637404525323312,0.5684545556862135,0.6849178434818666,0.0
0.27939094408697285,-1.1679653376587096,1.0123969525796752,0.7206090559130272,0.0
0.3484239674496301,-0.83143792351177,-0.5182286873633364,0.6515760325503699,0.0
0.3136862590910489,-1.0761047186765789,0.162057742341786,0.686313740908951,0.0
0.32752398863160476,-0.9978488571995456,0.021943431830202975,0.6724760113683952,0.0
0.4043004604949787,-0.3173816677787086,-1.1997764011877106,0.5956995395050213,0.0
0.31781820956158974,-0.9712411488563178,0.44827262346981744,0.6821817904384102,0.0
0.27939094408697285,-1.1679653376587096,1.0123969525796752,0.7206090559130272,0.0
0.3484239674496301,-0.83143792351177,-0.5182286873633364,0.6515760325503699,0.0
0.3136862590910489,-1.0761047186765789,0.162057742341786,0.686313740908951,0.0
0.32752398863160476,-0.9978488571995456,0.021943431830202975,0.6724760113683952,0.0
0.38422540476664635,-0.4540847394540066,-0.8442430148238378,0.6157745952333536,0.0
0.31781820956158974,-0.9712411488563178,0.44827262346981744,0.6821817904384102,0.0
0.29733346036274394,-1.104551154153547,0.6431863908009865,0.702666539637256,0.0
0.3252176566436183,-0.9554913118394401,0.009308830180462357,0.6747823433563818,0.0
0.3177778818877762,-1.0472863456749744,0.08192938628118451,0.6822221181122238,0.0
0.32752398863160476,-0.9978488571995456,0.021943431830202975,0.6724760113683952,0.0
0.38069312840139,-0.48052708872813577,-0.7837769754168538,0.61930687159861,0.0
0.3205124703530086,-0.9589341068305133,0.36319037861385006,0.6794875296469913,0.0
0.300039051047742,-1.0875538739858612,0.6105036056980728,0.699960948952258,0.0
0.3085466508993483,-1.098223424625881,0.24764007103123742,0.6914533491006517,0.0
0.3177778818877762,-1.0472863456749744,0.08192938628118451,0.6822221181122238,0.0
0.3423949305605854,-0.9191937589764448,-0.15491602350951122,0.6576050694394147,0.0
0.35051537054802395,-0.7388999309934579,-0.3523511463087913,0.649484629451976,0.0
0.3205124703530086,-0.9589341068305133,0.36319037861385006,0.6794875296469913,0.0
0.2716773068227559,-1.2834563100604284,1.151514528692934,0.7283226931772441,0.0
0.3085466508993483,-1.098223424625881,0.24764007103123742,0.6914533491006517,0.0
0.3221398699772155,-1.0232172987652814,0.0036269330028866342,0.6778601300227844,0.0
0.3423949305605854,-0.9191937589764448,-0.15491602350951122,0.6576050694394147,0.0
0.3818958389207901,-0.517592803718166,-1.1004706928840968,0.61810416107921,0.0
0.318900227847666,-0.9618620718481418,0.4013631048918674,0.681099772152334,0.0
0.2716773068227559,-1.2834563100604284,1.151514528692934,0.7283226931772441,0.0
0.3085466508993483,-1.098223424625881,0.24764007103123742,0.6914533491006517,0.0
0.30914283214629,-1.0899659454245922,0.10535898140318722,0.69085716785371,0.0
0.3423949305605854,-0.9191937589764448,-0.15491602350951122,0.6576050694394147,0.0
0.409466429939136,-0.2843045413361257,-1.6098863148849831,0.590533570060864,0.0
0.30742016700903096,-1.0400427802817442,0.5837275964675199,0.692579832990969,0.0
0.2716773068227559,-1.2834563100604284,1.151514528692934,0.7283226931772441,0.0
0.3091109427728361,-1.135038815092983,0.07229169117358131,0.690889057227164,0.0
0.3062697344075831,-1.1048596368611312,0.13151274102941185,0.6937302655924169,0.0
0.35759876237875404,-0.8387779459945479,-0.3357345235937379,0.642401237621246,0.0
0.409466429939136,-0.2843045413361257,-1.6098863148849831,0.590533570060864,0.0
0.3078424637316838,-1.0522810200697883,0.46645959469959525,0.6921575362683162,0.0
0.32326497025482476,-0.9093781245205556,0.11765776193487687,0.6767350297451753,0.0
0.3091109427728361,-1.135038815092983,0.07229169117358131,0.690889057227164,0.0
0.3325011208790676,-0.968880212703176,-0.10727112183582133,0.6674988791209324,0.0
0.38039004725763725,-0.7206314729890337,-0.5432032004384708,0.6196099527423627,0.0
0.409466429939136,-0.2843045413361257,-1.6098863148849831,0.590533570060864,0.0
0.3084095766512839,-1.089280460527738,0.29023460135778223,0.6915904233487161,0.0
0.3269076582727603,-0.907856563739094,0.05971020723735512,0.6730923417272396,0.0
0.3090748916887446,-1.1326867792052668,0.08349422568551756,0.6909251083112554,0.0
0.3419775421694804,-0.9015618318802222,-0.18002015591501835,0.6580224578305196,0.0
0.38943380738899475,-0.5849187142203521,-0.8749785223172084,0.6105661926110053,0.0
0.409466429939136,-0.2843045413361257,-1.6098863148849831,0.590533570060864,0.0
0.3084095766512839,-1.089280460527738,0.29023460135778223,0.6915904233487161,0.0
0.331209124056007,-0.9060598296772249,-0.00871712514107631,0.668790875943993,0.0
0.3090748916887446,-1.1326867792052668,0.08349422568551756,0.6909251083112554,0.0
0.34861140482910785,-0.8987908492424578,-0.28555104887973404,0.6513885951708922,0.0
0.3824301117882286,-0.6285155013992729,-0.7742580593898235,0.6175698882117714,0.0
0.41813669508877,-0.2154191746950206,-1.7872826776633892,0.5818633049112301,0.0
0.3084095766512839,-1.089280460527738,0.29023460135778223,0.6915904233487161,0.0
0.331209124056007,-0.9060598296772249,-0.00871712514107631,0.668790875943993,0.0
0.3128186014922573,-1.1105391891308767,0.04854935314642911,0.6871813985077426,0.0
0.34861140482910785,-0.8987908492424578,-0.28555104887973404,0.6513885951708922,0.0
0.3824301117882286,-0.6285155013992729,-0.7742580593898235,0.6175698882117714,0.0
0.4172126425585312,-0.22319094652007332,-1.771432067484946,0.5827873574414688,0.0
0.2940959237795581,-1.2032193882222526,0.5614584017990185,0.7059040762204418,0.0
0.33223477264269974,-0.9005022846034934,-0.024046309759157114,0.6677652273573003,0.0
0.35296648121874347,-0.769282636975462,-0.6513794400455202,0.6470335187812566,0.0
0.34861140482910785,-0.8987908492424578,-0.28555104887973404,0.6513885951708922,0.0
0.3824301117882286,-0.6285155013992729,-0.7742580593898235,0.6175698882117714,0.0
0.4172126425585312,-0.22319094652007332,-1.771432067484946,0.5827873574414688,0.0
0.2940959237795581,-1.2032193882222526,0.5614584017990185,0.7059040762204418,0.0
0.3450410282306039,-0.7988559917727096,-0.2206469730629329,0.6549589717693961,0.0
0.35709195455338066,-0.6466021995908193,-0.9979210704975998,0.6429080454466194,0.0
0.34861140482910785,-0.8987908492424578,-0.28555104887973404,0.6513885951708922,0.0
0.37381809895991697,-0.6696607490810833,-0.7383414996969269,0.6261819010400831,0.0
0.40038397740588405,-0.3963346227749756,-1.3707933282352989,0.599616022594116,0.0
0.299609458389123,-1.1594571542413976,0.47681503715989515,0.700390541610877,0.0
0.37167979641808413,-0.6051064067031218,-0.7742582748400546,0.6283202035819159,0.0
0.36134384121957874,-0.6345075107315015,-0.9327305599751416,0.6386561587804213,0.0
0.34861140482910785,-0.8987908492424578,-0.28555104887973404,0.6513885951708922,0.0
0.3721450297738825,-0.6673542672231522,-0.7643065141482521,0.6278549702261176,0.0
0.4103320783363251,-0.3008590118479118,-1.5844483170169026,0.5896679216636749,0.0
0.3071964449155784,-1.1079847814157568,0.3469977308686154,0.6928035550844216,0.0
0.37371825289479105,-0.599307922694827,-0.7430043800806347,0.6262817471052089,0.0
0.36134384121957874,-0.6345075107315015,-0.9327305599751416,0.6386561587804213,0.0
0.3423054830826872,-0.9598807752275108,-0.1528443873337484,0.6576945169173127,0.0
0.3429665123935592,-0.9476806970243812,-0.13902508963402505,0.6570334876064408,0.0
0.4150415352743284,-0.2552351701096728,-1.6835577467036482,0.5849584647256716,0.0
0.29738302051917276,-1.1745619708527892,0.5149105531983131,0.7026169794808272,0.0
0.36692848248644144,-0.6558420327484591,-0.588463379258956,0.6330715175135586,0.0
0.3744289430173543,-0.5420860897845015,-1.1156927959486795,0.6255710569826457,0.0
0.3423054830826872,-0.9598807752275108,-0.1528443873337484,0.6576945169173127,0.0
0.34772832752676897,-0.9239798650184617,-0.20733755346995209,0.652271672473231,0.0
0.4150415352743284,-0.2552351701096728,-1.6835577467036482,0.5849584647256716,0.0
0.29738302051917276,-1.1745619708527892,0.5149105531983131,0.7026169794808272,0.0
0.3553724871016589,-0.7420349350768599,-0.4051216670827319,0.6446275128983411,0.0
0.39680985544327096,-0.3583594648482119,-1.5893634273766646,0.603190144556729,0.0
0.3481624893767692,-0.862236016333318,-0.26592230582205656,0.6518375106232308,0.0
0.34772832752676897,-0.9239798650184617,-0.20733755346995209,0.652271672473231,0.0
0.40979679884278736,-0.2980234588519498,-1.5711869198256778,0.5902032011572127,0.0
0.31812868569440267,-1.0713052270661514,0.2172955760541111,0.6818713143055973,0.0
0.3553724871016589,-0.7420349350768599,-0.4051216670827319,0.6446275128983411,0.0
0.39680985544327096,-0.3583594648482119,-1.5893634273766646,0.603190144556729,0.0
0.33849970632162485,-0.9294999049898096,-0.1104564976841022,0.6615002936783752,0.0
0.34772832752676897,-0.9239798650184617,-0.20733755346995209,0.652271672473231,0.0
0.40979679884278736,-0.2980234588519498,-1.5711869198256778,0.5902032011572127,0.0
0.32093936822971947,-1.0517397006515186,0.17207412905705538,0.6790606317702805,0.0
0.34709426408908933,-0.8095714073397214,-0.22775703167256633,0.6529057359109107,0.0
0.38363671636935565,-0.5101680272703525,-1.2184373414631606,0.6163632836306443,0.0
0.3443631775344406,-0.8886835198398388,-0.20479466976059585,0.6556368224655593,0.0
0.34772832752676897,-0.9239798650184617,-0.20733755346995209,0.652271672473231,0.0
0.3981191602989167,-0.4034358532235468,-1.3273331564795432,0.6018808397010833,0.0
0.31041459982403025,-1.1019336132509878,0.32113628726674137,0.6895854001759698,0.0
0.3470630792951278,-0.8039445189746973,-0.22876131165893576,0.6529369207048722,0.0
0.3843037730190067,-0.5052519781024138,-1.2234530472293388,0.6156962269809934,0.0
0.3450750110506544,-0.896149790750578,-0.20533256847425807,0.6549249889493456,0.0
0.34772832752676897,-0.9239798650184617,-0.20733755346995209,0.652271672473231,0.0
0.39646556099395747,-0.41640748830198354,-1.291752720156819,0.6035344390060425,0.0
0.2806234912683104,-1.344165367040574,0.7681414372906076,0.7193765087316897,0.0
0.3727987462471445,-0.5946875949138845,-0.6149159807721715,0.6272012537528555,0.0
0.37516918520064235,-0.5719821164612922,-1.1721538993074514,0.6248308147993576,0.0
0.3450750110506544,-0.896149790750578,-0.20533256847425807,0.6549249889493456,0.0
0.34772832752676897,-0.9239798650184617,-0.20733755346995209,0.652271672473231,0.0
0.39646556099395747,-0.41640748830198354,-1.291752720156819,0.6035344390060425,0.0
0.2806234912683104,-1.344165367040574,0.7681414372906076,0.7193765087316897,0.0
0.37669797252355913,-0.5653150543460104,-0.7264282238553609,0.6233020274764409,0.0
0.3818672236711746,-0.5230514977230141,-1.2097695720798494,0.6181327763288254,0.0
0.3450750110506544,-0.896149790750578,-0.20533256847425807,0.6549249889493456,0.0
0.3380336387225694,-1.0378346228660478,0.07733089118862235,0.6619663612774306,0.0
0.40825637812445403,-0.3302730207017634,-1.3579690491389815,0.591743621875546,0.0
0.2797295885392901,-1.3497626531364024,0.7811357813731162,0.7202704114607099,0.0
0.37669797252355913,-0.5653150543460104,-0.7264282238553609,0.6233020274764409,0.0
0.3818672236711746,-0.5230514977230141,-1.2097695720798494,0.6181327763288254,0.0
0.3336415016652565,-0.9985527247322767,0.0032523455596318307,0.6663584983347435,0.0
0.3380336387225694,-1.0378346228660478,0.07733089118862235,0.6619663612774306,0.0
0.40825637812445403,-0.3302730207017634,-1.3579690491389815,0.591743621875546,0.0
0.2797295885392901,-1.3497626531364024,0.7811357813731162,0.7202704114607099,0.0
0.37669797252355913,-0.5653150543460104,-0.7264282238553609,0.6233020274764409,0.0
0.3818672236711746,-0.5230514977230141,-1.2097695720798494,0.6181327763288254,0.0
0.3336415016652565,-0.9985527247322767,0.0032523455596318307,0.6663584983347435,0.0
0.3380336387225694,-1.0378346228660478,0.07733089118862235,0.6619663612774306,0.0
0.40836903830898363,-0.329379386849344,-1.359844081929511,0.5916309616910164,0.0
0.2684693848095434,-1.4408546092436976,0.956197766909138,0.7315306151904566,0.0
0.37669797252355913,-0.5653150543460104,-0.7264282238553609,0.6233020274764409,0.0
0.3859361897952388,-0.48978382020636446,-1.5902307870843084,0.6140638102047612,0.0
0.3336415016652565,-0.9985527247322767,0.0032523455596318307,0.6663584983347435,0.0
0.3380336387225694,-1.0378346228660478,0.07733089118862235,0.6619663612774306,0.0
0.40836903830898363,-0.329379386849344,-1.359844081929511,0.5916309616910164,0.0
0.2999405658106947,-1.2272699761800405,0.49602677221971636,0.7000594341893053,0.0
0.3746065348484929,-0.5833515868711147,-0.6931195368588275,0.6253934651515072,0.0
0.3760269694664695,-0.5606389713420847,-1.6919990765995392,0.6239730305335305,0.0
0.33235013911127775,-1.0116413312861878,0.02520444721121584,0.6676498608887222,0.0
0.36601879165488244,-0.7559534045576648,-0.49449441512516346,0.6339812083451175,0.0
0.3916464898350496,-0.49781771371697225,-1.0181494545468157,0.6083535101649504,0.0
0.2999405658106947,-1.2272699761800405,0.49602677221971636,0.7000594341893053,0.0
0.37744582330962984,-0.5690994753324103,-0.7472777606067105,0.6225541766903702,0.0
0.3700246113951268,-0.6389553876089848,-1.3457439006958467,0.6299753886048731,0.0
0.35094084136931636,-0.8879529414901446,-0.24486753366589897,0.6490591586306836,0.0
0.36601879165488244,-0.7559534045576648,-0.49449441512516346,0.6339812083451175,0.0
0.396164655946548,-0.45451424524354117,-1.1039806917644142,0.6038353440534521,0.0
0.3271909224817048,-0.9958614049785106,0.058888788765250166,0.6728090775182952,0.0
0.37842669779268745,-0.5630951624294896,-0.7659691400314299,0.6215733022073126,0.0
0.3703898718348961,-0.6261243781319902,-1.4553942653796088,0.6296101281651039,0.0
0.3539835918575984,-0.8595281564310594,-0.29655177358219464,0.6460164081424016,0.0
0.36728207334615076,-0.7352963209979338,-0.5224401303251138,0.6327179266538492,0.0
0.39123106494007076,-0.48471466808009267,-1.009967010073981,0.6087689350599292,0.0
0.28081993379080183,-1.3896413605113433,0.802751363918101,0.7191800662091982,0.0
0.37724531282228313,-0.5723602340533336,-0.867312193319257,0.6227546871777169,0.0
0.3703898718348961,-0.6261243781319902,-1.4553942653796088,0.6296101281651039,0.0
0.36006862217558666,-0.7844079399743727,-0.44585691156749174,0.6399313778244133,0.0
0.36728207334615076,-0.7352963209979338,-0.5224401303251138,0.6327179266538492,0.0
0.39123106494007076,-0.48471466808009267,-1.009967010073981,0.6087689350599292,0.0
0.29914399151724136,-1.2343305212865712,0.4853832463434823,0.7008560084827586,0.0
0.3623385173180093,-0.6980500406405288,-0.7161087470615595,0.6376614826819906,0.0
0.37160682821089874,-0.6040971394730639,-1.5856138943872253,0.6283931717891013,0.0
0.36724516171901866,-0.7153902242290252,-0.5757683713133586,0.6327548382809813,0.0
0.36035277476319383,-0.8077985424659734,-0.38138119246758495,0.6396472252368062,0.0
0.3950707993087516,-0.4477874424177198,-1.0794748130830552,0.6049292006912483,0.0
0.3319265758323012,-0.9544747727154972,-0.40763263234541225,0.6680734241676989,0.0
0.3530755285184186,-0.7647466125109673,-0.6279312505224095,0.6469244714815814,0.0
0.3696744421418404,-0.6534042579713064,-1.138213474313455,0.6303255578581596,0.0
0.36724516171901866,-0.7153902242290252,-0.5757683713133586,0.6327548382809813,0.0
0.3650473362523388,-0.7583750876214779,-0.4777569482900329,0.6349526637476612,0.0
0.3890382865371155,-0.5058029036554418,-0.9702728034855371,0.6109617134628845,0.0
0.3319265758323012,-0.9544747727154972,-0.40763263234541225,0.6680734241676989,0.0
0.3637743910808053,-0.6687666583085452,-0.739376231914161,0.6362256089191947,0.0
0.37136092031647083,-0.6151447027751473,-1.3789353300544067,0.6286390796835292,0.0
0.36799885525897563,-0.6970328788841892,-0.7228473930724971,0.6320011447410243,0.0
0.36468459341901077,-0.7328399614699801,-0.5523088789758934,0.6353154065809892,0.0
0.3890382865371155,-0.5058029036554418,-0.9702728034855371,0.6109617134628845,0.0
0.3319265758323012,-0.9544747727154972,-0.40763263234541225,0.6680734241676989,0.0
0.36717406138827796,-0.646631669048467,-0.7954633795608304,0.6328259386117221,0.0
0.38841409388242504,-0.4684032099334663,-1.7989700410601983,0.611585906117575,0.0
0.36799885525897563,-0.6970328788841892,-0.7228473930724971,0.6320011447410243,0.0
0.36468459341901077,-0.7328399614699801,-0.5523088789758934,0.6353154065809892,0.0
0.3843456316493924,-0.5348289090946622,-1.0787568490608932,0.6156543683506076,0.0
0.2934335762507566,-1.2857046285956388,0.5404839098599348,0.7065664237492434,0.0
0.36820534319344994,-0.610919201755536,-0.8961920554846041,0.63179465680655,0.0
0.3890299160158203,-0.45834869463341166,-1.9079849953580137,0.6109700839841796,0.0
0.36799885525897563,-0.6970328788841892,-0.7228473930724971,0.6320011447410243,0.0
0.3661003525512921,-0.7168774078332392,-0.6311458233027327,0.633899647448708,0.0
0.42419596889699507,-0.20569048491160025,-1.7885338972765181,0.5758040311030049,0.0
0.33815446227544815,-0.9163385712199814,-0.2560428115821155,0.6618455377245518,0.0
0.35604796505657954,-0.7344795983720456,-0.6372134104528651,0.6439520349434205,0.0
0.38555908788250326,-0.4977395647019038,-1.712397669572472,0.6144409121174967,0.0
0.37576824765563543,-0.6399410164523291,-0.8443706543483799,0.6242317523443646,0.0
0.333790617107693,-1.0011727691827752,0.01253273332274718,0.666209382892307,0.0
0.42419596889699507,-0.20569048491160025,-1.7885338972765181,0.5758040311030049,0.0
0.33815446227544815,-0.9163385712199814,-0.2560428115821155,0.6618455377245518,0.0
0.36237367259236175,-0.6701888505478201,-0.7719647645721871,0.6376263274076382,0.0
0.38436887802079905,-0.5150260862159161,-1.6068771739044645,0.615631121979201,0.0
0.3711974263905027,-0.7063272922501855,-0.439135123182403,0.6288025736094973,0.0
0.3337058996467754,-1.0028196969664398,0.017746721755934003,0.6662941003532246,0.0
0.40903756788004947,-0.3195822831608015,-1.5392781514360658,0.5909624321199505,0.0
0.35386492074096243,-0.779913539643488,-0.7152550898459525,0.6461350792590376,0.0
0.35782389757407806,-0.651554856102988,-0.9435810655685507,0.6421761024259219,0.0
0.38436887802079905,-0.5150260862159161,-1.6068771739044645,0.615631121979201,0.0
0.3711974263905027,-0.7063272922501855,-0.439135123182403,0.6288025736094973,0.0
0.3467937282604039,-0.8841167081169609,-0.25276467358965005,0.6532062717395961,0.0
0.3922003905503516,-0.4722908287741381,-1.1912717351238302,0.6077996094496484,0.0
0.35310968704931656,-0.7910428850578275,-0.6658591293512544,0.6468903129506834,0.0
0.35782389757407806,-0.651554856102988,-0.9435810655685507,0.6421761024259219,0.0
0.3823689548816241,-0.534670795016795,-1.5348050480528175,0.617631045118376,0.0
0.3711974263905027,-0.7063272922501855,-0.439135123182403,0.6288025736094973,0.0
0.3467937282604039,-0.8841167081169609,-0.25276467358965005,0.6532062717395961,0.0
0.37698993411105014,-0.5516092071992196,-1.081676840080514,0.6230100658889499,0.0
0.34092347169802356,-0.8481181468190174,-0.8186094267966795,0.6590765283019764,0.0
0.357490882638747,-0.6532914380896759,-0.9411816150963637,0.6425091173612529,0.0
0.3708715847271703,-0.6476063795079754,-1.1204691705867469,0.6291284152728297,0.0
0.37199961138531434,-0.6940012916986946,-0.5178110155364368,0.6280003886146857,0.0
0.3467937282604039,-0.8841167081169609,-0.25276467358965005,0.6532062717395961,0.0
0.39360887659816035,-0.46494595850069415,-1.2014202064202415,0.6063911234018396,0.0
0.3456230227699168,-0.8248115186803322,-0.7731205884053403,0.6543769772300831,0.0
0.357490882638747,-0.6532914380896759,-0.9411816150963637,0.6425091173612529,0.0
0.36684237690345733,-0.6493182689413014,-1.0664819570233257,0.6331576230965427,0.0
0.37169127195258667,-0.6813195161368716,-0.6825440671140026,0.6283087280474133,0.0
0.31495017272475523,-1.1692356817454177,0.3925086239751918,0.6850498272752448,0.0
0.39360887659816035,-0.46494595850069415,-1.2014202064202415,0.6063911234018396,0.0
0.3456230227699168,-0.8248115186803322,-0.7731205884053403,0.6543769772300831,0.0
0.357490882638747,-0.6532914380896759,-0.9411816150963637,0.6425091173612529,0.0
0.36684237690345733,-0.6493182689413014,-1.0664819570233257,0.6331576230965427,0.0
0.37169127195258667,-0.6813195161368716,-0.6825440671140026,0.6283087280474133,0.0
0.32011723329339925,-1.1229711556513207,0.2878040407161522,0.6798827667066007,0.0
0.4003029929961587,-0.4188357191815965,-1.2351673290663843,0.5996970070038413,0.0
0.35351665978225233,-0.7325358434597877,-1.1014599220080874,0.6464833402177477,0.0
0.357490882638747,-0.6532914380896759,-0.9411816150963637,0.6425091173612529,0.0
0.3667501749654791,-0.648709763915052,-1.0737825517267021,0.6332498250345209,0.0
0.37169127195258667,-0.6813195161368716,-0.6825440671140026,0.6283087280474133,0.0
0.329163038178135,-1.0092912994477863,-0.009655924883994138,0.670836961821865,0.0
0.4003029929961587,-0.4188357191815965,-1.2351673290663843,0.5996970070038413,0.0
0.3632675952386823,-0.6671562880557428,-1.1293264421371865,0.6367324047613176,0.0
0.35729850625841353,-0.6528297101424748,-0.9349160063823369,0.6427014937415865,0.0
0.3587911096195637,-0.7250627997973136,-0.8484540461986773,0.6412088903804363,0.0
0.34088390503437044,-0.9639461582243265,-0.08751283594193038,0.6591160949656296,0.0
0.35021124847834584,-0.8326551226048341,-0.3768771673103124,0.6497887515216542,0.0
0.408678226976429,-0.34200136125596253,-1.3969314226958114,0.5913217730235709,0.0
0.3614608970011296,-0.662819980932223,-1.070483125711314,0.6385391029988704,0.0
0.35729850625841353,-0.6528297101424748,-0.9349160063823369,0.6427014937415865,0.0
0.3588480485712499,-0.7278183050501196,-0.8451557463946342,0.64115195142875,0.0
0.34088390503437044,-0.9639461582243265,-0.08751283594193038,0.6591160949656296,0.0
0.3116484818532693,-1.1562731199541043,0.2959148121253412,0.6883515181467307,0.0
0.4241241678146286,-0.21237932220902922,-1.6664117017383593,0.5758758321853714,0.0
0.36978725344080965,-0.5409710785512187,-1.4682361605308414,0.6302127465591904,0.0
0.3570247579189328,-0.6395819251895198,-0.9507734127399693,0.6429752420810673,0.0
0.35891655597791544,-0.7266481634280624,-0.8490578237234284,0.6410834440220845,0.0
0.3324955002036473,-1.019129775880844,0.0225025490024367,0.6675044997963526,0.0
0.32893713564958643,-0.9733015214234361,-0.22868855629576212,0.6710628643504135,0.0
0.40024284852842285,-0.3644247988761752,-1.4117092162832554,0.5997571514715772,0.0
0.36978725344080965,-0.5409710785512187,-1.4682361605308414,0.6302127465591904,0.0
0.357207439380432,-0.647989475653552,-0.9409512478579594,0.642792560619568,0.0
0.36901345452005535,-0.6415367800516611,-1.0668173347499332,0.6309865454799446,0.0
0.3324955002036473,-1.019129775880844,0.0225025490024367,0.6675044997963526,0.0
0.3292213844597125,-0.9769623680291631,-0.20862294140147492,0.6707786155402875,0.0
0.40024284852842285,-0.3644247988761752,-1.4117092162832554,0.5997571514715772,0.0
0.36978725344080965,-0.5409710785512187,-1.4682361605308414,0.6302127465591904,0.0
0.35873073803099503,-0.62984824238426,-0.9815052126702667,0.641269261969005,0.0
0.36889745604415897,-0.6566123607853912,-1.006641531013581,0.6311025439558411,0.0
0.3324955002036473,-1.019129775880844,0.0225025490024367,0.6675044997963526,0.0
0.3305360431738651,-0.9656238541926455,-0.23089293929423182,0.6694639568261349,0.0
0.40024284852842285,-0.3644247988761752,-1.4117092162832554,0.5997571514715772,0.0
0.38064095232973916,-0.40180383455136415,-1.9021130279563634,0.6193590476702608,0.0
0.35988525694568363,-0.6151330462991236,-1.016081972317348,0.6401147430543164,0.0
0.36633603914086327,-0.6498693720268065,-1.000308652437838,0.6336639608591368,0.0
0.32505255206205863,-1.1145640228319216,0.3200345753770515,0.6749474479379414,0.0
0.33112493887729955,-0.9817045372143006,-0.15473739617207702,0.6688750611227005,0.0
0.40024284852842285,-0.3644247988761752,-1.4117092162832554,0.5997571514715772,0.0
0.38064095232973916,-0.40180383455136415,-1.9021130279563634,0.6193590476702608,0.0
0.35988525694568363,-0.6151330462991236,-1.016081972317348,0.6401147430543164,0.0
0.36633603914086327,-0.6498693720268065,-1.000308652437838,0.6336639608591368,0.0
0.32505255206205863,-1.1145640228319216,0.3200345753770515,0.6749474479379414,0.0
0.31949114042511495,-1.1299858890923955,0.19368396596063597,0.680508859574885,0.0
0.40278980239420314,-0.34298326037155996,-1.4426121020279319,0.5972101976057969,0.0
0.39012697353606807,-0.38371485369497244,-1.6647900205267039,0.6098730264639319,0.0
0.35988525694568363,-0.6151330462991236,-1.016081972317348,0.6401147430543164,0.0
0.3427670130510812,-0.9135413523816738,-0.34202518864008313,0.6572329869489189,0.0
0.3201772611162531,-1.1629537033146808,0.43057894567944865,0.6798227388837469,0.0
0.3384370067227658,-0.888506833162063,-0.37372697633329666,0.6615629932772342,0.0
0.40278980239420314,-0.34298326037155996,-1.4426121020279319,0.5972101976057969,0.0
0.3992656370218589,-0.31378320876408555,-1.8608213713063901,0.6007343629781411,0.0
0.36318619012523096,-0.5648465388993185,-1.1286461304347104,0.6368138098747691,0.0
0.32765697593970494,-1.073941149243968,0.06416287527761977,0.672343024060295,0.0
0.3396245552264628,-0.8946543541761968,-0.2779342835170179,0.6603754447735373,0.0
0.3476612425136916,-0.8013540204158998,-0.5992344269391763,0.6523387574863084,0.0
0.37825492725343307,-0.5469804152082374,-1.0672682512241956,0.621745072746567,0.0
0.4034499717581414,-0.26936462549017437,-1.9733046705058697,0.5965500282418585,0.0
0.3533050779933262,-0.7031590124917061,-0.7718806009012333,0.6466949220066738,0.0
0.32765697593970494,-1.073941149243968,0.06416287527761977,0.672343024060295,0.0
0.34350724558409335,-0.8403057646259152,-0.4181219529780241,0.6564927544159067,0.0
0.355584101291095,-0.7093751562585107,-0.9159838002211854,0.644415898708905,0.0
0.37825492725343307,-0.5469804152082374,-1.0672682512241956,0.621745072746567,0.0
0.3985102152739378,-0.3147736998739178,-1.864189186468694,0.6014897847260622,0.0
0.35530246095494733,-0.6824945297954421,-0.8080513688434416,0.6446975390450527,0.0
0.330822801437529,-1.0400204465221583,-0.021998691691252903,0.669177198562471,0.0
0.34350724558409335,-0.8403057646259152,-0.4181219529780241,0.6564927544159067,0.0
0.329747930468856,-0.9468760546144972,-0.3452823306344115,0.670252069531144,0.0
0.3755671502914564,-0.5638050954440227,-1.0354469719405592,0.6244328497085436,0.0
0.39943613423523894,-0.3047234781056536,-1.8976349414734495,0.6005638657647611,0.0
0.35530246095494733,-0.6824945297954421,-0.8080513688434416,0.6446975390450527,0.0
0.330822801437529,-1.0400204465221583,-0.021998691691252903,0.669177198562471,0.0
0.3455312539025075,-0.8084380554226767,-0.4813298292316265,0.6544687460974925,0.0
0.32343636306120366,-1.002235799813455,-0.29087851881059545,0.6765636369387964,0.0
0.3638015015604433,-0.6915132253520837,-0.6104518898909188,0.6361984984395568,0.0
0.38623326488230453,-0.4177360934187826,-1.571679078539158,0.6137667351176954,0.0
0.35530246095494733,-0.6824945297954421,-0.8080513688434416,0.6446975390450527,0.0
0.330822801437529,-1.0400204465221583,-0.021998691691252903,0.669177198562471,0.0
0.35046764366338096,-0.7768464456777677,-0.5162169763614879,0.6495323563366191,0.0
0.33518626745304086,-0.9082420512794832,-0.3862241154968579,0.6648137325469592,0.0
0.35618821487286567,-0.7402362787496146,-0.5566462007784897,0.6438117851271343,0.0
0.38623326488230453,-0.4177360934187826,-1.571679078539158,0.6137667351176954,0.0
0.3518455183712981,-0.7329832453517751,-0.6970474159205925,0.6481544816287019,0.0
0.33490518259978685,-0.980397188019499,-0.15308575356256415,0.6650948174002131,0.0
0.3584537298945036,-0.7081787666492356,-0.5841515774082714,0.6415462701054964,0.0
0.33154863938110674,-0.9465106598396441,-0.31835434340563634,0.6684513606188933,0.0
0.3597390092921822,-0.6982707908761435,-0.6314891910734457,0.6402609907078178,0.0
0.38623326488230453,-0.4177360934187826,-1.571679078539158,0.6137667351176954,0.0
0.34932983944826107,-0.742426058138529,-0.740025713519982,0.6506701605517389,0.0
0.33490518259978685,-0.980397188019499,-0.15308575356256415,0.6650948174002131,0.0
0.3584537298945036,-0.7081787666492356,-0.5841515774082714,0.6415462701054964,0.0
0.33533239715060387,-0.9131914967405971,-0.3603838171763184,0.6646676028493961,0.0
0.3597390092921822,-0.6982707908761435,-0.6314891910734457,0.6402609907078178,0.0
0.38623326488230453,-0.4177360934187826,-1.571679078539158,0.6137667351176954,0.0
0.34932983944826107,-0.742426058138529,-0.740025713519982,0.6506701605517389,0.0
0.3278715344997216,-1.0603034312990844,-0.017588253680941413,0.6721284655002784,0.0
0.3584537298945036,-0.7081787666492356,-0.5841515774082714,0.6415462701054964,0.0
0.33031657946541804,-0.9743832694048167,-0.2243436394620829,0.669683420534582,0.0
0.36248950822954285,-0.6866032883274182,-0.6028097099879919,0.6375104917704572,0.0
0.3840714761877597,-0.44033818836668925,-1.494830211614843,0.6159285238122403,0.0
0.34125141664905173,-0.7727490987327106,-0.8780388979604516,0.6587485833509483,0.0
0.32823124271032317,-1.0525727462852892,-0.040720831241067734,0.6717687572896769,0.0
0.35639887650869584,-0.7191641184201911,-0.5746516188571744,0.6436011234913042,0.0
0.33359243216102563,-0.9452495576444675,-0.26254560146024075,0.6664075678389744,0.0
0.36295487871951054,-0.6841153937791132,-0.6049612018638266,0.6370451212804895,0.0
0.3840714761877597,-0.44033818836668925,-1.494830211614843,0.6159285238122403,0.0
0.34125141664905173,-0.7727490987327106,-0.8780388979604516,0.6587485833509483,0.0
0.32676577191550166,-1.0718858490319554,-0.007552266180106959,0.6732342280844983,0.0
0.33682114648114125,-0.9209283578906979,0.039803292653910916,0.6631788535188587,0.0
0.3448215886929096,-0.8339323900962312,-0.41621652317281715,0.6551784113070904,0.0
0.36207561823302137,-0.6888159655128909,-0.6008962217367987,0.6379243817669786,0.0
0.39373737193267533,-0.3343609200111243,-1.746535277964111,0.6062626280673247,0.0
0.33921795080660555,-0.8407624366639426,-0.4567551674807403,0.6607820491933944,0.0
0.3276475450103472,-1.06026516410246,-0.027509776332297453,0.6723524549896528,0.0
0.33682114648114125,-0.9209283578906979,0.039803292653910916,0.6631788535188587,0.0
0.3520869623739209,-0.7711583332132949,-0.5253312304097744,0.6479130376260791,0.0
0.3692678842931256,-0.6227122632367104,-0.783362179344267,0.6307321157068744,0.0
0.39373737193267533,-0.3343609200111243,-1.746535277964111,0.6062626280673247,0.0
0.31214333794450894,-1.0922439222147413,0.18375598335889176,0.6878566620554911,0.0
0.34710637155116364,-0.8465371906941408,-0.5336424235671839,0.6528936284488364,0.0
0.33682114648114125,-0.9209283578906979,0.039803292653910916,0.6631788535188587,0.0
0.36306914274175556,-0.7117594575158118,-0.5838527950274788,0.6369308572582444,0.0
0.36950037053286133,-0.6205754956246158,-0.7892602960170142,0.6304996294671387,0.0
0.39373737193267533,-0.3343609200111243,-1.746535277964111,0.6062626280673247,0.0
0.31214333794450894,-1.0922439222147413,0.18375598335889176,0.6878566620554911,0.0
0.35568583886363925,-0.7599679728288999,-0.6315733551064878,0.6443141611363608,0.0
0.33364275307260083,-0.9501407882761896,0.12043832368531082,0.6663572469273992,0.0
0.36971691471221896,-0.668353521348687,-0.5408862035198047,0.630283085287781,0.0
0.37173505143733465,-0.6000366724001831,-0.8459535812451099,0.6282649485626653,0.0
0.39373737193267533,-0.3343609200111243,-1.746535277964111,0.6062626280673247,0.0
0.32633119439436337,-0.9648638094191787,-0.11784491228690253,0.6736688056056366,0.0
0.35730117124181104,-0.7476412555250966,-0.661820305821206,0.642698828758189,0.0
0.3398615282846869,-0.8969124166359248,-0.08518364731132266,0.6601384717153131,0.0
0.36971691471221896,-0.668353521348687,-0.5408862035198047,0.630283085287781,0.0
0.37173505143733465,-0.6000366724001831,-0.8459535812451099,0.6282649485626653,0.0
0.37377810934844785,-0.5388802649694626,-1.1264561916834146,0.6262218906515522,0.0
0.30632864210554833,-1.1015669112197197,0.07719404260931051,0.6936713578944517,0.0
0.3601969099842858,-0.7180286839828857,-0.6987612982779074,0.6398030900157142,0.0
0.3369577988128026,-0.922455579494557,0.0024303220117297686,0.6630422011871975,0.0
0.36971691471221896,-0.668353521348687,-0.5408862035198047,0.630283085287781,0.0
0.3758697868546056,-0.5683319073402286,-0.9043113357024458,0.6241302131453944,0.0
0.37308380536867763,-0.5596633944327195,-1.0311313956001122,0.6269161946313224,0.0
0.30632864210554833,-1.1015669112197197,0.07719404260931051,0.6936713578944517,0.0
0.35818959865303396,-0.7285027876926062,-0.7320495660558154,0.6418104013469661,0.0
0.3164782732759883,-1.108832198938516,0.47965186398232873,0.6835217267240117,0.0
0.3659788935365463,-0.7404913048126316,-0.25570383689034515,0.6340211064634538,0.0
0.3752253179177808,-0.5915032046922103,-0.7943637828237904,0.6247746820822192,0.0
0.37699365994264455,-0.5279240676123078,-1.096046093912601,0.6230063400573554,0.0
0.3285286010081884,-0.941870508343539,-0.26921636033303475,0.6714713989918115,0.0
0.35343943075569295,-0.7354227811026441,-0.9020887677046125,0.646560569244307,0.0
0.3164782732759883,-1.108832198938516,0.47965186398232873,0.6835217267240117,0.0
0.36987837917418953,-0.7114746981753803,-0.31363258564174035,0.6301216208258105,0.0
0.3750171053579022,-0.5868740601566896,-0.8252981175775176,0.6249828946420978,0.0
0.3737612558936325,-0.5589530322977052,-1.0118808470279448,0.6262387441063675,0.0
0.33029634977974226,-0.917377703665941,-0.3790731968447735,0.6697036502202578,0.0
0.349667693133173,-0.7613888228517265,-0.9155116313579776,0.650332306866827,0.0
0.3164782732759883,-1.108832198938516,0.47965186398232873,0.6835217267240117,0.0
0.39469911935096735,-0.526780171491533,-0.6823567085476557,0.6053008806490326,0.0
0.372484476632792,-0.5946067804306706,-0.8436914343714349,0.6275155233672081,0.0
0.38588156303022786,-0.4571173685003671,-1.0603595425220653,0.6141184369697721,0.0
0.3247500662973969,-0.9598109467050719,-0.317991924728416,0.6752499337026031,0.0
0.367123841436244,-0.5786491688900512,-1.6493051410513764,0.632876158563756,0.0
0.3164782732759883,-1.108832198938516,0.47965186398232873,0.6835217267240117,0.0
0.39469911935096735,-0.526780171491533,-0.6823567085476557,0.6053008806490326,0.0
0.372484476632792,-0.5946067804306706,-0.8436914343714349,0.6275155233672081,0.0
0.38588156303022786,-0.4571173685003671,-1.0603595425220653,0.6141184369697721,0.0
0.3247500662973969,-0.9598109467050719,-0.317991924728416,0.6752499337026031,0.0
0.3418527400705694,-0.8431996435203197,-0.5869991934286901,0.6581472599294306,0.0
0.3196041766624289,-1.052517197366001,0.17822297016800548,0.6803958233375711,0.0
0.37209062914936764,-0.695013043157769,-0.3464966310302565,0.6279093708506324,0.0
0.372484476632792,-0.5946067804306706,-0.8436914343714349,0.6275155233672081,0.0
0.38588156303022786,-0.4571173685003671,-1.0603595425220653,0.6141184369697721,0.0
0.3243367484040874,-0.9672571134396674,-0.2781359407225208,0.6756632515959127,0.0
0.3413034067556527,-0.8470903111164564,-0.5773126808009339,0.6586965932443474,0.0
0.2806481600581706,-1.403173116756016,0.9048584138176243,0.7193518399418294,0.0
0.37209062914936764,-0.695013043157769,-0.3464966310302565,0.6279093708506324,0.0
0.3723753419145282,-0.6224292489135688,-0.7059192838092843,0.6276246580854719,0.0
0.38682084843932873,-0.447477824893579,-1.0755503972024028,0.6131791515606713,0.0
0.32712125019406824,-0.9472695631005945,-0.3029319099111314,0.6728787498059318,0.0
0.37553624799926755,-0.5332461601115732,-1.4138260995165863,0.6244637520007325,0.0
0.26678750663837625,-1.5302465598848323,1.243557223399713,0.7332124933616238,0.0
0.36804678595501394,-0.7149881034989118,-0.3768138808320217,0.6319532140449861,0.0
0.35415857424658614,-0.7531918011548052,-0.5436990936712568,0.6458414257534139,0.0
0.357178849412746,-0.7148654465916215,-0.5028513054248631,0.642821150587254,0.0
0.3007551516914261,-1.1511311484426274,-0.12756545977135214,0.6992448483085739,0.0
0.37553624799926755,-0.5332461601115732,-1.4138260995165863,0.6244637520007325,0.0
0.26678750663837625,-1.5302465598848323,1.243557223399713,0.7332124933616238,0.0
0.3673348925327618,-0.7322631618783102,-0.27824309258120494,0.6326651074672383,0.0
0.35969615829973495,-0.6962179934107413,-0.7690931888159088,0.6403038417002651,0.0
0.3574071686352708,-0.7131000917871066,-0.5043699044526573,0.6425928313647292,0.0
0.3007551516914261,-1.1511311484426274,-0.12756545977135214,0.6992448483085739,0.0
0.3809319345404272,-0.4797169422714473,-1.6845039675403726,0.6190680654595728,0.0
0.29800271364013664,-1.2825104628081143,0.7711102129067109,0.7019972863598634,0.0
0.374722314823695,-0.6736336879263957,-0.39005287735706484,0.625277685176305,0.0
0.35850309525032475,-0.7084929032182035,-0.720532415039587,0.6414969047496752,0.0
0.3574071686352708,-0.7131000917871066,-0.5043699044526573,0.6425928313647292,0.0
0.3007551516914261,-1.1511311484426274,-0.12756545977135214,0.6992448483085739,0.0
0.3809319345404272,-0.4797169422714473,-1.6845039675403726,0.6190680654595728,0.0
0.29740214911671786,-1.2882670625131358,0.7840050052059553,0.7025978508832822,0.0
0.3699420381447467,-0.6845293701184085,-0.4216129353944088,0.6300579618552533,0.0
0.33769035726659435,-0.9207845011281387,0.1739805415369131,0.6623096427334056,0.0
0.3574071686352708,-0.7131000917871066,-0.5043699044526573,0.6425928313647292,0.0
0.31102292896235345,-1.0818844547460684,-0.17120398928970249,0.6889770710376466,0.0
0.37382900589288565,-0.5391980916755238,-1.5465734752416171,0.6261709941071143,0.0
0.3170963112519845,-1.1086298565377344,0.4858055755047357,0.6829036887480155,0.0
0.3699420381447467,-0.6845293701184085,-0.4216129353944088,0.6300579618552533,0.0
0.3606201058112297,-0.7116344020284262,-0.17321056475332952,0.6393798941887703,0.0
0.35641550918922144,-0.7153603806558334,-0.5109169793967551,0.6435844908107786,0.0
0.31102292896235345,-1.0818844547460684,-0.17120398928970249,0.6889770710376466,0.0
0.36650064571566443,-0.6025200077417991,-1.3860921418674041,0.6334993542843356,0.0
0.3343208298881371,-0.9363507213638551,0.049172400805221894,0.665679170111863,0.0
0.3664431369457882,-0.7081262337049246,-0.4067424430547603,0.6335568630542119,0.0
0.3628184899407592,-0.67084301950213,-0.6266348512062606,0.6371815100592408,0.0
0.3588133628991166,-0.6885313232495776,-0.7189996369429361,0.6411866371008834,0.0
0.30863519872452044,-1.1014354081736315,-0.12897160660250506,0.6913648012754796,0.0
0.36648691179403087,-0.6277402938741066,-1.1522093437427143,0.6335130882059692,0.0
0.3356228500100057,-0.9231766718366171,0.008336467267577974,0.6643771499899943,0.0
0.36953009195079795,-0.7418190665123408,-0.2145068306259041,0.630469908049202,0.0
0.36296709757379153,-0.6701867065000868,-0.6232077159266182,0.6370329024262085,0.0
0.3697566364681599,-0.5778055168144287,-1.062219211390349,0.6302433635318401,0.0
0.3109685672757853,-1.082914756777838,-0.150197350940941,0.6890314327242146,0.0
0.36648691179403087,-0.6277402938741066,-1.1522093437427143,0.6335130882059692,0.0
0.3356228500100057,-0.9231766718366171,0.008336467267577974,0.6643771499899943,0.0
0.36953009195079795,-0.7418190665123408,-0.2145068306259041,0.630469908049202,0.0
0.36296709757379153,-0.6701867065000868,-0.6232077159266182,0.6370329024262085,0.0
0.3697566364681599,-0.5778055168144287,-1.062219211390349,0.6302433635318401,0.0
0.3109685672757853,-1.082914756777838,-0.150197350940941,0.6890314327242146,0.0
0.36648691179403087,-0.6277402938741066,-1.1522093437427143,0.6335130882059692,0.0
0.3304220159047743,-0.9757995498816473,0.1714529293670587,0.6695779840952256,0.0
0.36953009195079795,-0.7418190665123408,-0.2145068306259041,0.630469908049202,0.0
0.3619009024266905,-0.6830442484957522,-0.462966597192883,0.6380990975733095,0.0
0.3544836285484678,-0.7323402735239932,-0.5832039290202367,0.6455163714515322,0.0
0.3358063195521349,-0.938245534035422,-0.17747298855967256,0.6641936804478651,0.0
0.36648691179403087,-0.6277402938741066,-1.1522093437427143,0.6335130882059692,0.0
0.3304220159047743,-0.9757995498816473,0.1714529293670587,0.6695779840952256,0.0
0.36953009195079795,-0.7418190665123408,-0.2145068306259041,0.630469908049202,0.0
0.38847817759798237,-0.4358741906421999,-0.9985999754473925,0.6115218224020176,0.0
0.34347637547934184,-0.8210190422972228,-0.4736737377228353,0.6565236245206582,0.0
0.3242469199576574,-1.0055740642540925,-0.16477900599147946,0.6757530800423426,0.0
0.36349459295781955,-0.6517441709145841,-0.9371493951180154,0.6365054070421805,0.0
0.33590242213956983,-0.922908613427558,-0.029690226475943993,0.6640975778604301,0.0
0.3657296659370983,-0.7189000184389299,-0.38731106116870145,0.6342703340629017,0.0
0.36732219934927146,-0.6318521573871709,-0.6087200128015299,0.6326778006507285,0.0
0.3596748483089525,-0.6823855182763232,-0.6626218020006633,0.6403251516910475,0.0
0.3151279086040532,-1.0702497146784735,-0.2704695283662587,0.6848720913959467,0.0
0.36349459295781955,-0.6517441709145841,-0.9371493951180154,0.6365054070421805,0.0
0.3360847332074363,-0.9212724645457461,-0.032544534357548116,0.6639152667925636,0.0
0.3657296659370983,-0.7189000184389299,-0.38731106116870145,0.6342703340629017,0.0
0.37115902376211085,-0.6064985896353974,-0.5816764392026995,0.6288409762378891,0.0
0.3596748483089525,-0.6823855182763232,-0.6626218020006633,0.6403251516910475,0.0
0.3151279086040532,-1.0702497146784735,-0.2704695283662587,0.6848720913959467,0.0
0.3653856004517393,-0.6405809501287965,-0.849445292793118,0.6346143995482607,0.0
0.3328893476713851,-0.9430859054154563,0.0056952497831394555,0.6671106523286149,0.0
0.34155166952145033,-0.8867782136645954,-0.3314830759328718,0.6584483304785497,0.0
0.3739807624128621,-0.5898409657711821,-0.45080543199868883,0.6260192375871378,0.0
0.36404244516746426,-0.6398761693831125,-0.7715964108891329,0.6359575548325358,0.0
0.3151279086040532,-1.0702497146784735,-0.2704695283662587,0.6848720913959467,0.0
0.36266877661343194,-0.656619228369699,-0.9754503967812165,0.637331223386568,0.0
0.3328893476713851,-0.9430859054154563,0.0056952497831394555,0.6671106523286149,0.0
0.34119354972675875,-0.8900573404230261,-0.3301653795730171,0.6588064502732413,0.0
0.3739807624128621,-0.5898409657711821,-0.45080543199868883,0.6260192375871378,0.0
0.36404244516746426,-0.6398761693831125,-0.7715964108891329,0.6359575548325358,0.0
0.3151279086040532,-1.0702497146784735,-0.2704695283662587,0.6848720913959467,0.0
0.36459069619777673,-0.6452735236479804,-0.8863126051925627,0.6354093038022233,0.0
0.3328893476713851,-0.9430859054154563,0.0056952497831394555,0.6671106523286149,0.0
0.3442223512378996,-0.8707161687232393,-0.45266422713759236,0.6557776487621003,0.0
0.36448354264633664,-0.6794806146663988,-0.4513986554013539,0.6355164573536634,0.0
0.36404244516746426,-0.6398761693831125,-0.7715964108891329,0.6359575548325358,0.0
0.3151279086040532,-1.0702497146784735,-0.2704695283662587,0.6848720913959467,0.0
0.337369523971751,-0.8934163001373939,-0.6996327408452712,0.662630476028249,0.0
0.31330190435961586,-1.1270964733115534,0.5568438319465694,0.6866980956403841,0.0
0.3411970039713591,-0.9005828940865718,-0.41500228704465114,0.6588029960286409,0.0
0.36448354264633664,-0.6794806146663988,-0.4513986554013539,0.6355164573536634,0.0
0.39680138233040924,-0.3516473335921879,-1.1072100179800992,0.6031986176695907,0.0
0.314348786254166,-1.0945051786537623,0.08252983148934112,0.6856512137458339,0.0
0.3594891415266156,-0.6786498984712852,-1.8544117220947942,0.6405108584733844,0.0
0.31330190435961586,-1.1270964733115534,0.5568438319465694,0.6866980956403841,0.0
0.3505979732161746,-0.8242452139396731,-0.7425256012644574,0.6494020267838254,0.0
0.36448354264633664,-0.6794806146663988,-0.4513986554013539,0.6355164573536634,0.0
0.39680138233040924,-0.3516473335921879,-1.1072100179800992,0.6031986176695907,0.0
0.3107152453466947,-1.1279791547226483,0.23844256916831363,0.6892847546533053,0.0
0.3594891415266156,-0.6786498984712852,-1.8544117220947942,0.6405108584733844,0.0
0.313614595886037,-1.1173618301510981,0.4151717201467598,0.686385404113963,0.0
0.3565397206799583,-0.7622992710740369,-0.6179500265340659,0.6434602793200417,0.0
0.36448354264633664,-0.6794806146663988,-0.4513986554013539,0.6355164573536634,0.0
0.39680138233040924,-0.3516473335921879,-1.1072100179800992,0.6031986176695907,0.0
0.34459003430623664,-0.8224935385154049,-0.2910700678215127,0.6554099656937633,0.0
0.3594891415266156,-0.6786498984712852,-1.8544117220947942,0.6405108584733844,0.0
0.313614595886037,-1.1173618301510981,0.4151717201467598,0.686385404113963,0.0
0.38798806438359257,-0.5021688824553735,-1.3748486478729272,0.6120119356164074,0.0
0.36563931758527224,-0.6707617622362329,-0.49680695473157055,0.6343606824147278,0.0
0.39680138233040924,-0.3516473335921879,-1.1072100179800992,0.6031986176695907,0.0
0.34459003430623664,-0.8224935385154049,-0.2910700678215127,0.6554099656937633,0.0
0.3594891415266156,-0.6786498984712852,-1.8544117220947942,0.6405108584733844,0.0
0.32102383037709875,-1.0465051158130465,0.048609486433338844,0.6789761696229013,0.0
0.38798806438359257,-0.5021688824553735,-1.3748486478729272,0.6120119356164074,0.0
0.36563931758527224,-0.6707617622362329,-0.49680695473157055,0.6343606824147278,0.0
0.39790906401157866,-0.34030414405398457,-1.1289073059107908,0.6020909359884213,0.0
0.34459003430623664,-0.8224935385154049,-0.2910700678215127,0.6554099656937633,0.0
0.3594891415266156,-0.6786498984712852,-1.8544117220947942,0.6405108584733844,0.0
0.30828831065207185,-1.163482537621092,0.24365719099963967,0.6917116893479281,0.0
0.41234013540357217,-0.3224241161625231,-1.9829926789338113,0.5876598645964278,0.0
0.36563931758527224,-0.6707617622362329,-0.49680695473157055,0.6343606824147278,0.0
0.39790906401157866,-0.34030414405398457,-1.1289073059107908,0.6020909359884213,0.0
0.33704393681944605,-0.8933754683567571,-0.17991545537528558,0.662956063180554,0.0
0.3594891415266156,-0.6786498984712852,-1.8544117220947942,0.6405108584733844,0.0
0.31663328229144927,-1.0850966308254464,0.12073509914043984,0.6833667177085507,0.0
0.41234013540357217,-0.3224241161625231,-1.9829926789338113,0.5876598645964278,0.0
0.3454441512073069,-0.877569912876557,-0.10122368639735546,0.654555848792693,0.0
0.39790906401157866,-0.34030414405398457,-1.1289073059107908,0.6020909359884213,0.0
0.33533428807155763,-0.9063392870187773,-0.1389754241974983,0.6646657119284424,0.0
0.3594891415266156,-0.6786498984712852,-1.8544117220947942,0.6405108584733844,0.0
0.31663328229144927,-1.0850966308254464,0.12073509914043984,0.6833667177085507,0.0
0.41234013540357217,-0.3224241161625231,-1.9829926789338113,0.5876598645964278,0.0
0.3500522628181057,-0.8443773603949176,-0.13672455448094684,0.6499477371818942,0.0
0.39790906401157866,-0.34030414405398457,-1.1289073059107908,0.6020909359884213,0.0
0.30423570253653587,-1.1421517157526229,0.6057255343832404,0.6957642974634641,0.0
0.34995976417712926,-0.7684760738186056,-1.1776516733499671,0.6500402358228707,0.0
0.3297964440210859,-0.9644724577827295,-0.08165292757265707,0.6702035559789141,0.0
0.41234013540357217,-0.3224241161625231,-1.9829926789338113,0.5876598645964278,0.0
0.3500522628181057,-0.8443773603949176,-0.13672455448094684,0.6499477371818942,0.0
0.3714344466963558,-0.5829114207754352,-0.7218511847094087,0.6285655533036443,0.0
0.2984264532586399,-1.1799076155453343,0.6998634970784241,0.7015735467413601,0.0
0.34994156083137185,-0.7535390180046317,-1.382501777665301,0.6500584391686282,0.0
0.3477908777056778,-0.8408946827988224,-0.529945870445897,0.6522091222943223,0.0
0.41234013540357217,-0.3224241161625231,-1.9829926789338113,0.5876598645964278,0.0
0.35006446547502734,-0.8543904519412062,0.0005972091464803153,0.6499355345249727,0.0
0.38307848555399376,-0.4405256112522576,-1.0404920334558918,0.6169215144460063,0.0
0.2984264532586399,-1.1799076155453343,0.6998634970784241,0.7015735467413601,0.0
0.34994156083137185,-0.7535390180046317,-1.382501777665301,0.6500584391686282,0.0
0.3477908777056778,-0.8408946827988224,-0.529945870445897,0.6522091222943223,0.0
0.41234013540357217,-0.3224241161625231,-1.9829926789338113,0.5876598645964278,0.0
0.35006446547502734,-0.8543904519412062,0.0005972091464803153,0.6499355345249727,0.0
0.38048888298024997,-0.4509773778894615,-0.9570824475360473,0.61951111701975,0.0
0.2984264532586399,-1.1799076155453343,0.6998634970784241,0.7015735467413601,0.0
0.34734861579407034,-0.77499971936284,-1.2776886663392208,0.6526513842059296,0.0
0.3477492146777951,-0.8406473756072298,-0.5396679631735206,0.6522507853222048,0.0
0.4081651234769991,-0.3559585188262156,-1.8890103781039775,0.5918348765230008,0.0
0.35006446547502734,-0.8543904519412062,0.0005972091464803153,0.6499355345249727,0.0
0.3872316462592905,-0.38505135703388566,-0.891851475587831,0.6127683537407095,0.0
0.3113889260616618,-1.0825816889959783,0.39406238676123784,0.6886110739383382,0.0
0.37194748290126267,-0.6055072707306376,-1.5249541230445505,0.6280525170987373,0.0
0.3477492146777951,-0.8406473756072298,-0.5396679631735206,0.6522507853222048,0.0
0.4081651234769991,-0.3559585188262156,-1.8890103781039775,0.5918348765230008,0.0
0.3499714907589623,-0.8538385641623358,-0.021098497019070406,0.6500285092410377,0.0
0.36289201827066336,-0.608904467081905,-0.47917290929382317,0.6371079817293366,0.0
0.3056315156919857,-1.1167154499121228,0.45601398578305924,0.6943684843080142,0.0
0.37194748290126267,-0.6055072707306376,-1.5249541230445505,0.6280525170987373,0.0
0.34498836797696875,-0.8627963700983761,-0.4780065956862387,0.6550116320230313,0.0
0.4081651234769991,-0.3559585188262156,-1.8890103781039775,0.5918348765230008,0.0
0.3377484596384316,-0.9263048285329022,0.11042527394550716,0.6622515403615684,0.0
0.36289201827066336,-0.608904467081905,-0.47917290929382317,0.6371079817293366,0.0
0.3056315156919857,-1.1167154499121228,0.45601398578305924,0.6943684843080142,0.0
0.36946937978900096,-0.6156918847580538,-1.3468134361795903,0.630530620210999,0.0
0.34498836797696875,-0.8627963700983761,-0.4780065956862387,0.6550116320230313,0.0
0.3925938479374076,-0.4808796511887271,-1.5412380287717629,0.6074061520625924,0.0
0.3377484596384316,-0.9263048285329022,0.11042527394550716,0.6622515403615684,0.0
0.355785011673996,-0.6719324853895612,-0.3631002390741384,0.644214988326004,0.0
0.25444220807696477,-1.4909923747954008,1.631671826573655,0.7455577919230352,0.0
0.36663454961207864,-0.6322185259542087,-1.3229789116976034,0.6333654503879214,0.0
0.34498836797696875,-0.8627963700983761,-0.4780065956862387,0.6550116320230313,0.0
0.39639892183148345,-0.4582346464335996,-1.6531389081198071,0.6036010781685166,0.0
0.3377484596384316,-0.9263048285329022,0.11042527394550716,0.6622515403615684,0.0
0.35339678160838595,-0.7141517973064885,-0.388517657976856,0.646603218391614,0.0
0.2880509210543632,-1.2337352090808757,0.7465667716984286,0.7119490789456369,0.0
0.38824995457102307,-0.4667638767610288,-1.8922332061183023,0.6117500454289769,0.0
0.34498836797696875,-0.8627963700983761,-0.4780065956862387,0.6550116320230313,0.0
0.402252764744315,-0.42401674683971324,-1.7180724044794777,0.597747235255685,0.0
0.34127195449904507,-0.8953967401378559,-0.17595081971752058,0.658728045500955,0.0
0.3351315824369049,-0.8226211012330769,0.10854699399612566,0.6648684175630951,0.0
0.2880509210543632,-1.2337352090808757,0.7465667716984286,0.7119490789456369,0.0
0.38824995457102307,-0.4667638767610288,-1.8922332061183023,0.6117500454289769,0.0
0.3364805188424167,-0.9531118308081914,-0.2905333065114465,0.6635194811575833,0.0
0.3542815520856114,-0.7641441501354527,-0.6827850025668492,0.6457184479143886,0.0
0.3302238652046762,-0.9656320094414444,0.015553479727982489,0.6697761347953237,0.0
0.3351315824369049,-0.8226211012330769,0.10854699399612566,0.6648684175630951,0.0
0.2880509210543632,-1.2337352090808757,0.7465667716984286,0.7119490789456369,0.0
0.3862947511499001,-0.48172993900958005,-1.8407417838639286,0.6137052488500999,0.0
0.3376210738204773,-0.9508294682397687,-0.3463313141969143,0.6623789261795228,0.0
0.35212671027683345,-0.7707242430226252,-0.5937407219701536,0.6478732897231665,0.0
0.3302238652046762,-0.9656320094414444,0.015553479727982489,0.6697761347953237,0.0
0.3355679134901446,-0.8212887069718465,0.09051653599245457,0.6644320865098554,0.0
0.3015388540363242,-1.150139407576488,0.43461880764215355,0.6984611459636758,0.0
0.3862947511499001,-0.48172993900958005,-1.8407417838639286,0.6137052488500999,0.0
0.3446915625687055,-0.8826866213212301,-0.5634139960642217,0.6553084374312945,0.0
0.35212671027683345,-0.7707242430226252,-0.5937407219701536,0.6478732897231665,0.0
0.33062302414649003,-0.9548506847239363,0.021152638383607217,0.66937697585351,0.0
0.3355679134901446,-0.8212887069718465,0.09051653599245457,0.6644320865098554,0.0
0.27311899827242075,-1.39446348280396,1.0074419901291773,0.7268810017275793,0.0
0.3862947511499001,-0.48172993900958005,-1.8407417838639286,0.6137052488500999,0.0
0.3446915625687055,-0.8826866213212301,-0.5634139960642217,0.6553084374312945,0.0
0.34720710725099463,-0.81284860227155,-0.4530657131447596,0.6527928927490054,0.0
0.337626809825036,-0.8948804020657659,-0.17911913292920761,0.662373190174964,0.0
0.35464464783088123,-0.6935915606815091,-0.6357676877226499,0.6453553521691188,0.0
0.27311899827242075,-1.39446348280396,1.0074419901291773,0.7268810017275793,0.0
0.3862947511499001,-0.48172993900958005,-1.8407417838639286,0.6137052488500999,0.0
0.3408766480991011,-0.9551647990885417,-0.5356815756170678,0.6591233519008989,0.0
0.34720710725099463,-0.81284860227155,-0.4530657131447596,0.6527928927490054,0.0
0.3376485769386125,-0.8946940200127239,-0.1797415589417113,0.6623514230613875,0.0
0.35464464783088123,-0.6935915606815091,-0.6357676877226499,0.6453553521691188,0.0
0.27311899827242075,-1.39446348280396,1.0074419901291773,0.7268810017275793,0.0
0.36611111363113996,-0.6492276593014581,-1.1431724012491786,0.6338888863688601,0.0
0.3406800157535329,-0.925487393931099,-0.44304513016704716,0.6593199842464671,0.0
0.34810013094650955,-0.7985294381805434,-0.47500269496865044,0.6518998690534905,0.0
0.3402704436361151,-0.8636713298716616,-0.25008956630296864,0.659729556363885,0.0
0.3532119374036109,-0.7105438076013902,-0.5973262506426606,0.6467880625963891,0.0
0.2661571452138182,-1.4427893183295089,1.1569080368434812,0.7338428547861817,0.0
0.36611111363113996,-0.6492276593014581,-1.1431724012491786,0.6338888863688601,0.0
0.38971674200088613,-0.5850980252682886,-1.495828858049216,0.6102832579991139,0.0
0.34973329980930173,-0.7704189466271342,-0.5140837955520446,0.6502667001906983,0.0
0.33978742971889414,-0.8676797119053047,-0.2333960580234532,0.6602125702811059,0.0
0.3516041233028154,-0.7382178869507801,-0.5588518797284612,0.6483958766971847,0.0
0.2661571452138182,-1.4427893183295089,1.1569080368434812,0.7338428547861817,0.0
0.37573558126534884,-0.5780092637877179,-1.5128580620122998,0.6242644187346511,0.0
0.3724538127983755,-0.6919520717918392,-1.0271745606421847,0.6275461872016245,0.0
0.34982441074749737,-0.7697447509127673,-0.5175834600186684,0.6501755892525026,0.0
0.3272354846976655,-0.9718443935356919,0.20041338444866974,0.6727645153023345,0.0
0.3518378761272249,-0.7340770533797254,-0.5642721986655025,0.648162123872775,0.0
0.2661571452138182,-1.4427893183295089,1.1569080368434812,0.7338428547861817,0.0
0.3767518393851936,-0.5704892350989723,-1.551893577411129,0.6232481606148064,0.0
0.3814143417663227,-0.6736428324973323,-1.2283708531020672,0.6185856582336773,0.0
0.3497201711463672,-0.7715913118725483,-0.5151663260848955,0.6502798288536328,0.0
0.3195070737734009,-1.0409892958825926,0.4460636045666023,0.6804929262265991,0.0
0.3518378761272249,-0.7340770533797254,-0.5642721986655025,0.648162123872775,0.0
0.2809046738200016,-1.3208044299015258,0.8606552564462212,0.7190953261799984,0.0
0.37444822068906575,-0.5220574971982953,-1.7030291240192845,0.6255517793109342,0.0
0.38160457161390077,-0.6725140431967592,-1.233516087611498,0.6183954283860993,0.0
0.3496005576311218,-0.7737102152942773,-0.5123926979867167,0.6503994423688781,0.0
0.33228498737069184,-0.9275006411868475,0.03909604046839854,0.6677150126293081,0.0
0.3518378761272249,-0.7340770533797254,-0.5642721986655025,0.648162123872775,0.0
0.2809046738200016,-1.3208044299015258,0.8606552564462212,0.7190953261799984,0.0
0.37444822068906575,-0.5220574971982953,-1.7030291240192845,0.6255517793109342,0.0
0.385082916069589,-0.6615155745564919,-1.311891117241161,0.614917083930411,0.0
0.36189623794851977,-0.6580077552546542,-0.8976310923958405,0.6381037620514802,0.0
0.31331571583443846,-1.1151508960579453,0.6244548642717537,0.6866842841655616,0.0
0.3582108603273178,-0.720167214231463,-0.7075887223945574,0.6417891396726823,0.0
0.2809046738200016,-1.3208044299015258,0.8606552564462212,0.7190953261799984,0.0
0.37444822068906575,-0.5220574971982953,-1.7030291240192845,0.6255517793109342,0.0
0.3774504818183664,-0.7098172038825975,-1.1527233582461989,0.6225495181816336,0.0
0.36189623794851977,-0.6580077552546542,-0.8976310923958405,0.6381037620514802,0.0
0.3184446171058572,-1.070027256724725,0.47227983237444926,0.6815553828941427,0.0
0.3582108603273178,-0.720167214231463,-0.7075887223945574,0.6417891396726823,0.0
0.2809046738200016,-1.3208044299015258,0.8606552564462212,0.7190953261799984,0.0
0.37890996982904146,-0.46762033254215424,-1.9765591348644773,0.6210900301709585,0.0
0.37658989707851886,-0.6559967227946,-1.310466047465486,0.6234101029214811,0.0
0.36499713051035,-0.6057065194519269,-1.057533558883758,0.63500286948965,0.0
0.3261538498325903,-1.018527456209559,0.3925227451909671,0.6738461501674097,0.0
0.3582108603273178,-0.720167214231463,-0.7075887223945574,0.6417891396726823,0.0
0.31669300060013006,-1.0721520815278418,0.048609299321129784,0.6833069993998699,0.0
0.37890996982904146,-0.46762033254215424,-1.9765591348644773,0.6210900301709585,0.0
0.37658989707851886,-0.6559967227946,-1.310466047465486,0.6234101029214811,0.0
0.36499713051035,-0.6057065194519269,-1.057533558883758,0.63500286948965,0.0
0.3261538498325903,-1.018527456209559,0.3925227451909671,0.6738461501674097,0.0
0.37651615434723845,-0.5779426222693897,-1.0789324456415166,0.6234838456527616,0.0
0.31669300060013006,-1.0721520815278418,0.048609299321129784,0.6833069993998699,0.0
0.34916121026191693,-0.7566744262107274,-1.0082341010645022,0.6508387897380831,0.0
0.37658989707851886,-0.6559967227946,-1.310466047465486,0.6234101029214811,0.0
0.36838622605901095,-0.5975379018948133,-1.0638294805594102,0.631613773940989,0.0
0.3369235874042285,-0.9411153457502524,0.028879212720616776,0.6630764125957715,0.0
0.37651615434723845,-0.5779426222693897,-1.0789324456415166,0.6234838456527616,0.0
0.31669300060013006,-1.0721520815278418,0.048609299321129784,0.6833069993998699,0.0
0.3562562289848866,-0.6497409316397185,-1.6095223140382844,0.6437437710151134,0.0
0.366853037922673,-0.653001111914016,-1.4536703495070014,0.633146962077327,0.0
0.3758177667019883,-0.5655552942432921,-0.7295063602982722,0.6241822332980117,0.0
0.3369235874042285,-0.9411153457502524,0.028879212720616776,0.6630764125957715,0.0
0.37651615434723845,-0.5779426222693897,-1.0789324456415166,0.6234838456527616,0.0
0.3400155064673287,-0.8794808114389183,-0.39097131980786093,0.6599844935326713,0.0
0.3562562289848866,-0.6497409316397185,-1.6095223140382844,0.6437437710151134,0.0
0.366853037922673,-0.653001111914016,-1.4536703495070014,0.633146962077327,0.0
0.3758177667019883,-0.5655552942432921,-0.7295063602982722,0.6241822332980117,0.0
0.3369235874042285,-0.9411153457502524,0.028879212720616776,0.6630764125957715,0.0
0.39625629282459685,-0.4148659111380609,-1.4509929070250132,0.6037437071754032,0.0
0.36397481884710386,-0.6815487721908977,-0.842554414256516,0.6360251811528961,0.0
0.3728085144295733,-0.5525481271794783,-1.543921818829685,0.6271914855704267,0.0
0.366853037922673,-0.653001111914016,-1.4536703495070014,0.633146962077327,0.0
0.3699335172833259,-0.5908789316318073,-0.9942214066865346,0.6300664827166741,0.0
0.3369235874042285,-0.9411153457502524,0.028879212720616776,0.6630764125957715,0.0
0.39625629282459685,-0.4148659111380609,-1.4509929070250132,0.6037437071754032,0.0
0.35812548957466434,-0.7705544096109334,-0.6936711995781364,0.6418745104253356,0.0
0.36941636736263467,-0.602913047135111,-1.3474925971429406,0.6305836326373653,0.0
0.3699000867871981,-0.6119597303042191,-1.7190088448656877,0.6300999132128019,0.0
0.3469226578595282,-0.7379946922427307,-0.7715321818336902,0.6530773421404719,0.0
0.3473478490084898,-0.8407667562040005,-0.48748457646487764,0.6526521509915102,0.0
0.41106707922384866,-0.3278989559574431,-1.392294371075611,0.5889329207761513,0.0
0.35812548957466434,-0.7705544096109334,-0.6936711995781364,0.6418745104253356,0.0
0.36953426171553155,-0.6051179469260333,-1.4380402687719547,0.6304657382844685,0.0
0.3699000867871981,-0.6119597303042191,-1.7190088448656877,0.6300999132128019,0.0
0.33233965671083776,-0.8255701001806418,-0.3981286132984486,0.6676603432891622,0.0
0.3560070951473196,-0.7710696097694749,-0.6104454266490001,0.6439929048526805,0.0
0.3797287554775569,-0.5260024748968135,-0.9965556642793955,0.6202712445224431,0.0
0.3585183780436826,-0.7661068582241582,-0.6991796173405617,0.6414816219563174,0.0
0.37517336445641014,-0.5374289222283432,-1.8170867640627029,0.6248266355435899,0.0
0.36421951082602666,-0.6770166870708841,-1.2657386732433282,0.6357804891739733,0.0
0.33495595035931,-0.8106909453674699,-0.4901352956824421,0.66504404964069,0.0
0.3495128892976255,-0.8454446858331084,-0.09225328906252273,0.6504871107023745,0.0
0.4097634381438536,-0.2084757365084854,-1.8954355677142454,0.5902365618561465,0.0
0.3585183780436826,-0.7661068582241582,-0.6991796173405617,0.6414816219563174,0.0
0.37527944705835264,-0.5361555586822547,-1.8242173733679998,0.6247205529416473,0.0
0.36421951082602666,-0.6770166870708841,-1.2657386732433282,0.6357804891739733,0.0
0.33495595035931,-0.8106909453674699,-0.4901352956824421,0.66504404964069,0.0
0.3495128892976255,-0.8454446858331084,-0.09225328906252273,0.6504871107023745,0.0
0.3853751884728372,-0.4048060144565538,-1.4372887309193847,0.6146248115271629,0.0
0.35066037402279093,-0.8739137191605348,-0.17173407059286272,0.6493396259772091,0.0
0.372347479863762,-0.5763803000767476,-1.6274176471416317,0.627652520136238,0.0
0.3578082095968306,-0.7701174649581745,-0.7484496189692191,0.6421917904031694,0.0
0.3420987789814936,-0.7620602615640991,-0.72645209429631,0.6579012210185065,0.0
0.3495128892976255,-0.8454446858331084,-0.09225328906252273,0.6504871107023745,0.0
0.3853751884728372,-0.4048060144565538,-1.4372887309193847,0.6146248115271629,0.0
0.35066037402279093,-0.8739137191605348,-0.17173407059286272,0.6493396259772091,0.0
0.3632645849854724,-0.6321351431610365,-1.3568812218814272,0.6367354150145276,0.0
0.3578082095968306,-0.7701174649581745,-0.7484496189692191,0.6421917904031694,0.0
0.3420987789814936,-0.7620602615640991,-0.72645209429631,0.6579012210185065,0.0
0.3459840164615719,-0.8774892813367241,0.18689607711055567,0.654015983538428,0.0
0.37792901415743585,-0.4813635050862967,-1.4102099436349946,0.6220709858425642,0.0
0.35066037402279093,-0.8739137191605348,-0.17173407059286272,0.6493396259772091,0.0
0.3608464629881463,-0.6575463328140858,-1.239758561393364,0.6391535370118537,0.0
0.3504913348012168,-0.7663647160597078,-0.7382039813146014,0.6495086651987831,0.0
0.3316480845996616,-0.843931787149024,-0.5270187308386447,0.6683519154003383,0.0
0.34798145127140695,-0.8491291671627383,0.008453191312274289,0.652018548728593,0.0
0.37792901415743585,-0.4813635050862967,-1.4102099436349946,0.6220709858425642,0.0
0.3595165014928728,-0.7464238730558701,-0.5739580225803692,0.6404834985071273,0.0
0.35707186563260823,-0.6974161085929893,-1.1939340490840145,0.6429281343673918,0.0
0.3684856467683947,-0.6922922465742565,-0.9398747779809501,0.6315143532316053,0.0
0.3316480845996616,-0.843931787149024,-0.5270187308386447,0.6683519154003383,0.0
0.3539634994859955,-0.7600458629734411,-0.571947592698333,0.6460365005140045,0.0
0.3790389241747207,-0.4653856120657074,-1.4606193799276617,0.6209610758252793,0.0
0.35636957608549086,-0.7654165624911502,-0.44557201709337113,0.6436304239145092,0.0
0.3507450799196005,-0.7002563222461056,-1.3347619261520522,0.6492549200803994,0.0
0.37609116780004215,-0.6888779844745087,-0.7705835407763878,0.6239088321999579,0.0
0.31121019841500447,-1.007184510910892,-0.1243918945323883,0.6887898015849956,0.0
0.3554162168395244,-0.7870334267706051,-0.22763150933258025,0.6445837831604756,0.0
0.36802454603510837,-0.553365710182936,-1.2436358727212244,0.6319754539648916,0.0
0.35636957608549086,-0.7654165624911502,-0.44557201709337113,0.6436304239145092,0.0
0.3511896577447769,-0.7095815358030186,-1.2173562415508368,0.6488103422552232,0.0
0.37609116780004215,-0.6888779844745087,-0.7705835407763878,0.6239088321999579,0.0
0.31121019841500447,-1.007184510910892,-0.1243918945323883,0.6887898015849956,0.0
0.35515958304063616,-0.7928524483236659,-0.16896432728664507,0.6448404169593638,0.0
0.3961059443752778,-0.32905852280285497,-1.796840077432273,0.6038940556247222,0.0
0.3668896327669924,-0.7090957571048473,-0.520392204363608,0.6331103672330076,0.0
0.35933637661584694,-0.6405639423321514,-1.3224604755693625,0.6406636233841531,0.0
0.37491094612081804,-0.6914711880517644,-0.7384931082422691,0.625089053879182,0.0
0.31181945098491226,-1.0042038842463756,-0.12789660541697012,0.6881805490150877,0.0
0.3642177869547835,-0.7478571980243983,-0.4293167839734307,0.6357822130452164,0.0
0.3961059443752778,-0.32905852280285497,-1.796840077432273,0.6038940556247222,0.0
0.3603259255406508,-0.7442691174241568,-0.4736114218103966,0.6396740744593492,0.0
0.35933637661584694,-0.6405639423321514,-1.3224604755693625,0.6406636233841531,0.0
0.37139685017940693,-0.7100013385639334,-0.6368884047656216,0.6286031498205931,0.0
0.31181945098491226,-1.0042038842463756,-0.12789660541697012,0.6881805490150877,0.0
0.3643972038472451,-0.7469111162790025,-0.43450434870165483,0.6356027961527548,0.0
0.3961059443752778,-0.32905852280285497,-1.796840077432273,0.6038940556247222,0.0
0.3603259255406508,-0.7442691174241568,-0.4736114218103966,0.6396740744593492,0.0
0.3550453277981536,-0.615858506394349,-1.566383171337669,0.6449546722018464,0.0
0.37661518635653046,-0.6801825614208801,-0.79186039898514,0.6233848136434695,0.0
0.2866496820472926,-1.2058168837116205,0.37048599268237803,0.7133503179527074,0.0
0.36398348735445485,-0.7523630045154158,-0.41672941503013283,0.6360165126455452,0.0
0.3961059443752778,-0.32905852280285497,-1.796840077432273,0.6038940556247222,0.0
0.3603259255406508,-0.7442691174241568,-0.4736114218103966,0.6396740744593492,0.0
0.3550453277981536,-0.615858506394349,-1.566383171337669,0.6449546722018464,0.0
0.39189221521942696,-0.6200784120152019,-1.0903330469978845,0.608107784780573,0.0
0.2966768077081019,-1.125498352162881,0.17194046965083465,0.7033231922918981,0.0
0.36626128443357736,-0.757403584364439,-0.3813053605658402,0.6337387155664227,0.0
0.3961059443752778,-0.32905852280285497,-1.796840077432273,0.6038940556247222,0.0
0.3603259255406508,-0.7442691174241568,-0.4736114218103966,0.6396740744593492,0.0
0.3737142377749201,-0.4854599999581191,-1.6711643361631685,0.6262857622250799,0.0
0.39189221521942696,-0.6200784120152019,-1.0903330469978845,0.608107784780573,0.0
0.2951853536960277,-1.1371154036196893,0.19691046682506652,0.7048146463039723,0.0
0.3608523963251314,-0.6891435585879973,-0.9528083974108792,0.6391476036748687,0.0
0.42343281757489876,-0.13818591935479807,-1.9502149455128652,0.5765671824251013,0.0
0.3603259255406508,-0.7442691174241568,-0.4736114218103966,0.6396740744593492,0.0
0.37356210209920226,-0.48652263644380345,-1.6703104591380469,0.6264378979007977,0.0
0.39189221521942696,-0.6200784120152019,-1.0903330469978845,0.608107784780573,0.0
0.28073041767632323,-1.2132452271330223,0.35437235015208857,0.7192695823236768,0.0
0.35119039383119666,-0.8421536123301625,-0.41316896095433253,0.6488096061688033,0.0
0.42343281757489876,-0.13818591935479807,-1.9502149455128652,0.5765671824251013,0.0
0.3594630589233149,-0.7535144756250122,-0.46790252785643494,0.640536941076685,0.0
0.37356210209920226,-0.48652263644380345,-1.6703104591380469,0.6264378979007977,0.0
0.39189221521942696,-0.6200784120152019,-1.0903330469978845,0.608107784780573,0.0
0.30351947392178014,-1.0348436167666901,-0.142662802306601,0.6964805260782199,0.0
0.3463814392000828,-0.8936801255166189,-0.38135197850667857,0.6536185607999172,0.0
0.4135349126825169,-0.2894108708300197,-1.6803713593232226,0.586465087317483,0.0
0.3594630589233149,-0.7535144756250122,-0.46790252785643494,0.640536941076685,0.0
0.3702374042712926,-0.46229842167575086,-1.7755061897771296,0.6297625957287074,0.0
0.39189221521942696,-0.6200784120152019,-1.0903330469978845,0.608107784780573,0.0
0.30351947392178014,-1.0348436167666901,-0.142662802306601,0.6964805260782199,0.0
0.3463814392000828,-0.8936801255166189,-0.38135197850667857,0.6536185607999172,0.0
0.4189404924409403,-0.20682182339512367,-1.8277420446659152,0.5810595075590597,0.0
0.3353944002942859,-0.8525496473852769,-0.005939609403913693,0.6646055997057141,0.0
0.3702374042712926,-0.46229842167575086,-1.7755061897771296,0.6297625957287074,0.0
0.3829828444457831,-0.5551634867377213,-1.3722316785668205,0.6170171555542169,0.0
0.30351947392178014,-1.0348436167666901,-0.142662802306601,0.6964805260782199,0.0
0.3463814392000828,-0.8936801255166189,-0.38135197850667857,0.6536185607999172,0.0
0.4189404924409403,-0.20682182339512367,-1.8277420446659152,0.5810595075590597,0.0
0.32990824771417554,-0.8320119865417915,0.1815148589944674,0.6700917522858245,0.0
0.3702374042712926,-0.46229842167575086,-1.7755061897771296,0.6297625957287074,0.0
0.3829828444457831,-0.5551634867377213,-1.3722316785668205,0.6170171555542169,0.0
0.30351947392178014,-1.0348436167666901,-0.142662802306601,0.6964805260782199,0.0
0.34598540621841767,-0.8974290517941939,-0.37345746851837447,0.6540145937815823,0.0
0.4189404924409403,-0.20682182339512367,-1.8277420446659152,0.5810595075590597,0.0
0.32990824771417554,-0.8320119865417915,0.1815148589944674,0.6700917522858245,0.0
0.36832368427025713,-0.4623418300351518,-1.8943949153684816,0.6316763157297429,0.0
0.38002908691139925,-0.5705709206616073,-1.285761110263635,0.6199709130886008,0.0
0.3002550699048102,-1.0546525478919924,-0.0938906995279245,0.6997449300951898,0.0
0.33839246223372516,-0.8665337843267864,-0.11135432418801572,0.6616075377662749,0.0
0.38259844272261473,-0.462018039802032,-1.0075839714441224,0.6174015572773852,0.0
0.32990824771417554,-0.8320119865417915,0.1815148589944674,0.6700917522858245,0.0
0.36832368427025713,-0.4623418300351518,-1.8943949153684816,0.6316763157297429,0.0
0.380143018763671,-0.5681948599570807,-1.2824788558956237,0.619856981236329,0.0
0.3002550699048102,-1.0546525478919924,-0.0938906995279245,0.6997449300951898,0.0
0.33839246223372516,-0.8665337843267864,-0.11135432418801572,0.6616075377662749,0.0
0.3865721676386819,-0.4341142872211518,-1.0972619779389428,0.613427832361318,0.0
0.32990824771417554,-0.8320119865417915,0.1815148589944674,0.6700917522858245,0.0
0.36832368427025713,-0.4623418300351518,-1.8943949153684816,0.6316763157297429,0.0
0.38973675823355963,-0.5042788728266244,-1.4495696243755007,0.6102632417664404,0.0
0.2778090829828176,-1.2499701513236192,0.49983512343028114,0.7221909170171824,0.0
0.3350705995408219,-0.8902709755183285,-0.01817437129725774,0.6649294004591781,0.0
0.36905249977784693,-0.5892884686417956,-0.7301807965430069,0.6309475002221531,0.0
0.32990824771417554,-0.8320119865417915,0.1815148589944674,0.6700917522858245,0.0
0.3682742676463694,-0.45373433715319966,-1.9733333169744454,0.6317257323536306,0.0
0.38973675823355963,-0.5042788728266244,-1.4495696243755007,0.6102632417664404,0.0
0.30278210470850186,-1.0930973356517368,0.27391965448112243,0.6972178952914981,0.0
0.3350705995408219,-0.8902709755183285,-0.01817437129725774,0.6649294004591781,0.0
0.36905249977784693,-0.5892884686417956,-0.7301807965430069,0.6309475002221531,0.0
0.32990824771417554,-0.8320119865417915,0.1815148589944674,0.6700917522858245,0.0
0.3682742676463694,-0.45373433715319966,-1.9733333169744454,0.6317257323536306,0.0
0.38973675823355963,-0.5042788728266244,-1.4495696243755007,0.6102632417664404,0.0
0.2952278094118752,-1.1405510874089728,0.34225868782936153,0.7047721905881248,0.0
0.3664787219009202,-0.6929748435677356,-0.3023042122806775,0.6335212780990798,0.0
0.36905249977784693,-0.5892884686417956,-0.7301807965430069,0.6309475002221531,0.0
0.33164505072873196,-0.8148876206847504,0.08396638212486818,0.668354949271268,0.0
0.3682742676463694,-0.45373433715319966,-1.9733333169744454,0.6317257323536306,0.0
0.38973675823355963,-0.5042788728266244,-1.4495696243755007,0.6102632417664404,0.0
0.34459096672615386,-0.7719472607381556,-0.37483201332606764,0.6554090332738461,0.0
0.3508363099795036,-0.7524456683558206,-0.09535865369488888,0.6491636900204965,0.0
0.4215943312947139,-0.19694889372144453,-1.4934475900858528,0.5784056687052861,0.0
0.32992374200992014,-0.8205970363784496,0.14496891592964867,0.6700762579900799,0.0
0.3682742676463694,-0.45373433715319966,-1.9733333169744454,0.6317257323536306,0.0
0.38973675823355963,-0.5042788728266244,-1.4495696243755007,0.6102632417664404,0.0
0.3470079873729967,-0.7643999171379242,-0.26667256506695225,0.6529920126270032,0.0
0.3508363099795036,-0.7524456683558206,-0.09535865369488888,0.6491636900204965,0.0
0.4276994209127217,-0.1513610602480171,-1.5821352517546814,0.5723005790872784,0.0
0.32992374200992014,-0.8205970363784496,0.14496891592964867,0.6700762579900799,0.0
0.3682742676463694,-0.45373433715319966,-1.9733333169744454,0.6317257323536306,0.0
0.38973675823355963,-0.5042788728266244,-1.4495696243755007,0.6102632417664404,0.0
0.3632310591232699,-0.6411480064362232,-0.5311473006711467,0.6367689408767301,0.0
0.3589154022156612,-0.726116946360704,-0.18820371245153034,0.6410845977843388,0.0
0.4276994209127217,-0.1513610602480171,-1.5821352517546814,0.5723005790872784,0.0
0.32478490478366917,-0.8477735216458322,0.28196374626849163,0.6752150952163308,0.0
0.35341183691464007,-0.5883966936378868,-1.2025886066473763,0.6465881630853599,0.0
0.39427998361589606,-0.4620430271079866,-1.4654345685240322,0.6057200163841039,0.0
0.3632310591232699,-0.6411480064362232,-0.5311473006711467,0.6367689408767301,0.0
0.36852406961277834,-0.6918672970282738,-0.3205686960205615,0.6314759303872217,0.0
0.4276994209127217,-0.1513610602480171,-1.5821352517546814,0.5723005790872784,0.0
0.32944399681692216,-0.8252707007301942,0.20456308605778928,0.6705560031830778,0.0
0.35544521853809496,-0.6023188736164762,-1.0839110350658547,0.644554781461905,0.0
0.41077595122143035,-0.4110417912272889,-1.5715293837369169,0.5892240487785696,0.0
0.3652831310013034,-0.6521722488072406,-0.3908260214019067,0.6347168689986966,0.0
0.36852406961277834,-0.6918672970282738,-0.3205686960205615,0.6314759303872217,0.0
0.4276994209127217,-0.1513610602480171,-1.5821352517546814,0.5723005790872784,0.0
0.3224942325003257,-0.8606663003471433,0.35632906979604106,0.6775057674996743,0.0
0.35544521853809496,-0.6023188736164762,-1.0839110350658547,0.644554781461905,0.0
0.38885558816568483,-0.5226836194726696,-1.0928418611816038,0.6111444118343152,0.0
0.3652831310013034,-0.6521722488072406,-0.3908260214019067,0.6347168689986966,0.0
0.36852406961277834,-0.6918672970282738,-0.3205686960205615,0.6314759303872217,0.0
0.4282295519410972,-0.14629334173880754,-1.588813007011509,0.5717704480589028,0.0
0.3224942325003257,-0.8606663003471433,0.35632906979604106,0.6775057674996743,0.0
0.3594765284829846,-0.5707119727054617,-1.2601137821127457,0.6405234715170154,0.0
0.38403616301211924,-0.5627872678579325,-0.9097806349423669,0.6159638369878808,0.0
0.3652831310013034,-0.6521722488072406,-0.3908260214019067,0.6347168689986966,0.0
0.370856644204344,-0.7204366937343774,-0.27000295821989806,0.6291433557956561,0.0
0.4054326725531197,-0.2870205396641763,-1.4798241042979572,0.5945673274468803,0.0
0.3224942325003257,-0.8606663003471433,0.35632906979604106,0.6775057674996743,0.0
0.3594765284829846,-0.5707119727054617,-1.2601137821127457,0.6405234715170154,0.0
0.37206858937855963,-0.7170301184976859,-0.590941845803874,0.6279314106214404,0.0
0.3652831310013034,-0.6521722488072406,-0.3908260214019067,0.6347168689986966,0.0
0.3703351994285946,-0.7140500329550918,-0.28130687960505407,0.6296648005714054,0.0
0.4054326725531197,-0.2870205396641763,-1.4798241042979572,0.5945673274468803,0.0
0.3224942325003257,-0.8606663003471433,0.35632906979604106,0.6775057674996743,0.0
0.37442269836167197,-0.453528695603758,-1.9133893244194504,0.625577301638328,0.0
0.3723872239673178,-0.7200757433453482,-0.6003389741726897,0.6276127760326822,0.0
0.3649610589072668,-0.6591723115700061,-0.33717193341603213,0.6350389410927332,0.0
0.3701565381220554,-0.7135253992234603,-0.25353007198517313,0.6298434618779446,0.0
0.4054326725531197,-0.2870205396641763,-1.4798241042979572,0.5945673274468803,0.0
0.3224942325003257,-0.8606663003471433,0.35632906979604106,0.6775057674996743,0.0
0.3744399827017026,-0.4554211526969335,-1.902728770957913,0.6255600172982974,0.0
0.37637933124043926,-0.6677598298908862,-0.7065865554533304,0.6236206687595607,0.0
0.36312624740192057,-0.6399772255240869,-0.366710507883828,0.6368737525980794,0.0
0.3688529144706819,-0.723112907190624,-0.1586184887103963,0.6311470855293181,0.0
0.4054326725531197,-0.2870205396641763,-1.4798241042979572,0.5945673274468803,0.0
0.3224942325003257,-0.8606663003471433,0.35632906979604106,0.6775057674996743,0.0
0.3744399827017026,-0.4554211526969335,-1.902728770957913,0.6255600172982974,0.0
0.37582350809858733,-0.6702235629481128,-0.6742236589128303,0.6241764919014127,0.0
0.36312624740192057,-0.6399772255240869,-0.366710507883828,0.6368737525980794,0.0
0.3676924002012095,-0.70626538598538,-0.2007885249137269,0.6323075997987905,0.0
0.4074238942888851,-0.26092590420727557,-1.5328192967475556,0.592576105711115,0.0
0.3224942325003257,-0.8606663003471433,0.35632906979604106,0.6775057674996743,0.0
0.3744399827017026,-0.4554211526969335,-1.902728770957913,0.6255600172982974,0.0
0.37582350809858733,-0.6702235629481128,-0.6742236589128303,0.6241764919014127,0.0
0.36312624740192057,-0.6399772255240869,-0.366710507883828,0.6368737525980794,0.0
0.3676924002012095,-0.70626538598538,-0.2007885249137269,0.6323075997987905,0.0
0.4074238942888851,-0.26092590420727557,-1.5328192967475556,0.592576105711115,0.0
0.3224942325003257,-0.8606663003471433,0.35632906979604106,0.6775057674996743,0.0
0.3528706385199196,-0.6236903957780192,-0.9647040835699925,0.6471293614800804,0.0
0.37582350809858733,-0.6702235629481128,-0.6742236589128303,0.6241764919014127,0.0
0.36312624740192057,-0.6399772255240869,-0.366710507883828,0.6368737525980794,0.0
0.36630982595020245,-0.721070768969944,-0.15631451543633346,0.6336901740497975,0.0
0.4166597529869134,-0.1818954208970393,-1.775947696501078,0.5833402470130866,0.0
0.3214027029719742,-0.8635938026342921,0.36756275214064155,0.6785972970280258,0.0
0.3840018837901525,-0.4080795060972624,-1.3606184037340565,0.6159981162098476,0.0
0.37582350809858733,-0.6702235629481128,-0.6742236589128303,0.6241764919014127,0.0
0.34411089815951745,-0.8026900051447707,0.13385707150614268,0.6558891018404825,0.0
0.36630982595020245,-0.721070768969944,-0.15631451543633346,0.6336901740497975,0.0
0.4166597529869134,-0.1818954208970393,-1.775947696501078,0.5833402470130866,0.0
0.3199486137950007,-0.868760532013291,0.3953986200868531,0.6800513862049993,0.0
0.38849623011669243,-0.37695225752152706,-1.4177756441530684,0.6115037698833076,0.0
0.38002318663303736,-0.6553010927104506,-0.7546187948870944,0.6199768133669626,0.0
0.3391224380746323,-0.8505385998718882,0.3082448146447099,0.6608775619253677,0.0
0.36698959513425305,-0.7174376474077966,-0.1933200271175436,0.633010404865747,0.0
0.40814157339614127,-0.24089120677339057,-1.6676170064679163,0.5918584266038587,0.0
0.3199486137950007,-0.868760532013291,0.3953986200868531,0.6800513862049993,0.0
0.38849623011669243,-0.37695225752152706,-1.4177756441530684,0.6115037698833076,0.0
0.39057110202979245,-0.49984550227171487,-1.0971074296113215,0.6094288979702076,0.0
0.33541432776848207,-0.8540626195659293,0.32509987284629865,0.664585672231518,0.0
0.3554008413970383,-0.7675817408323483,-0.003049570067820251,0.6445991586029617,0.0
0.37643185295798426,-0.5082393499969878,-0.7987748743327909,0.6235681470420158,0.0
0.3199486137950007,-0.868760532013291,0.3953986200868531,0.6800513862049993,0.0
0.39705702724066294,-0.2837918606860289,-1.8570142339536193,0.6029429727593371,0.0
0.39726944441102113,-0.45682870948960336,-1.2698229586923448,0.6027305555889788,0.0
0.33541432776848207,-0.8540626195659293,0.32509987284629865,0.664585672231518,0.0
0.351976928715599,-0.7773534073720616,0.035431842905189026,0.6480230712844011,0.0
0.3620175075416746,-0.5438025163071306,-0.4729286837616621,0.6379824924583254,0.0
0.30683769124554394,-0.9061784147402075,0.5427525020411961,0.6931623087544561,0.0
0.39705702724066294,-0.2837918606860289,-1.8570142339536193,0.6029429727593371,0.0
0.39735057821090397,-0.5229209987311643,-1.0455423163145838,0.6026494217890961,0.0
0.3365495151291275,-0.8519923552111883,0.31645377086452864,0.6634504848708724,0.0
0.3654746523676876,-0.6295729547902744,-0.5311976678470445,0.6345253476323124,0.0
0.3620175075416746,-0.5438025163071306,-0.4729286837616621,0.6379824924583254,0.0
0.30683769124554394,-0.9061784147402075,0.5427525020411961,0.6931623087544561,0.0
0.39705702724066294,-0.2837918606860289,-1.8570142339536193,0.6029429727593371,0.0
0.371224274632289,-0.6335472303664438,-0.5870852502772894,0.628775725367711,0.0
0.3365495151291275,-0.8519923552111883,0.31645377086452864,0.6634504848708724,0.0
0.37931344054464516,-0.5832704933082242,-0.7544980568335113,0.6206865594553548,0.0
0.3620175075416746,-0.5438025163071306,-0.4729286837616621,0.6379824924583254,0.0
0.30683769124554394,-0.9061784147402075,0.5427525020411961,0.6931623087544561,0.0
0.39705702724066294,-0.2837918606860289,-1.8570142339536193,0.6029429727593371,0.0
0.37520773672588387,-0.6723767850882334,-0.6364770021239841,0.6247922632741161,0.0
0.3370863219827482,-0.8486191443614921,0.3030103305016545,0.6629136780172518,0.0
0.37931344054464516,-0.5832704933082242,-0.7544980568335113,0.6206865594553548,0.0
0.3620175075416746,-0.5438025163071306,-0.4729286837616621,0.6379824924583254,0.0
0.29637444694319837,-0.9419590486735078,0.7232199319504264,0.7036255530568016,0.0
0.39705702724066294,-0.2837918606860289,-1.8570142339536193,0.6029429727593371,0.0
0.37520773672588387,-0.6723767850882334,-0.6364770021239841,0.6247922632741161,0.0
0.35460024559917375,-0.6836662417697783,-0.32780608342537376,0.6453997544008263,0.0
0.37931344054464516,-0.5832704933082242,-0.7544980568335113,0.6206865594553548,0.0
0.3610411013013625,-0.5622141371172996,-0.45382478616749267,0.6389588986986374,0.0
0.29637444694319837,-0.9419590486735078,0.7232199319504264,0.7036255530568016,0.0
0.39705702724066294,-0.2837918606860289,-1.8570142339536193,0.6029429727593371,0.0
0.3741508060341635,-0.6729558062406,-0.6206456830367606,0.6258491939658365,0.0
0.35460024559917375,-0.6836662417697783,-0.32780608342537376,0.6453997544008263,0.0
0.37931344054464516,-0.5832704933082242,-0.7544980568335113,0.6206865594553548,0.0
0.3610411013013625,-0.5622141371172996,-0.45382478616749267,0.6389588986986374,0.0
0.29637444694319837,-0.9419590486735078,0.7232199319504264,0.7036255530568016,0.0
0.39705702724066294,-0.2837918606860289,-1.8570142339536193,0.6029429727593371,0.0
0.36498424236843324,-0.7046599818650355,-0.4622604119602596,0.6350157576315667,0.0
0.35065425831917324,-0.7580738177577191,-0.2506007832206847,0.6493457416808268,0.0
0.37931344054464516,-0.5832704933082242,-0.7544980568335113,0.6206865594553548,0.0
0.3545880124586124,-0.5547778403522545,-0.34763852821689295,0.6454119875413876,0.0
0.29637444694319837,-0.9419590486735078,0.7232199319504264,0.7036255530568016,0.0
0.39705702724066294,-0.2837918606860289,-1.8570142339536193,0.6029429727593371,0.0
0.36498424236843324,-0.7046599818650355,-0.4622604119602596,0.6350157576315667,0.0
0.35065425831917324,-0.7580738177577191,-0.2506007832206847,0.6493457416808268,0.0
0.37931344054464516,-0.5832704933082242,-0.7544980568335113,0.6206865594553548,0.0
0.358202319360811,-0.6068851968925529,-0.3874874608732691,0.641797680639189,0.0
0.29637444694319837,-0.9419590486735078,0.7232199319504264,0.7036255530568016,0.0
0.39705702724066294,-0.2837918606860289,-1.8570142339536193,0.6029429727593371,0.0
0.36498424236843324,-0.7046599818650355,-0.4622604119602596,0.6350157576315667,0.0
0.3493352695527192,-0.7715551807894772,-0.20493882500042626,0.6506647304472808,0.0
0.3708752213992095,-0.6347384224155854,-0.6061338924941155,0.6291247786007905,0.0
0.3642580650248841,-0.6201948594450198,-0.4919676483031976,0.6357419349751159,0.0
0.29637444694319837,-0.9419590486735078,0.7232199319504264,0.7036255530568016,0.0
0.39705702724066294,-0.2837918606860289,-1.8570142339536193,0.6029429727593371,0.0
0.3676215819746741,-0.7008534003034599,-0.48280211613694124,0.6323784180253259,0.0
0.3543831383596488,-0.7199609946571287,-0.3796905593787494,0.6456168616403513,0.0
0.37512225897734763,-0.5778102164465404,-0.809043342212878,0.6248777410226524,0.0
0.3642580650248841,-0.6201948594450198,-0.4919676483031976,0.6357419349751159,0.0
